USE vk;

INSERT INTO `users` (`id`, `email`, `phone`, `created_at`, `updated_at`) VALUES (1, 'amos52@example.com', '611.922.1030x77706', '1990-07-05 13:54:16', '1988-08-21 22:02:10');
INSERT INTO `users` (`id`, `email`, `phone`, `created_at`, `updated_at`) VALUES (2, 'johns.albin@example.net', '04085950555', '2018-06-24 01:13:28', '1971-02-27 08:21:14');
INSERT INTO `users` (`id`, `email`, `phone`, `created_at`, `updated_at`) VALUES (3, 'hagenes.elmore@example.org', '125.308.9087x5148', '1975-05-08 10:28:15', '1979-09-22 17:50:49');
INSERT INTO `users` (`id`, `email`, `phone`, `created_at`, `updated_at`) VALUES (4, 'kshanahan@example.net', '1-020-601-7950x1150', '2000-03-24 00:57:26', '1990-09-25 22:34:15');
INSERT INTO `users` (`id`, `email`, `phone`, `created_at`, `updated_at`) VALUES (5, 'justine36@example.com', '1-440-349-6240x844', '1981-02-06 15:41:34', '1993-03-28 01:58:36');
INSERT INTO `users` (`id`, `email`, `phone`, `created_at`, `updated_at`) VALUES (6, 'astark@example.net', '+90(5)7745515643', '1993-07-09 05:08:03', '2016-01-27 22:00:38');
INSERT INTO `users` (`id`, `email`, `phone`, `created_at`, `updated_at`) VALUES (7, 'geoffrey04@example.org', '(423)337-9106', '2000-10-24 01:36:43', '1976-11-16 13:09:04');
INSERT INTO `users` (`id`, `email`, `phone`, `created_at`, `updated_at`) VALUES (8, 'kulas.trycia@example.org', '1-107-964-1232x65161', '1994-02-06 14:04:52', '1990-10-09 02:46:37');
INSERT INTO `users` (`id`, `email`, `phone`, `created_at`, `updated_at`) VALUES (9, 'barney.mclaughlin@example.com', '(124)650-2154x1463', '2002-01-16 11:51:06', '1977-03-16 16:41:29');
INSERT INTO `users` (`id`, `email`, `phone`, `created_at`, `updated_at`) VALUES (10, 'sziemann@example.net', '(490)254-4592', '1975-10-12 12:33:54', '1992-09-15 06:56:03');
INSERT INTO `users` (`id`, `email`, `phone`, `created_at`, `updated_at`) VALUES (11, 'darrell.mohr@example.org', '(813)497-5846x065', '2017-05-10 07:57:07', '2012-09-21 05:59:00');
INSERT INTO `users` (`id`, `email`, `phone`, `created_at`, `updated_at`) VALUES (12, 'vstamm@example.com', '1-284-794-9106x98264', '2011-02-12 13:12:22', '2008-08-08 15:43:29');
INSERT INTO `users` (`id`, `email`, `phone`, `created_at`, `updated_at`) VALUES (13, 'wilma.greenfelder@example.com', '549.187.1793', '1980-05-20 21:28:20', '2020-03-03 11:55:43');
INSERT INTO `users` (`id`, `email`, `phone`, `created_at`, `updated_at`) VALUES (14, 'pkertzmann@example.org', '(897)349-9822x024', '1993-02-01 22:26:29', '2012-07-14 00:56:57');
INSERT INTO `users` (`id`, `email`, `phone`, `created_at`, `updated_at`) VALUES (15, 'jayce06@example.org', '089.295.2187x58155', '2004-04-15 07:13:37', '2020-12-01 10:39:25');
INSERT INTO `users` (`id`, `email`, `phone`, `created_at`, `updated_at`) VALUES (16, 'mschowalter@example.com', '141-127-7858', '2013-04-02 20:20:22', '1985-10-01 17:33:31');
INSERT INTO `users` (`id`, `email`, `phone`, `created_at`, `updated_at`) VALUES (17, 'kristin.brakus@example.net', '(130)627-5151x247', '2013-11-11 09:18:44', '1994-09-23 01:32:35');
INSERT INTO `users` (`id`, `email`, `phone`, `created_at`, `updated_at`) VALUES (18, 'mark73@example.org', '1-363-401-2014', '1995-04-30 00:18:11', '1976-07-12 18:12:21');
INSERT INTO `users` (`id`, `email`, `phone`, `created_at`, `updated_at`) VALUES (19, 'kris.cheyenne@example.com', '(044)540-8216', '1983-05-26 13:21:30', '1975-08-04 08:32:26');
INSERT INTO `users` (`id`, `email`, `phone`, `created_at`, `updated_at`) VALUES (20, 'elda10@example.org', '478-271-0838', '1988-02-07 07:08:59', '1984-10-03 19:55:21');
INSERT INTO `users` (`id`, `email`, `phone`, `created_at`, `updated_at`) VALUES (21, 'betty.cormier@example.org', '535.562.1912', '2005-06-13 06:10:07', '1995-10-24 06:17:20');
INSERT INTO `users` (`id`, `email`, `phone`, `created_at`, `updated_at`) VALUES (22, 'wstoltenberg@example.com', '+27(6)7597206143', '1999-12-02 12:44:23', '1985-08-02 14:31:59');
INSERT INTO `users` (`id`, `email`, `phone`, `created_at`, `updated_at`) VALUES (23, 'richmond.walter@example.com', '1-563-632-4241', '2009-04-16 12:00:00', '2008-10-10 07:50:17');
INSERT INTO `users` (`id`, `email`, `phone`, `created_at`, `updated_at`) VALUES (24, 'gay22@example.com', '409-913-8899', '2018-08-08 16:41:00', '2007-05-08 21:37:16');
INSERT INTO `users` (`id`, `email`, `phone`, `created_at`, `updated_at`) VALUES (25, 'giovani.von@example.org', '1-747-808-4510x352', '1986-10-01 00:36:29', '1976-03-20 00:36:53');
INSERT INTO `users` (`id`, `email`, `phone`, `created_at`, `updated_at`) VALUES (26, 'trowe@example.com', '+56(4)8245690650', '2016-09-05 13:50:00', '2005-09-25 23:22:34');
INSERT INTO `users` (`id`, `email`, `phone`, `created_at`, `updated_at`) VALUES (27, 'crist.angela@example.org', '919-864-5389x6965', '1978-04-19 16:42:51', '2019-03-09 11:20:56');
INSERT INTO `users` (`id`, `email`, `phone`, `created_at`, `updated_at`) VALUES (28, 'lawson99@example.org', '03925533627', '2005-02-21 01:30:15', '2019-05-02 05:52:21');
INSERT INTO `users` (`id`, `email`, `phone`, `created_at`, `updated_at`) VALUES (29, 'werner40@example.com', '+75(3)7550382951', '2021-03-18 03:19:43', '2013-05-28 03:36:23');
INSERT INTO `users` (`id`, `email`, `phone`, `created_at`, `updated_at`) VALUES (30, 'ckuphal@example.net', '532-119-9918x80581', '1973-02-05 20:17:34', '1980-07-30 09:10:36');
INSERT INTO `users` (`id`, `email`, `phone`, `created_at`, `updated_at`) VALUES (31, 'khalid.medhurst@example.com', '(710)198-8557', '1995-06-05 10:33:23', '1989-10-25 19:34:00');
INSERT INTO `users` (`id`, `email`, `phone`, `created_at`, `updated_at`) VALUES (32, 'isai44@example.com', '1-332-463-1893x7130', '1990-04-12 18:47:32', '1995-06-09 06:37:06');
INSERT INTO `users` (`id`, `email`, `phone`, `created_at`, `updated_at`) VALUES (33, 'goldner.esperanza@example.net', '1-296-397-2902x3593', '1971-01-12 00:19:06', '1988-07-10 14:17:07');
INSERT INTO `users` (`id`, `email`, `phone`, `created_at`, `updated_at`) VALUES (34, 'zschinner@example.net', '975-260-5141x8967', '1981-09-26 15:22:45', '1992-06-26 19:38:06');
INSERT INTO `users` (`id`, `email`, `phone`, `created_at`, `updated_at`) VALUES (35, 'carley32@example.com', '(475)495-8877x7740', '2016-02-08 23:33:14', '2000-12-09 14:43:13');
INSERT INTO `users` (`id`, `email`, `phone`, `created_at`, `updated_at`) VALUES (36, 'raleigh.oberbrunner@example.net', '(216)724-5737x1593', '2005-08-17 22:17:24', '1979-10-14 05:20:19');
INSERT INTO `users` (`id`, `email`, `phone`, `created_at`, `updated_at`) VALUES (37, 'daugherty.bryon@example.org', '336.049.1934', '1983-07-18 07:47:41', '1975-03-08 07:50:58');
INSERT INTO `users` (`id`, `email`, `phone`, `created_at`, `updated_at`) VALUES (38, 'fullrich@example.org', '07363549009', '2007-01-07 17:08:05', '1990-08-13 20:16:41');
INSERT INTO `users` (`id`, `email`, `phone`, `created_at`, `updated_at`) VALUES (39, 'plesch@example.org', '856.189.1269x550', '1977-08-25 02:16:45', '1993-08-07 12:53:56');
INSERT INTO `users` (`id`, `email`, `phone`, `created_at`, `updated_at`) VALUES (40, 'd\'amore.cyrus@example.org', '1-033-953-4395x825', '2018-03-27 10:05:31', '1986-08-11 10:32:47');
INSERT INTO `users` (`id`, `email`, `phone`, `created_at`, `updated_at`) VALUES (41, 'pmclaughlin@example.com', '884.057.0094x43385', '1984-09-05 15:40:28', '1982-04-04 14:34:22');
INSERT INTO `users` (`id`, `email`, `phone`, `created_at`, `updated_at`) VALUES (42, 'fatima26@example.org', '(633)157-8976x45650', '2020-12-14 23:32:09', '1979-02-08 02:07:49');
INSERT INTO `users` (`id`, `email`, `phone`, `created_at`, `updated_at`) VALUES (43, 'lavina.labadie@example.org', '317-135-8707x91414', '1992-11-06 03:41:30', '1985-02-01 01:51:20');
INSERT INTO `users` (`id`, `email`, `phone`, `created_at`, `updated_at`) VALUES (44, 'ondricka.kane@example.com', '1-035-952-1458', '2017-11-11 08:18:48', '1995-04-23 03:12:09');
INSERT INTO `users` (`id`, `email`, `phone`, `created_at`, `updated_at`) VALUES (45, 'caterina07@example.org', '(288)475-7590', '1987-08-15 10:45:16', '1972-11-06 17:08:42');
INSERT INTO `users` (`id`, `email`, `phone`, `created_at`, `updated_at`) VALUES (46, 'kirlin.carmelo@example.org', '04055753014', '1988-02-27 03:13:22', '2016-08-08 07:44:26');
INSERT INTO `users` (`id`, `email`, `phone`, `created_at`, `updated_at`) VALUES (47, 'heathcote.maximilian@example.org', '728-733-0267', '1985-12-01 05:21:13', '1973-12-05 17:31:41');
INSERT INTO `users` (`id`, `email`, `phone`, `created_at`, `updated_at`) VALUES (48, 'hmorissette@example.com', '733-833-8749x265', '1973-11-20 02:55:06', '2010-11-02 22:35:41');
INSERT INTO `users` (`id`, `email`, `phone`, `created_at`, `updated_at`) VALUES (49, 'vincenza.jerde@example.org', '(791)893-1004x14698', '2008-11-16 21:04:42', '1997-08-04 16:52:31');
INSERT INTO `users` (`id`, `email`, `phone`, `created_at`, `updated_at`) VALUES (50, 'wdenesik@example.org', '+56(3)1715257834', '1978-12-12 06:25:56', '1986-07-08 10:18:23');
INSERT INTO `users` (`id`, `email`, `phone`, `created_at`, `updated_at`) VALUES (51, 'chasity.rutherford@example.net', '1-247-315-5757x11140', '2015-09-28 20:48:52', '2020-08-02 00:40:44');
INSERT INTO `users` (`id`, `email`, `phone`, `created_at`, `updated_at`) VALUES (52, 'lamont40@example.com', '(836)159-6518x726', '1971-06-26 19:37:10', '1989-07-10 10:59:12');
INSERT INTO `users` (`id`, `email`, `phone`, `created_at`, `updated_at`) VALUES (53, 'barton.liam@example.org', '292-191-6876', '1997-03-06 10:14:30', '1992-02-29 22:13:15');
INSERT INTO `users` (`id`, `email`, `phone`, `created_at`, `updated_at`) VALUES (54, 'ezra59@example.net', '1-892-926-3340x415', '1998-12-18 18:50:08', '2002-04-28 22:08:32');
INSERT INTO `users` (`id`, `email`, `phone`, `created_at`, `updated_at`) VALUES (55, 'arne77@example.net', '638.905.1322', '2006-06-20 03:03:48', '1994-08-18 14:53:35');
INSERT INTO `users` (`id`, `email`, `phone`, `created_at`, `updated_at`) VALUES (56, 'zion79@example.org', '(942)201-0497x68319', '2008-03-22 15:35:35', '2003-02-12 17:19:55');
INSERT INTO `users` (`id`, `email`, `phone`, `created_at`, `updated_at`) VALUES (57, 'barton.may@example.com', '577-287-6577x197', '1984-01-09 19:58:29', '2011-12-07 21:48:40');
INSERT INTO `users` (`id`, `email`, `phone`, `created_at`, `updated_at`) VALUES (58, 'marshall35@example.org', '+27(0)6512731017', '1972-07-20 19:30:53', '2010-07-06 09:52:09');
INSERT INTO `users` (`id`, `email`, `phone`, `created_at`, `updated_at`) VALUES (59, 'joana.windler@example.net', '1-586-821-9936', '1978-02-28 11:09:39', '1985-04-07 13:27:56');
INSERT INTO `users` (`id`, `email`, `phone`, `created_at`, `updated_at`) VALUES (60, 'braulio.reichel@example.net', '+65(0)2054030655', '2000-01-01 10:13:25', '1992-08-20 12:36:37');
INSERT INTO `users` (`id`, `email`, `phone`, `created_at`, `updated_at`) VALUES (61, 'greenholt.skyla@example.com', '1-634-415-0996x7146', '2011-10-02 09:39:26', '2005-04-21 22:01:09');
INSERT INTO `users` (`id`, `email`, `phone`, `created_at`, `updated_at`) VALUES (62, 'lavonne32@example.org', '267-190-4258x9389', '2008-03-15 19:46:57', '2012-01-28 15:41:23');
INSERT INTO `users` (`id`, `email`, `phone`, `created_at`, `updated_at`) VALUES (63, 'pgerhold@example.org', '1-149-505-5605x75445', '2020-05-31 17:40:09', '1976-03-26 20:14:41');
INSERT INTO `users` (`id`, `email`, `phone`, `created_at`, `updated_at`) VALUES (64, 'rharvey@example.org', '974-230-9053x55969', '2020-02-22 11:34:41', '1988-02-11 04:43:31');
INSERT INTO `users` (`id`, `email`, `phone`, `created_at`, `updated_at`) VALUES (65, 'idell.mclaughlin@example.net', '1-097-447-8383', '2000-04-18 22:20:50', '1979-12-28 21:22:51');
INSERT INTO `users` (`id`, `email`, `phone`, `created_at`, `updated_at`) VALUES (66, 'edgardo.miller@example.com', '1-641-144-9858', '1972-01-06 18:16:32', '1975-02-22 01:24:32');
INSERT INTO `users` (`id`, `email`, `phone`, `created_at`, `updated_at`) VALUES (67, 'rhianna.kilback@example.org', '1-833-311-2311x31283', '1991-11-19 10:31:23', '2006-07-21 00:10:57');
INSERT INTO `users` (`id`, `email`, `phone`, `created_at`, `updated_at`) VALUES (68, 'keegan22@example.org', '391-808-1042x4673', '2003-09-29 17:13:48', '1989-10-28 08:55:28');
INSERT INTO `users` (`id`, `email`, `phone`, `created_at`, `updated_at`) VALUES (69, 'sschmeler@example.net', '1-918-243-4654', '2004-10-28 20:40:09', '2012-03-29 16:29:12');
INSERT INTO `users` (`id`, `email`, `phone`, `created_at`, `updated_at`) VALUES (70, 'bette78@example.com', '1-342-280-1779x151', '1993-04-08 02:46:16', '1978-05-30 02:03:42');
INSERT INTO `users` (`id`, `email`, `phone`, `created_at`, `updated_at`) VALUES (71, 'jo\'conner@example.com', '415.268.5401x140', '2007-06-05 12:24:22', '1984-08-26 19:02:14');
INSERT INTO `users` (`id`, `email`, `phone`, `created_at`, `updated_at`) VALUES (72, 'rwilderman@example.net', '939.757.5574x7878', '1979-02-07 01:02:26', '1996-10-02 17:49:54');
INSERT INTO `users` (`id`, `email`, `phone`, `created_at`, `updated_at`) VALUES (73, 'jones.breanna@example.com', '(560)341-0546x550', '1989-10-22 01:28:13', '1996-01-25 12:24:50');
INSERT INTO `users` (`id`, `email`, `phone`, `created_at`, `updated_at`) VALUES (74, 'vonrueden.billie@example.net', '099-960-5728', '1981-12-14 04:33:04', '2014-04-09 07:26:13');
INSERT INTO `users` (`id`, `email`, `phone`, `created_at`, `updated_at`) VALUES (75, 'alvah45@example.com', '1-857-932-5903', '1992-10-04 18:15:08', '1970-09-22 23:06:37');
INSERT INTO `users` (`id`, `email`, `phone`, `created_at`, `updated_at`) VALUES (76, 'qcole@example.net', '1-837-699-4398x2245', '1975-04-12 01:36:26', '1997-05-18 18:08:19');
INSERT INTO `users` (`id`, `email`, `phone`, `created_at`, `updated_at`) VALUES (77, 'flavio.reilly@example.com', '03638267029', '1973-07-16 15:40:55', '1975-11-23 09:28:19');
INSERT INTO `users` (`id`, `email`, `phone`, `created_at`, `updated_at`) VALUES (78, 'balistreri.crystel@example.com', '(901)139-3535x669', '1973-03-28 01:52:25', '1982-02-17 09:57:11');
INSERT INTO `users` (`id`, `email`, `phone`, `created_at`, `updated_at`) VALUES (79, 'morris47@example.net', '195.664.5334', '1975-08-25 06:12:38', '1991-09-12 01:48:54');
INSERT INTO `users` (`id`, `email`, `phone`, `created_at`, `updated_at`) VALUES (80, 'margarita69@example.com', '1-769-119-6506', '2008-07-24 13:22:59', '2021-06-25 20:45:32');
INSERT INTO `users` (`id`, `email`, `phone`, `created_at`, `updated_at`) VALUES (81, 'dwelch@example.org', '416-899-9631x507', '2003-01-02 01:38:05', '2001-10-23 07:00:05');
INSERT INTO `users` (`id`, `email`, `phone`, `created_at`, `updated_at`) VALUES (82, 'caden.ankunding@example.net', '344.881.9261', '1972-01-11 02:43:25', '1975-06-15 12:52:11');
INSERT INTO `users` (`id`, `email`, `phone`, `created_at`, `updated_at`) VALUES (83, 'brooklyn.gerhold@example.com', '425-637-5323', '2018-01-07 21:30:15', '2003-09-25 19:39:14');
INSERT INTO `users` (`id`, `email`, `phone`, `created_at`, `updated_at`) VALUES (84, 'schuster.kaci@example.org', '948-228-7375x90097', '2014-07-05 06:54:43', '2006-10-30 18:41:09');
INSERT INTO `users` (`id`, `email`, `phone`, `created_at`, `updated_at`) VALUES (85, 'gina73@example.net', '01283465345', '1985-05-14 02:25:16', '1988-02-28 04:26:12');
INSERT INTO `users` (`id`, `email`, `phone`, `created_at`, `updated_at`) VALUES (86, 'ludie.cole@example.net', '1-052-609-3329x38961', '2004-04-27 13:10:43', '1987-07-06 15:57:11');
INSERT INTO `users` (`id`, `email`, `phone`, `created_at`, `updated_at`) VALUES (87, 'esmeralda.mraz@example.net', '+34(1)2337410661', '1985-09-06 12:11:28', '2002-04-24 05:59:19');
INSERT INTO `users` (`id`, `email`, `phone`, `created_at`, `updated_at`) VALUES (88, 'psmith@example.com', '121.816.5552x844', '1990-01-21 21:34:07', '1978-12-18 06:23:18');
INSERT INTO `users` (`id`, `email`, `phone`, `created_at`, `updated_at`) VALUES (89, 'lwalker@example.com', '1-327-726-0681x1870', '2011-10-25 13:31:56', '2013-04-01 11:58:16');
INSERT INTO `users` (`id`, `email`, `phone`, `created_at`, `updated_at`) VALUES (90, 'lprohaska@example.org', '01701969661', '1994-04-15 02:40:30', '1996-07-10 20:57:10');
INSERT INTO `users` (`id`, `email`, `phone`, `created_at`, `updated_at`) VALUES (91, 'maria.frami@example.org', '+63(7)1652452639', '1987-07-16 01:21:32', '1993-10-06 02:23:59');
INSERT INTO `users` (`id`, `email`, `phone`, `created_at`, `updated_at`) VALUES (92, 'lemuel.white@example.com', '(915)194-7150', '1992-07-29 23:04:58', '1983-12-11 21:32:23');
INSERT INTO `users` (`id`, `email`, `phone`, `created_at`, `updated_at`) VALUES (93, 'jerod.ratke@example.com', '1-196-177-6199', '2001-03-01 22:53:30', '1985-11-22 07:54:05');
INSERT INTO `users` (`id`, `email`, `phone`, `created_at`, `updated_at`) VALUES (94, 'nicholas56@example.net', '+93(5)0893906223', '2000-11-18 11:20:39', '2004-09-08 04:41:25');
INSERT INTO `users` (`id`, `email`, `phone`, `created_at`, `updated_at`) VALUES (95, 'vonrueden.kenyon@example.org', '1-815-439-6365x264', '2000-06-24 18:23:15', '2006-11-06 22:22:22');
INSERT INTO `users` (`id`, `email`, `phone`, `created_at`, `updated_at`) VALUES (96, 'stephon.howell@example.org', '590-899-6297', '1989-04-21 05:31:47', '2021-01-31 23:12:56');
INSERT INTO `users` (`id`, `email`, `phone`, `created_at`, `updated_at`) VALUES (97, 'eskiles@example.org', '327.415.5539x867', '1985-02-09 16:21:01', '1999-08-24 00:52:34');
INSERT INTO `users` (`id`, `email`, `phone`, `created_at`, `updated_at`) VALUES (98, 'pbahringer@example.org', '1-352-492-5204x7080', '1984-09-06 01:29:31', '1997-05-15 11:58:16');
INSERT INTO `users` (`id`, `email`, `phone`, `created_at`, `updated_at`) VALUES (99, 'little.antonetta@example.com', '(184)499-3460', '2014-08-04 14:20:23', '2011-11-08 01:48:18');
INSERT INTO `users` (`id`, `email`, `phone`, `created_at`, `updated_at`) VALUES (100, 'ashly.renner@example.net', '(727)777-3610', '1984-03-10 03:06:38', '2017-10-21 19:56:30');

INSERT INTO `communities` (`id`, `name`, `created_at`, `updated_at`) VALUES (1, 'at', '2001-09-11 23:38:25', '2006-09-27 22:40:58');
INSERT INTO `communities` (`id`, `name`, `created_at`, `updated_at`) VALUES (2, 'deserunt', '2011-03-29 11:22:46', '1985-09-14 14:20:54');
INSERT INTO `communities` (`id`, `name`, `created_at`, `updated_at`) VALUES (3, 'vel', '2014-06-30 08:40:30', '1970-04-05 09:01:49');
INSERT INTO `communities` (`id`, `name`, `created_at`, `updated_at`) VALUES (4, 'dolor', '1972-05-21 16:59:32', '1993-09-11 10:49:33');
INSERT INTO `communities` (`id`, `name`, `created_at`, `updated_at`) VALUES (5, 'voluptate', '2012-08-29 15:02:47', '1991-07-26 18:18:48');
INSERT INTO `communities` (`id`, `name`, `created_at`, `updated_at`) VALUES (6, 'possimus', '1990-07-12 05:37:30', '2002-01-04 20:46:51');
INSERT INTO `communities` (`id`, `name`, `created_at`, `updated_at`) VALUES (7, 'in', '2003-07-21 19:08:35', '2017-12-19 08:20:35');
INSERT INTO `communities` (`id`, `name`, `created_at`, `updated_at`) VALUES (8, 'quis', '1974-11-27 12:34:27', '2015-11-30 02:23:09');
INSERT INTO `communities` (`id`, `name`, `created_at`, `updated_at`) VALUES (9, 'perferendis', '1990-12-18 19:55:22', '1989-07-18 14:55:03');
INSERT INTO `communities` (`id`, `name`, `created_at`, `updated_at`) VALUES (10, 'facilis', '1999-05-10 15:58:18', '1999-06-21 05:02:56');
INSERT INTO `communities` (`id`, `name`, `created_at`, `updated_at`) VALUES (11, 'et', '1999-03-09 06:15:30', '1997-05-23 17:44:12');
INSERT INTO `communities` (`id`, `name`, `created_at`, `updated_at`) VALUES (12, 'laborum', '1988-11-13 07:27:28', '1990-02-12 15:07:53');
INSERT INTO `communities` (`id`, `name`, `created_at`, `updated_at`) VALUES (13, 'earum', '2009-11-27 18:03:26', '1989-02-01 05:26:46');
INSERT INTO `communities` (`id`, `name`, `created_at`, `updated_at`) VALUES (14, 'rerum', '2008-05-24 20:34:08', '2009-10-02 16:44:51');
INSERT INTO `communities` (`id`, `name`, `created_at`, `updated_at`) VALUES (15, 'impedit', '1984-03-26 09:09:12', '2009-10-15 05:39:35');
INSERT INTO `communities` (`id`, `name`, `created_at`, `updated_at`) VALUES (16, 'ut', '1994-05-06 04:58:50', '2012-05-12 15:57:49');
INSERT INTO `communities` (`id`, `name`, `created_at`, `updated_at`) VALUES (17, 'hic', '1981-12-14 20:52:21', '1979-12-01 11:10:18');
INSERT INTO `communities` (`id`, `name`, `created_at`, `updated_at`) VALUES (18, 'ipsum', '1988-05-29 19:01:36', '2003-08-25 04:22:06');
INSERT INTO `communities` (`id`, `name`, `created_at`, `updated_at`) VALUES (19, 'consectetur', '1997-06-26 20:59:42', '1978-06-28 05:03:15');
INSERT INTO `communities` (`id`, `name`, `created_at`, `updated_at`) VALUES (20, 'praesentium', '2009-04-16 20:47:16', '2008-07-12 17:09:02');
INSERT INTO `communities` (`id`, `name`, `created_at`, `updated_at`) VALUES (21, 'quo', '2008-11-11 15:14:26', '2011-09-03 19:54:07');
INSERT INTO `communities` (`id`, `name`, `created_at`, `updated_at`) VALUES (22, 'aspernatur', '1984-09-19 03:22:45', '2020-07-06 23:46:33');
INSERT INTO `communities` (`id`, `name`, `created_at`, `updated_at`) VALUES (23, 'repellendus', '1992-04-07 17:29:32', '1975-06-07 14:32:39');
INSERT INTO `communities` (`id`, `name`, `created_at`, `updated_at`) VALUES (24, 'aut', '1985-06-17 14:10:50', '2003-11-28 10:54:01');
INSERT INTO `communities` (`id`, `name`, `created_at`, `updated_at`) VALUES (25, 'quod', '2005-05-06 12:56:09', '2016-10-06 10:05:47');
INSERT INTO `communities` (`id`, `name`, `created_at`, `updated_at`) VALUES (26, 'soluta', '1976-11-12 10:53:59', '2012-06-29 01:29:21');
INSERT INTO `communities` (`id`, `name`, `created_at`, `updated_at`) VALUES (27, 'non', '1985-08-15 13:12:51', '2008-12-15 19:24:32');
INSERT INTO `communities` (`id`, `name`, `created_at`, `updated_at`) VALUES (28, 'id', '1981-12-09 00:49:58', '2018-07-16 16:50:30');
INSERT INTO `communities` (`id`, `name`, `created_at`, `updated_at`) VALUES (29, 'voluptatem', '2008-03-17 04:19:45', '1972-06-06 08:27:30');
INSERT INTO `communities` (`id`, `name`, `created_at`, `updated_at`) VALUES (30, 'vitae', '2014-04-17 18:49:43', '1990-01-20 11:51:42');
INSERT INTO `communities` (`id`, `name`, `created_at`, `updated_at`) VALUES (31, 'illum', '1986-02-01 09:53:30', '1981-10-16 01:04:49');
INSERT INTO `communities` (`id`, `name`, `created_at`, `updated_at`) VALUES (32, 'dignissimos', '2001-04-02 14:44:04', '2016-07-15 14:15:19');
INSERT INTO `communities` (`id`, `name`, `created_at`, `updated_at`) VALUES (33, 'dolores', '2014-05-10 00:57:03', '2013-07-06 10:09:16');
INSERT INTO `communities` (`id`, `name`, `created_at`, `updated_at`) VALUES (34, 'odio', '1999-03-29 17:57:33', '2009-07-09 04:35:25');
INSERT INTO `communities` (`id`, `name`, `created_at`, `updated_at`) VALUES (35, 'delectus', '2017-04-20 01:54:42', '2000-12-30 13:41:29');
INSERT INTO `communities` (`id`, `name`, `created_at`, `updated_at`) VALUES (36, 'labore', '1994-10-11 23:26:43', '2001-10-20 15:53:45');
INSERT INTO `communities` (`id`, `name`, `created_at`, `updated_at`) VALUES (37, 'corporis', '1973-04-09 11:04:53', '1985-08-11 10:19:22');
INSERT INTO `communities` (`id`, `name`, `created_at`, `updated_at`) VALUES (38, 'voluptas', '1995-07-23 22:09:02', '2019-08-28 08:43:34');
INSERT INTO `communities` (`id`, `name`, `created_at`, `updated_at`) VALUES (39, 'cupiditate', '1992-03-24 19:49:58', '1979-03-27 08:40:39');
INSERT INTO `communities` (`id`, `name`, `created_at`, `updated_at`) VALUES (40, 'rem', '1996-12-07 13:04:07', '2011-01-13 16:47:57');
INSERT INTO `communities` (`id`, `name`, `created_at`, `updated_at`) VALUES (41, 'nostrum', '2005-10-31 16:04:15', '2005-04-29 12:06:51');
INSERT INTO `communities` (`id`, `name`, `created_at`, `updated_at`) VALUES (42, 'fuga', '1984-03-24 14:52:34', '2004-10-07 21:44:05');
INSERT INTO `communities` (`id`, `name`, `created_at`, `updated_at`) VALUES (43, 'culpa', '1974-05-25 17:07:04', '1995-06-09 12:04:43');
INSERT INTO `communities` (`id`, `name`, `created_at`, `updated_at`) VALUES (44, 'tempora', '2020-08-15 03:29:02', '2005-09-30 04:14:55');
INSERT INTO `communities` (`id`, `name`, `created_at`, `updated_at`) VALUES (45, 'dolore', '1994-02-28 12:52:48', '2007-02-28 04:37:22');
INSERT INTO `communities` (`id`, `name`, `created_at`, `updated_at`) VALUES (46, 'provident', '2013-06-28 11:12:27', '1987-06-15 00:40:03');
INSERT INTO `communities` (`id`, `name`, `created_at`, `updated_at`) VALUES (47, 'expedita', '2007-04-30 12:24:05', '1993-12-22 07:39:12');
INSERT INTO `communities` (`id`, `name`, `created_at`, `updated_at`) VALUES (48, 'eum', '2015-12-03 17:52:31', '1992-05-05 23:32:16');
INSERT INTO `communities` (`id`, `name`, `created_at`, `updated_at`) VALUES (49, 'dolorem', '2003-12-18 22:35:58', '2005-02-14 21:28:49');
INSERT INTO `communities` (`id`, `name`, `created_at`, `updated_at`) VALUES (50, 'necessitatibus', '2003-11-09 15:57:53', '1992-06-04 22:20:08');
INSERT INTO `communities` (`id`, `name`, `created_at`, `updated_at`) VALUES (51, 'officiis', '2004-02-13 10:55:58', '1990-07-12 20:00:45');
INSERT INTO `communities` (`id`, `name`, `created_at`, `updated_at`) VALUES (52, 'odit', '2018-06-14 13:55:43', '1979-08-06 06:53:06');
INSERT INTO `communities` (`id`, `name`, `created_at`, `updated_at`) VALUES (53, 'consequuntur', '2017-10-06 02:58:05', '2013-10-26 22:31:08');
INSERT INTO `communities` (`id`, `name`, `created_at`, `updated_at`) VALUES (54, 'autem', '1976-09-27 07:04:40', '2006-04-12 13:59:06');
INSERT INTO `communities` (`id`, `name`, `created_at`, `updated_at`) VALUES (55, 'placeat', '1975-08-26 08:12:52', '2006-02-26 11:55:04');
INSERT INTO `communities` (`id`, `name`, `created_at`, `updated_at`) VALUES (56, 'sed', '1989-09-03 14:05:02', '2019-12-23 09:43:36');
INSERT INTO `communities` (`id`, `name`, `created_at`, `updated_at`) VALUES (57, 'porro', '1998-10-29 03:24:46', '1976-05-31 09:43:24');
INSERT INTO `communities` (`id`, `name`, `created_at`, `updated_at`) VALUES (58, 'nisi', '2007-07-29 18:28:47', '2000-01-12 16:31:32');
INSERT INTO `communities` (`id`, `name`, `created_at`, `updated_at`) VALUES (59, 'numquam', '1982-04-23 13:24:05', '1988-04-12 14:18:50');
INSERT INTO `communities` (`id`, `name`, `created_at`, `updated_at`) VALUES (60, 'molestiae', '2006-04-21 06:59:39', '1980-09-06 07:02:26');
INSERT INTO `communities` (`id`, `name`, `created_at`, `updated_at`) VALUES (61, 'temporibus', '2000-03-31 10:09:26', '2018-07-13 08:28:39');
INSERT INTO `communities` (`id`, `name`, `created_at`, `updated_at`) VALUES (62, 'pariatur', '2019-08-08 08:03:15', '1984-04-17 20:53:53');
INSERT INTO `communities` (`id`, `name`, `created_at`, `updated_at`) VALUES (63, 'quia', '1994-10-23 01:14:40', '1992-11-20 04:08:13');
INSERT INTO `communities` (`id`, `name`, `created_at`, `updated_at`) VALUES (64, 'sint', '1970-06-16 13:32:19', '2021-03-06 02:17:29');
INSERT INTO `communities` (`id`, `name`, `created_at`, `updated_at`) VALUES (65, 'magnam', '1978-08-24 13:53:40', '1978-04-14 12:25:29');
INSERT INTO `communities` (`id`, `name`, `created_at`, `updated_at`) VALUES (66, 'aliquid', '2018-11-28 14:21:33', '1975-02-13 00:55:33');
INSERT INTO `communities` (`id`, `name`, `created_at`, `updated_at`) VALUES (67, 'commodi', '1994-11-28 06:16:55', '2006-08-14 22:39:00');
INSERT INTO `communities` (`id`, `name`, `created_at`, `updated_at`) VALUES (68, 'mollitia', '1976-07-04 17:39:18', '2012-11-02 16:32:47');
INSERT INTO `communities` (`id`, `name`, `created_at`, `updated_at`) VALUES (69, 'aliquam', '2004-02-08 04:43:02', '1980-11-18 07:09:46');
INSERT INTO `communities` (`id`, `name`, `created_at`, `updated_at`) VALUES (70, 'velit', '2020-08-23 06:52:14', '1989-03-06 06:33:23');
INSERT INTO `communities` (`id`, `name`, `created_at`, `updated_at`) VALUES (71, 'consequatur', '1974-05-16 15:00:55', '1990-12-01 18:58:38');
INSERT INTO `communities` (`id`, `name`, `created_at`, `updated_at`) VALUES (72, 'omnis', '1996-09-14 14:47:30', '2015-09-05 22:07:32');
INSERT INTO `communities` (`id`, `name`, `created_at`, `updated_at`) VALUES (73, 'repudiandae', '1989-12-25 17:40:59', '2012-07-03 00:36:14');
INSERT INTO `communities` (`id`, `name`, `created_at`, `updated_at`) VALUES (74, 'reprehenderit', '2003-01-04 07:09:13', '2013-08-17 15:51:10');
INSERT INTO `communities` (`id`, `name`, `created_at`, `updated_at`) VALUES (75, 'doloribus', '2008-02-19 07:58:53', '1973-03-06 06:54:06');
INSERT INTO `communities` (`id`, `name`, `created_at`, `updated_at`) VALUES (76, 'architecto', '2006-04-02 06:44:37', '2001-10-16 14:40:39');
INSERT INTO `communities` (`id`, `name`, `created_at`, `updated_at`) VALUES (77, 'qui', '2013-12-05 06:09:40', '1970-06-26 08:13:27');
INSERT INTO `communities` (`id`, `name`, `created_at`, `updated_at`) VALUES (78, 'ex', '1995-03-10 03:06:58', '2016-02-20 19:53:22');
INSERT INTO `communities` (`id`, `name`, `created_at`, `updated_at`) VALUES (79, 'ipsa', '2014-08-31 22:04:29', '1983-06-29 23:37:31');
INSERT INTO `communities` (`id`, `name`, `created_at`, `updated_at`) VALUES (80, 'debitis', '1997-05-17 20:06:42', '1995-02-02 10:41:52');
INSERT INTO `communities` (`id`, `name`, `created_at`, `updated_at`) VALUES (81, 'reiciendis', '1973-11-09 23:48:59', '1986-11-12 19:45:48');
INSERT INTO `communities` (`id`, `name`, `created_at`, `updated_at`) VALUES (82, 'modi', '1974-12-02 11:25:20', '1987-05-22 12:03:18');
INSERT INTO `communities` (`id`, `name`, `created_at`, `updated_at`) VALUES (83, 'libero', '2016-06-02 06:14:58', '1979-07-27 17:10:41');
INSERT INTO `communities` (`id`, `name`, `created_at`, `updated_at`) VALUES (84, 'quae', '2010-07-03 11:36:49', '1978-12-14 10:51:40');
INSERT INTO `communities` (`id`, `name`, `created_at`, `updated_at`) VALUES (85, 'perspiciatis', '2000-07-31 20:14:17', '1980-05-01 08:08:47');
INSERT INTO `communities` (`id`, `name`, `created_at`, `updated_at`) VALUES (86, 'quibusdam', '2009-05-08 08:55:55', '1997-11-28 04:59:37');
INSERT INTO `communities` (`id`, `name`, `created_at`, `updated_at`) VALUES (87, 'eligendi', '2017-05-08 02:27:30', '1990-11-09 20:44:22');
INSERT INTO `communities` (`id`, `name`, `created_at`, `updated_at`) VALUES (88, 'harum', '2016-07-22 08:20:38', '1979-12-03 13:07:52');
INSERT INTO `communities` (`id`, `name`, `created_at`, `updated_at`) VALUES (89, 'enim', '1981-04-21 11:50:57', '1993-02-13 18:22:22');
INSERT INTO `communities` (`id`, `name`, `created_at`, `updated_at`) VALUES (90, 'vero', '1984-12-30 17:07:30', '2009-08-13 07:44:15');
INSERT INTO `communities` (`id`, `name`, `created_at`, `updated_at`) VALUES (91, 'magni', '1979-12-08 06:22:10', '2014-08-06 08:01:31');
INSERT INTO `communities` (`id`, `name`, `created_at`, `updated_at`) VALUES (92, 'quas', '1978-12-12 10:22:52', '2011-11-02 08:20:15');
INSERT INTO `communities` (`id`, `name`, `created_at`, `updated_at`) VALUES (93, 'exercitationem', '1986-12-12 04:06:07', '2002-03-27 05:37:56');
INSERT INTO `communities` (`id`, `name`, `created_at`, `updated_at`) VALUES (94, 'ad', '1975-07-09 17:29:20', '1994-04-11 17:50:26');
INSERT INTO `communities` (`id`, `name`, `created_at`, `updated_at`) VALUES (95, 'sapiente', '2010-11-08 07:46:23', '2014-08-28 08:56:08');
INSERT INTO `communities` (`id`, `name`, `created_at`, `updated_at`) VALUES (96, 'facere', '1995-01-01 05:47:52', '2004-12-31 04:54:14');
INSERT INTO `communities` (`id`, `name`, `created_at`, `updated_at`) VALUES (97, 'alias', '2007-10-22 10:20:42', '2013-08-16 06:23:28');
INSERT INTO `communities` (`id`, `name`, `created_at`, `updated_at`) VALUES (98, 'explicabo', '1981-01-25 12:16:49', '1977-06-22 01:22:53');
INSERT INTO `communities` (`id`, `name`, `created_at`, `updated_at`) VALUES (99, 'quaerat', '1996-07-21 07:50:37', '1987-11-16 08:36:15');
INSERT INTO `communities` (`id`, `name`, `created_at`, `updated_at`) VALUES (100, 'officia', '1981-09-22 18:52:28', '1991-11-07 14:42:37');

INSERT INTO `communities_users` (`community_id`, `user_id`, `created_at`) VALUES (1, 47, '1970-03-08 08:18:44');
INSERT INTO `communities_users` (`community_id`, `user_id`, `created_at`) VALUES (1, 52, '2006-03-20 14:05:33');
INSERT INTO `communities_users` (`community_id`, `user_id`, `created_at`) VALUES (1, 55, '1973-05-12 03:06:25');
INSERT INTO `communities_users` (`community_id`, `user_id`, `created_at`) VALUES (2, 60, '1997-08-25 13:32:42');
INSERT INTO `communities_users` (`community_id`, `user_id`, `created_at`) VALUES (2, 83, '2010-10-30 16:52:35');
INSERT INTO `communities_users` (`community_id`, `user_id`, `created_at`) VALUES (3, 33, '1989-05-15 11:09:19');
INSERT INTO `communities_users` (`community_id`, `user_id`, `created_at`) VALUES (3, 64, '1995-12-26 02:32:25');
INSERT INTO `communities_users` (`community_id`, `user_id`, `created_at`) VALUES (4, 33, '2004-12-24 05:31:03');
INSERT INTO `communities_users` (`community_id`, `user_id`, `created_at`) VALUES (4, 69, '1977-07-28 23:33:12');
INSERT INTO `communities_users` (`community_id`, `user_id`, `created_at`) VALUES (4, 77, '2012-12-24 18:53:56');
INSERT INTO `communities_users` (`community_id`, `user_id`, `created_at`) VALUES (4, 78, '2013-12-16 06:46:42');
INSERT INTO `communities_users` (`community_id`, `user_id`, `created_at`) VALUES (5, 52, '1989-08-16 13:28:12');
INSERT INTO `communities_users` (`community_id`, `user_id`, `created_at`) VALUES (5, 68, '1988-02-26 07:59:45');
INSERT INTO `communities_users` (`community_id`, `user_id`, `created_at`) VALUES (6, 58, '2012-04-16 23:50:48');
INSERT INTO `communities_users` (`community_id`, `user_id`, `created_at`) VALUES (6, 64, '1973-11-06 13:47:24');
INSERT INTO `communities_users` (`community_id`, `user_id`, `created_at`) VALUES (7, 87, '2010-01-18 04:27:11');
INSERT INTO `communities_users` (`community_id`, `user_id`, `created_at`) VALUES (7, 95, '2001-07-17 01:49:33');
INSERT INTO `communities_users` (`community_id`, `user_id`, `created_at`) VALUES (8, 78, '1974-07-18 16:42:17');
INSERT INTO `communities_users` (`community_id`, `user_id`, `created_at`) VALUES (8, 84, '1980-05-31 08:23:41');
INSERT INTO `communities_users` (`community_id`, `user_id`, `created_at`) VALUES (9, 11, '1984-03-30 07:31:02');
INSERT INTO `communities_users` (`community_id`, `user_id`, `created_at`) VALUES (9, 36, '1990-07-02 15:32:57');
INSERT INTO `communities_users` (`community_id`, `user_id`, `created_at`) VALUES (9, 91, '2000-01-02 15:32:48');
INSERT INTO `communities_users` (`community_id`, `user_id`, `created_at`) VALUES (10, 9, '1988-03-21 14:39:47');
INSERT INTO `communities_users` (`community_id`, `user_id`, `created_at`) VALUES (10, 76, '2004-01-17 02:26:13');
INSERT INTO `communities_users` (`community_id`, `user_id`, `created_at`) VALUES (11, 23, '2013-01-21 18:04:37');
INSERT INTO `communities_users` (`community_id`, `user_id`, `created_at`) VALUES (11, 33, '1997-06-25 13:31:57');
INSERT INTO `communities_users` (`community_id`, `user_id`, `created_at`) VALUES (12, 78, '1995-03-07 20:28:37');
INSERT INTO `communities_users` (`community_id`, `user_id`, `created_at`) VALUES (13, 66, '2001-09-22 16:04:27');
INSERT INTO `communities_users` (`community_id`, `user_id`, `created_at`) VALUES (15, 2, '1985-09-17 01:14:01');
INSERT INTO `communities_users` (`community_id`, `user_id`, `created_at`) VALUES (15, 12, '2003-03-27 21:39:26');
INSERT INTO `communities_users` (`community_id`, `user_id`, `created_at`) VALUES (15, 30, '2007-09-01 18:52:40');
INSERT INTO `communities_users` (`community_id`, `user_id`, `created_at`) VALUES (16, 54, '2014-12-27 06:38:59');
INSERT INTO `communities_users` (`community_id`, `user_id`, `created_at`) VALUES (16, 73, '1983-10-14 02:02:01');
INSERT INTO `communities_users` (`community_id`, `user_id`, `created_at`) VALUES (17, 23, '1992-10-26 17:18:12');
INSERT INTO `communities_users` (`community_id`, `user_id`, `created_at`) VALUES (17, 53, '1979-07-28 06:30:37');
INSERT INTO `communities_users` (`community_id`, `user_id`, `created_at`) VALUES (18, 94, '1986-04-23 16:54:22');
INSERT INTO `communities_users` (`community_id`, `user_id`, `created_at`) VALUES (19, 75, '1999-10-15 00:17:28');
INSERT INTO `communities_users` (`community_id`, `user_id`, `created_at`) VALUES (20, 54, '2000-06-06 17:28:43');
INSERT INTO `communities_users` (`community_id`, `user_id`, `created_at`) VALUES (20, 73, '2004-01-07 01:27:04');
INSERT INTO `communities_users` (`community_id`, `user_id`, `created_at`) VALUES (20, 77, '1997-02-12 16:46:42');
INSERT INTO `communities_users` (`community_id`, `user_id`, `created_at`) VALUES (21, 19, '1989-05-12 06:50:06');
INSERT INTO `communities_users` (`community_id`, `user_id`, `created_at`) VALUES (22, 22, '1983-08-27 08:11:16');
INSERT INTO `communities_users` (`community_id`, `user_id`, `created_at`) VALUES (22, 87, '2012-11-16 08:18:56');
INSERT INTO `communities_users` (`community_id`, `user_id`, `created_at`) VALUES (23, 2, '1987-09-11 18:36:11');
INSERT INTO `communities_users` (`community_id`, `user_id`, `created_at`) VALUES (23, 49, '1978-02-07 03:57:41');
INSERT INTO `communities_users` (`community_id`, `user_id`, `created_at`) VALUES (24, 9, '1974-04-09 11:27:24');
INSERT INTO `communities_users` (`community_id`, `user_id`, `created_at`) VALUES (24, 21, '1973-01-10 01:06:06');
INSERT INTO `communities_users` (`community_id`, `user_id`, `created_at`) VALUES (24, 49, '1991-04-05 17:00:52');
INSERT INTO `communities_users` (`community_id`, `user_id`, `created_at`) VALUES (24, 57, '1984-05-15 16:08:49');
INSERT INTO `communities_users` (`community_id`, `user_id`, `created_at`) VALUES (25, 20, '2000-09-24 06:07:38');
INSERT INTO `communities_users` (`community_id`, `user_id`, `created_at`) VALUES (25, 34, '1991-07-02 06:11:18');
INSERT INTO `communities_users` (`community_id`, `user_id`, `created_at`) VALUES (25, 35, '1975-05-30 06:41:04');
INSERT INTO `communities_users` (`community_id`, `user_id`, `created_at`) VALUES (25, 92, '2016-04-28 03:36:55');
INSERT INTO `communities_users` (`community_id`, `user_id`, `created_at`) VALUES (26, 11, '2020-09-28 12:15:32');
INSERT INTO `communities_users` (`community_id`, `user_id`, `created_at`) VALUES (26, 31, '1980-12-12 04:37:38');
INSERT INTO `communities_users` (`community_id`, `user_id`, `created_at`) VALUES (27, 25, '2012-08-19 19:05:43');
INSERT INTO `communities_users` (`community_id`, `user_id`, `created_at`) VALUES (27, 33, '1987-11-16 10:15:13');
INSERT INTO `communities_users` (`community_id`, `user_id`, `created_at`) VALUES (27, 73, '1995-06-10 12:57:24');
INSERT INTO `communities_users` (`community_id`, `user_id`, `created_at`) VALUES (28, 31, '1970-11-10 09:17:02');
INSERT INTO `communities_users` (`community_id`, `user_id`, `created_at`) VALUES (28, 66, '1975-03-08 10:32:59');
INSERT INTO `communities_users` (`community_id`, `user_id`, `created_at`) VALUES (29, 28, '2005-01-10 02:39:43');
INSERT INTO `communities_users` (`community_id`, `user_id`, `created_at`) VALUES (29, 35, '2017-11-02 01:38:08');
INSERT INTO `communities_users` (`community_id`, `user_id`, `created_at`) VALUES (29, 48, '1982-12-09 09:17:40');
INSERT INTO `communities_users` (`community_id`, `user_id`, `created_at`) VALUES (29, 94, '2017-04-03 12:00:07');
INSERT INTO `communities_users` (`community_id`, `user_id`, `created_at`) VALUES (30, 30, '1990-03-08 09:40:38');
INSERT INTO `communities_users` (`community_id`, `user_id`, `created_at`) VALUES (30, 91, '1984-03-01 20:53:28');
INSERT INTO `communities_users` (`community_id`, `user_id`, `created_at`) VALUES (32, 1, '2006-10-28 17:50:58');
INSERT INTO `communities_users` (`community_id`, `user_id`, `created_at`) VALUES (32, 61, '1989-06-07 08:56:05');
INSERT INTO `communities_users` (`community_id`, `user_id`, `created_at`) VALUES (32, 62, '1994-10-28 16:57:23');
INSERT INTO `communities_users` (`community_id`, `user_id`, `created_at`) VALUES (33, 16, '1992-10-20 07:23:09');
INSERT INTO `communities_users` (`community_id`, `user_id`, `created_at`) VALUES (33, 52, '1993-07-02 08:32:53');
INSERT INTO `communities_users` (`community_id`, `user_id`, `created_at`) VALUES (33, 59, '2013-01-14 05:14:58');
INSERT INTO `communities_users` (`community_id`, `user_id`, `created_at`) VALUES (34, 63, '1981-09-04 13:40:35');
INSERT INTO `communities_users` (`community_id`, `user_id`, `created_at`) VALUES (35, 24, '2006-06-12 00:23:04');
INSERT INTO `communities_users` (`community_id`, `user_id`, `created_at`) VALUES (35, 100, '1979-04-21 06:55:25');
INSERT INTO `communities_users` (`community_id`, `user_id`, `created_at`) VALUES (37, 16, '1970-02-28 02:01:24');
INSERT INTO `communities_users` (`community_id`, `user_id`, `created_at`) VALUES (37, 69, '1971-09-02 22:52:23');
INSERT INTO `communities_users` (`community_id`, `user_id`, `created_at`) VALUES (38, 18, '2008-10-01 02:25:07');
INSERT INTO `communities_users` (`community_id`, `user_id`, `created_at`) VALUES (39, 45, '2012-06-29 07:19:42');
INSERT INTO `communities_users` (`community_id`, `user_id`, `created_at`) VALUES (39, 93, '2015-11-24 04:05:07');
INSERT INTO `communities_users` (`community_id`, `user_id`, `created_at`) VALUES (41, 60, '1972-02-07 01:22:51');
INSERT INTO `communities_users` (`community_id`, `user_id`, `created_at`) VALUES (42, 47, '1982-02-18 14:29:54');
INSERT INTO `communities_users` (`community_id`, `user_id`, `created_at`) VALUES (42, 75, '1979-03-31 21:22:47');
INSERT INTO `communities_users` (`community_id`, `user_id`, `created_at`) VALUES (42, 93, '2013-10-15 15:24:10');
INSERT INTO `communities_users` (`community_id`, `user_id`, `created_at`) VALUES (43, 24, '1976-12-27 11:28:08');
INSERT INTO `communities_users` (`community_id`, `user_id`, `created_at`) VALUES (44, 77, '2021-03-02 09:48:15');
INSERT INTO `communities_users` (`community_id`, `user_id`, `created_at`) VALUES (46, 1, '2020-10-17 05:45:32');
INSERT INTO `communities_users` (`community_id`, `user_id`, `created_at`) VALUES (46, 16, '2015-11-30 18:33:40');
INSERT INTO `communities_users` (`community_id`, `user_id`, `created_at`) VALUES (46, 30, '1987-02-26 20:05:12');
INSERT INTO `communities_users` (`community_id`, `user_id`, `created_at`) VALUES (47, 62, '2017-04-22 01:15:39');
INSERT INTO `communities_users` (`community_id`, `user_id`, `created_at`) VALUES (48, 31, '1977-10-20 03:16:18');
INSERT INTO `communities_users` (`community_id`, `user_id`, `created_at`) VALUES (48, 37, '1978-12-15 18:22:24');
INSERT INTO `communities_users` (`community_id`, `user_id`, `created_at`) VALUES (48, 80, '1983-03-18 13:56:07');
INSERT INTO `communities_users` (`community_id`, `user_id`, `created_at`) VALUES (49, 73, '1983-05-08 16:03:04');
INSERT INTO `communities_users` (`community_id`, `user_id`, `created_at`) VALUES (50, 73, '2016-07-27 08:14:41');
INSERT INTO `communities_users` (`community_id`, `user_id`, `created_at`) VALUES (51, 12, '1995-09-29 19:04:42');
INSERT INTO `communities_users` (`community_id`, `user_id`, `created_at`) VALUES (51, 39, '1991-04-10 04:40:06');
INSERT INTO `communities_users` (`community_id`, `user_id`, `created_at`) VALUES (51, 72, '2009-06-05 00:32:27');
INSERT INTO `communities_users` (`community_id`, `user_id`, `created_at`) VALUES (51, 99, '2008-05-08 17:17:48');
INSERT INTO `communities_users` (`community_id`, `user_id`, `created_at`) VALUES (52, 46, '1988-08-09 23:11:10');
INSERT INTO `communities_users` (`community_id`, `user_id`, `created_at`) VALUES (52, 58, '1978-07-29 00:11:05');
INSERT INTO `communities_users` (`community_id`, `user_id`, `created_at`) VALUES (53, 28, '1970-01-13 03:16:52');
INSERT INTO `communities_users` (`community_id`, `user_id`, `created_at`) VALUES (53, 70, '1980-11-26 09:15:02');
INSERT INTO `communities_users` (`community_id`, `user_id`, `created_at`) VALUES (53, 98, '1997-02-20 17:42:46');
INSERT INTO `communities_users` (`community_id`, `user_id`, `created_at`) VALUES (54, 96, '1971-03-21 12:03:39');
INSERT INTO `communities_users` (`community_id`, `user_id`, `created_at`) VALUES (55, 10, '1998-07-14 03:35:52');
INSERT INTO `communities_users` (`community_id`, `user_id`, `created_at`) VALUES (55, 59, '2010-05-23 05:32:18');
INSERT INTO `communities_users` (`community_id`, `user_id`, `created_at`) VALUES (55, 78, '2006-05-04 17:55:12');
INSERT INTO `communities_users` (`community_id`, `user_id`, `created_at`) VALUES (57, 12, '2006-11-01 14:19:57');
INSERT INTO `communities_users` (`community_id`, `user_id`, `created_at`) VALUES (57, 13, '1986-09-20 07:00:39');
INSERT INTO `communities_users` (`community_id`, `user_id`, `created_at`) VALUES (57, 93, '1971-10-24 02:28:02');
INSERT INTO `communities_users` (`community_id`, `user_id`, `created_at`) VALUES (58, 10, '2017-04-27 07:29:09');
INSERT INTO `communities_users` (`community_id`, `user_id`, `created_at`) VALUES (58, 25, '1993-09-22 11:30:03');
INSERT INTO `communities_users` (`community_id`, `user_id`, `created_at`) VALUES (58, 60, '1999-03-15 23:54:51');
INSERT INTO `communities_users` (`community_id`, `user_id`, `created_at`) VALUES (59, 3, '1995-08-12 16:56:00');
INSERT INTO `communities_users` (`community_id`, `user_id`, `created_at`) VALUES (59, 90, '1987-10-03 21:28:53');
INSERT INTO `communities_users` (`community_id`, `user_id`, `created_at`) VALUES (60, 5, '1992-05-23 00:38:47');
INSERT INTO `communities_users` (`community_id`, `user_id`, `created_at`) VALUES (60, 56, '1985-01-22 11:46:12');
INSERT INTO `communities_users` (`community_id`, `user_id`, `created_at`) VALUES (60, 62, '1998-05-07 19:51:12');
INSERT INTO `communities_users` (`community_id`, `user_id`, `created_at`) VALUES (60, 94, '1970-08-19 16:29:52');
INSERT INTO `communities_users` (`community_id`, `user_id`, `created_at`) VALUES (61, 27, '1977-08-26 02:12:42');
INSERT INTO `communities_users` (`community_id`, `user_id`, `created_at`) VALUES (61, 68, '1985-03-06 02:05:12');
INSERT INTO `communities_users` (`community_id`, `user_id`, `created_at`) VALUES (63, 3, '1976-06-27 11:00:53');
INSERT INTO `communities_users` (`community_id`, `user_id`, `created_at`) VALUES (63, 11, '2003-07-31 12:19:37');
INSERT INTO `communities_users` (`community_id`, `user_id`, `created_at`) VALUES (63, 37, '2012-05-29 22:57:51');
INSERT INTO `communities_users` (`community_id`, `user_id`, `created_at`) VALUES (64, 61, '1999-06-02 12:32:59');
INSERT INTO `communities_users` (`community_id`, `user_id`, `created_at`) VALUES (66, 23, '1974-04-28 18:42:17');
INSERT INTO `communities_users` (`community_id`, `user_id`, `created_at`) VALUES (68, 22, '2004-06-04 12:37:51');
INSERT INTO `communities_users` (`community_id`, `user_id`, `created_at`) VALUES (68, 83, '1983-02-06 21:52:24');
INSERT INTO `communities_users` (`community_id`, `user_id`, `created_at`) VALUES (69, 24, '2015-07-12 04:59:26');
INSERT INTO `communities_users` (`community_id`, `user_id`, `created_at`) VALUES (69, 35, '2019-05-29 04:43:38');
INSERT INTO `communities_users` (`community_id`, `user_id`, `created_at`) VALUES (70, 59, '1992-04-24 00:33:28');
INSERT INTO `communities_users` (`community_id`, `user_id`, `created_at`) VALUES (70, 81, '1978-02-23 18:24:15');
INSERT INTO `communities_users` (`community_id`, `user_id`, `created_at`) VALUES (71, 21, '1999-06-25 22:33:08');
INSERT INTO `communities_users` (`community_id`, `user_id`, `created_at`) VALUES (71, 47, '2003-10-05 14:03:35');
INSERT INTO `communities_users` (`community_id`, `user_id`, `created_at`) VALUES (71, 57, '1988-01-12 21:48:32');
INSERT INTO `communities_users` (`community_id`, `user_id`, `created_at`) VALUES (72, 28, '2019-10-03 06:26:39');
INSERT INTO `communities_users` (`community_id`, `user_id`, `created_at`) VALUES (72, 36, '1981-03-18 00:11:36');
INSERT INTO `communities_users` (`community_id`, `user_id`, `created_at`) VALUES (72, 74, '1991-03-14 09:02:21');
INSERT INTO `communities_users` (`community_id`, `user_id`, `created_at`) VALUES (72, 76, '2003-02-02 09:35:19');
INSERT INTO `communities_users` (`community_id`, `user_id`, `created_at`) VALUES (72, 96, '1981-11-08 04:27:57');
INSERT INTO `communities_users` (`community_id`, `user_id`, `created_at`) VALUES (73, 91, '2008-10-03 21:05:25');
INSERT INTO `communities_users` (`community_id`, `user_id`, `created_at`) VALUES (74, 88, '1997-03-29 23:32:25');
INSERT INTO `communities_users` (`community_id`, `user_id`, `created_at`) VALUES (75, 32, '1979-07-17 03:53:40');
INSERT INTO `communities_users` (`community_id`, `user_id`, `created_at`) VALUES (75, 34, '1993-12-25 21:36:30');
INSERT INTO `communities_users` (`community_id`, `user_id`, `created_at`) VALUES (75, 93, '1991-04-22 00:20:06');
INSERT INTO `communities_users` (`community_id`, `user_id`, `created_at`) VALUES (76, 26, '2017-07-24 21:26:49');
INSERT INTO `communities_users` (`community_id`, `user_id`, `created_at`) VALUES (76, 76, '2010-08-22 00:25:42');
INSERT INTO `communities_users` (`community_id`, `user_id`, `created_at`) VALUES (76, 79, '2002-05-10 01:49:54');
INSERT INTO `communities_users` (`community_id`, `user_id`, `created_at`) VALUES (77, 64, '2004-11-26 00:36:37');
INSERT INTO `communities_users` (`community_id`, `user_id`, `created_at`) VALUES (77, 92, '1999-08-19 15:31:57');
INSERT INTO `communities_users` (`community_id`, `user_id`, `created_at`) VALUES (79, 50, '1982-06-01 17:09:33');
INSERT INTO `communities_users` (`community_id`, `user_id`, `created_at`) VALUES (80, 27, '2011-11-15 13:02:59');
INSERT INTO `communities_users` (`community_id`, `user_id`, `created_at`) VALUES (80, 43, '2006-06-29 23:26:48');
INSERT INTO `communities_users` (`community_id`, `user_id`, `created_at`) VALUES (80, 51, '2009-02-23 16:43:10');
INSERT INTO `communities_users` (`community_id`, `user_id`, `created_at`) VALUES (81, 80, '2015-04-04 09:09:07');
INSERT INTO `communities_users` (`community_id`, `user_id`, `created_at`) VALUES (82, 24, '1994-01-03 15:40:05');
INSERT INTO `communities_users` (`community_id`, `user_id`, `created_at`) VALUES (82, 72, '1976-09-24 17:42:17');
INSERT INTO `communities_users` (`community_id`, `user_id`, `created_at`) VALUES (83, 28, '1986-12-22 04:46:23');
INSERT INTO `communities_users` (`community_id`, `user_id`, `created_at`) VALUES (84, 8, '2013-02-20 23:04:04');
INSERT INTO `communities_users` (`community_id`, `user_id`, `created_at`) VALUES (84, 13, '1974-02-18 17:41:30');
INSERT INTO `communities_users` (`community_id`, `user_id`, `created_at`) VALUES (84, 59, '2013-09-18 12:17:20');
INSERT INTO `communities_users` (`community_id`, `user_id`, `created_at`) VALUES (85, 56, '2014-05-01 15:11:20');
INSERT INTO `communities_users` (`community_id`, `user_id`, `created_at`) VALUES (86, 4, '2005-09-08 20:54:04');
INSERT INTO `communities_users` (`community_id`, `user_id`, `created_at`) VALUES (86, 11, '1975-03-02 08:38:43');
INSERT INTO `communities_users` (`community_id`, `user_id`, `created_at`) VALUES (86, 16, '2007-11-18 07:28:08');
INSERT INTO `communities_users` (`community_id`, `user_id`, `created_at`) VALUES (86, 48, '2004-03-26 04:21:16');
INSERT INTO `communities_users` (`community_id`, `user_id`, `created_at`) VALUES (86, 66, '1998-08-31 16:46:58');
INSERT INTO `communities_users` (`community_id`, `user_id`, `created_at`) VALUES (87, 15, '1975-11-16 21:23:41');
INSERT INTO `communities_users` (`community_id`, `user_id`, `created_at`) VALUES (87, 94, '2012-09-10 09:57:42');
INSERT INTO `communities_users` (`community_id`, `user_id`, `created_at`) VALUES (88, 34, '1998-09-24 02:25:54');
INSERT INTO `communities_users` (`community_id`, `user_id`, `created_at`) VALUES (88, 56, '2013-03-28 17:34:44');
INSERT INTO `communities_users` (`community_id`, `user_id`, `created_at`) VALUES (88, 77, '1997-02-13 08:06:25');
INSERT INTO `communities_users` (`community_id`, `user_id`, `created_at`) VALUES (89, 7, '2017-08-05 19:38:26');
INSERT INTO `communities_users` (`community_id`, `user_id`, `created_at`) VALUES (89, 53, '2004-03-27 05:12:26');
INSERT INTO `communities_users` (`community_id`, `user_id`, `created_at`) VALUES (89, 92, '1978-05-04 21:50:58');
INSERT INTO `communities_users` (`community_id`, `user_id`, `created_at`) VALUES (90, 1, '1974-06-24 02:54:56');
INSERT INTO `communities_users` (`community_id`, `user_id`, `created_at`) VALUES (90, 21, '1982-08-24 12:42:48');
INSERT INTO `communities_users` (`community_id`, `user_id`, `created_at`) VALUES (91, 30, '1975-01-26 17:13:10');
INSERT INTO `communities_users` (`community_id`, `user_id`, `created_at`) VALUES (91, 70, '1980-08-19 13:32:13');
INSERT INTO `communities_users` (`community_id`, `user_id`, `created_at`) VALUES (92, 37, '2010-08-30 06:24:33');
INSERT INTO `communities_users` (`community_id`, `user_id`, `created_at`) VALUES (92, 91, '1979-05-03 12:49:52');
INSERT INTO `communities_users` (`community_id`, `user_id`, `created_at`) VALUES (93, 24, '1994-10-15 15:09:08');
INSERT INTO `communities_users` (`community_id`, `user_id`, `created_at`) VALUES (93, 49, '2020-09-04 20:26:24');
INSERT INTO `communities_users` (`community_id`, `user_id`, `created_at`) VALUES (94, 5, '2011-01-18 07:10:55');
INSERT INTO `communities_users` (`community_id`, `user_id`, `created_at`) VALUES (94, 61, '1988-11-17 15:24:28');
INSERT INTO `communities_users` (`community_id`, `user_id`, `created_at`) VALUES (94, 71, '1980-09-11 09:12:13');
INSERT INTO `communities_users` (`community_id`, `user_id`, `created_at`) VALUES (95, 63, '1975-03-27 14:09:11');
INSERT INTO `communities_users` (`community_id`, `user_id`, `created_at`) VALUES (96, 25, '2013-05-07 07:03:31');
INSERT INTO `communities_users` (`community_id`, `user_id`, `created_at`) VALUES (96, 83, '2001-06-27 12:21:35');
INSERT INTO `communities_users` (`community_id`, `user_id`, `created_at`) VALUES (97, 44, '1980-06-25 23:52:17');
INSERT INTO `communities_users` (`community_id`, `user_id`, `created_at`) VALUES (98, 58, '1980-12-03 21:49:37');
INSERT INTO `communities_users` (`community_id`, `user_id`, `created_at`) VALUES (98, 74, '2010-03-09 13:39:02');
INSERT INTO `communities_users` (`community_id`, `user_id`, `created_at`) VALUES (99, 27, '2016-04-01 10:59:48');
INSERT INTO `communities_users` (`community_id`, `user_id`, `created_at`) VALUES (100, 50, '1989-03-07 05:59:13');
INSERT INTO `communities_users` (`community_id`, `user_id`, `created_at`) VALUES (100, 70, '1995-11-21 23:06:25');
INSERT INTO `communities_users` (`community_id`, `user_id`, `created_at`) VALUES (100, 99, '1998-04-24 17:49:53');

INSERT INTO `entity_types` (`name`) VALUES ('community');
INSERT INTO `entity_types` (`name`) VALUES ('message');
INSERT INTO `entity_types` (`name`) VALUES ('post');
INSERT INTO `entity_types` (`name`) VALUES ('user');

INSERT INTO `friendship` (`user_id`, `friend_id`, `friendship_status`, `requested_at`, `confirmed_at`, `created_at`, `updated_at`) VALUES (1, 44, 'FRIENDSHIP', '1992-05-10 22:44:41', '1982-10-21 03:52:09', '2005-01-27 11:21:58', '2015-10-30 14:15:58');
INSERT INTO `friendship` (`user_id`, `friend_id`, `friendship_status`, `requested_at`, `confirmed_at`, `created_at`, `updated_at`) VALUES (1, 52, 'FRIENDSHIP', '1979-12-01 19:20:59', '1998-06-07 02:17:52', '1974-03-22 17:49:18', '1982-06-21 20:04:32');
INSERT INTO `friendship` (`user_id`, `friend_id`, `friendship_status`, `requested_at`, `confirmed_at`, `created_at`, `updated_at`) VALUES (3, 36, 'BLOCKED', '2004-05-25 22:43:36', '1988-07-30 09:32:06', '1995-06-13 16:13:46', '2004-08-29 22:55:16');
INSERT INTO `friendship` (`user_id`, `friend_id`, `friendship_status`, `requested_at`, `confirmed_at`, `created_at`, `updated_at`) VALUES (3, 44, 'BLOCKED', '1974-04-17 00:25:57', '1993-08-14 10:45:53', '2004-02-23 02:06:27', '2013-01-25 10:14:48');
INSERT INTO `friendship` (`user_id`, `friend_id`, `friendship_status`, `requested_at`, `confirmed_at`, `created_at`, `updated_at`) VALUES (3, 90, 'FRIENDSHIP', '2013-04-29 07:28:05', '1995-05-13 00:53:45', '1976-10-03 18:17:37', '1983-11-28 12:38:02');
INSERT INTO `friendship` (`user_id`, `friend_id`, `friendship_status`, `requested_at`, `confirmed_at`, `created_at`, `updated_at`) VALUES (4, 7, 'BLOCKED', '2010-12-03 11:39:32', '1995-11-19 02:34:15', '2010-04-24 09:44:47', '1971-03-10 06:26:19');
INSERT INTO `friendship` (`user_id`, `friend_id`, `friendship_status`, `requested_at`, `confirmed_at`, `created_at`, `updated_at`) VALUES (4, 16, 'FRIENDSHIP', '1994-06-04 17:46:39', '2015-04-03 12:31:05', '1977-12-11 15:29:56', '1991-11-06 06:02:44');
INSERT INTO `friendship` (`user_id`, `friend_id`, `friendship_status`, `requested_at`, `confirmed_at`, `created_at`, `updated_at`) VALUES (4, 26, 'BLOCKED', '2007-01-25 05:41:29', '1997-08-17 07:29:01', '2012-12-23 20:15:33', '1980-01-07 13:30:10');
INSERT INTO `friendship` (`user_id`, `friend_id`, `friendship_status`, `requested_at`, `confirmed_at`, `created_at`, `updated_at`) VALUES (5, 39, 'FRIENDSHIP', '2008-08-12 08:03:29', '2021-06-02 18:59:05', '1990-09-13 00:04:59', '2018-06-26 06:38:07');
INSERT INTO `friendship` (`user_id`, `friend_id`, `friendship_status`, `requested_at`, `confirmed_at`, `created_at`, `updated_at`) VALUES (5, 44, 'BLOCKED', '1993-02-27 17:23:29', '1997-03-05 07:28:58', '2009-05-12 12:14:22', '1998-08-04 02:15:18');
INSERT INTO `friendship` (`user_id`, `friend_id`, `friendship_status`, `requested_at`, `confirmed_at`, `created_at`, `updated_at`) VALUES (6, 47, 'BLOCKED', '2016-09-15 03:54:14', '1983-01-21 18:13:38', '1980-09-26 19:58:59', '1984-09-10 13:36:23');
INSERT INTO `friendship` (`user_id`, `friend_id`, `friendship_status`, `requested_at`, `confirmed_at`, `created_at`, `updated_at`) VALUES (6, 93, 'BLOCKED', '1992-11-28 00:46:00', '1991-09-24 23:38:58', '2016-10-15 22:34:42', '2002-01-21 10:46:30');
INSERT INTO `friendship` (`user_id`, `friend_id`, `friendship_status`, `requested_at`, `confirmed_at`, `created_at`, `updated_at`) VALUES (7, 38, 'BLOCKED', '2000-04-07 21:10:17', '1978-07-12 03:42:02', '1976-10-14 23:03:53', '2020-10-06 04:25:30');
INSERT INTO `friendship` (`user_id`, `friend_id`, `friendship_status`, `requested_at`, `confirmed_at`, `created_at`, `updated_at`) VALUES (7, 49, 'FOLLOWING', '1988-09-22 16:47:50', '1989-11-04 04:18:59', '1983-03-01 05:59:43', '2019-08-24 04:14:34');
INSERT INTO `friendship` (`user_id`, `friend_id`, `friendship_status`, `requested_at`, `confirmed_at`, `created_at`, `updated_at`) VALUES (7, 74, 'FRIENDSHIP', '1993-10-03 10:13:39', '1986-05-29 06:49:43', '2020-01-23 03:24:18', '2007-07-28 09:38:56');
INSERT INTO `friendship` (`user_id`, `friend_id`, `friendship_status`, `requested_at`, `confirmed_at`, `created_at`, `updated_at`) VALUES (8, 28, 'FOLLOWING', '1975-07-14 17:33:37', '1987-02-13 02:06:42', '2012-10-03 06:49:05', '1977-05-28 00:07:06');
INSERT INTO `friendship` (`user_id`, `friend_id`, `friendship_status`, `requested_at`, `confirmed_at`, `created_at`, `updated_at`) VALUES (9, 3, 'BLOCKED', '2020-09-07 19:19:47', '1970-09-21 20:02:24', '2004-06-21 21:42:11', '1972-04-14 09:11:15');
INSERT INTO `friendship` (`user_id`, `friend_id`, `friendship_status`, `requested_at`, `confirmed_at`, `created_at`, `updated_at`) VALUES (9, 49, 'BLOCKED', '1983-04-21 00:44:06', '1987-09-17 19:31:47', '2020-12-01 06:50:01', '1983-02-09 03:07:01');
INSERT INTO `friendship` (`user_id`, `friend_id`, `friendship_status`, `requested_at`, `confirmed_at`, `created_at`, `updated_at`) VALUES (9, 94, 'FRIENDSHIP', '2011-12-27 08:07:32', '1972-09-08 02:17:05', '2001-06-02 14:31:28', '1976-05-13 15:25:52');
INSERT INTO `friendship` (`user_id`, `friend_id`, `friendship_status`, `requested_at`, `confirmed_at`, `created_at`, `updated_at`) VALUES (10, 87, 'BLOCKED', '1977-02-06 09:17:48', '2014-04-04 00:27:03', '1995-09-19 21:20:28', '1970-01-13 09:12:33');
INSERT INTO `friendship` (`user_id`, `friend_id`, `friendship_status`, `requested_at`, `confirmed_at`, `created_at`, `updated_at`) VALUES (11, 20, 'BLOCKED', '1994-08-01 20:32:13', '2015-01-28 15:03:06', '1996-01-31 08:48:39', '1993-10-02 13:24:10');
INSERT INTO `friendship` (`user_id`, `friend_id`, `friendship_status`, `requested_at`, `confirmed_at`, `created_at`, `updated_at`) VALUES (12, 26, 'BLOCKED', '1987-08-30 08:10:55', '1983-01-28 14:04:09', '1978-02-07 06:11:27', '2003-01-07 18:33:29');
INSERT INTO `friendship` (`user_id`, `friend_id`, `friendship_status`, `requested_at`, `confirmed_at`, `created_at`, `updated_at`) VALUES (12, 81, 'FOLLOWING', '2007-06-03 14:55:56', '2010-05-19 01:21:39', '1979-10-14 04:50:26', '1994-08-12 08:59:48');
INSERT INTO `friendship` (`user_id`, `friend_id`, `friendship_status`, `requested_at`, `confirmed_at`, `created_at`, `updated_at`) VALUES (13, 15, 'BLOCKED', '1993-09-24 03:54:12', '2006-09-06 12:23:52', '2002-01-23 11:49:09', '2019-07-23 21:41:57');
INSERT INTO `friendship` (`user_id`, `friend_id`, `friendship_status`, `requested_at`, `confirmed_at`, `created_at`, `updated_at`) VALUES (13, 40, 'FRIENDSHIP', '1985-09-21 18:37:23', '1980-10-02 06:43:13', '2019-07-05 20:56:12', '1971-01-25 13:34:17');
INSERT INTO `friendship` (`user_id`, `friend_id`, `friendship_status`, `requested_at`, `confirmed_at`, `created_at`, `updated_at`) VALUES (13, 63, 'FRIENDSHIP', '1989-02-23 23:25:41', '2005-02-08 19:37:04', '1983-11-01 21:31:36', '2002-07-12 11:49:32');
INSERT INTO `friendship` (`user_id`, `friend_id`, `friendship_status`, `requested_at`, `confirmed_at`, `created_at`, `updated_at`) VALUES (13, 65, 'FRIENDSHIP', '1989-03-22 00:20:32', '1972-08-28 14:00:02', '1997-08-07 06:57:09', '2009-05-18 12:34:19');
INSERT INTO `friendship` (`user_id`, `friend_id`, `friendship_status`, `requested_at`, `confirmed_at`, `created_at`, `updated_at`) VALUES (15, 22, 'FRIENDSHIP', '1982-09-23 10:51:30', '1993-09-19 10:23:22', '1970-03-26 20:55:36', '2014-12-19 12:06:53');
INSERT INTO `friendship` (`user_id`, `friend_id`, `friendship_status`, `requested_at`, `confirmed_at`, `created_at`, `updated_at`) VALUES (15, 65, 'FOLLOWING', '1979-04-01 13:06:59', '2015-06-09 08:39:17', '1986-11-05 16:42:40', '1970-10-22 20:42:50');
INSERT INTO `friendship` (`user_id`, `friend_id`, `friendship_status`, `requested_at`, `confirmed_at`, `created_at`, `updated_at`) VALUES (16, 7, 'FOLLOWING', '2021-01-20 21:22:46', '1999-09-08 19:47:22', '1987-01-26 19:01:19', '2008-10-14 10:07:26');
INSERT INTO `friendship` (`user_id`, `friend_id`, `friendship_status`, `requested_at`, `confirmed_at`, `created_at`, `updated_at`) VALUES (16, 86, 'FOLLOWING', '1979-06-18 17:37:22', '2008-05-03 19:23:06', '1984-02-19 19:02:08', '2017-10-17 09:48:55');
INSERT INTO `friendship` (`user_id`, `friend_id`, `friendship_status`, `requested_at`, `confirmed_at`, `created_at`, `updated_at`) VALUES (17, 4, 'FRIENDSHIP', '1995-04-29 20:33:14', '2004-05-25 18:44:42', '2016-03-25 08:15:58', '1973-09-03 20:42:51');
INSERT INTO `friendship` (`user_id`, `friend_id`, `friendship_status`, `requested_at`, `confirmed_at`, `created_at`, `updated_at`) VALUES (17, 20, 'FOLLOWING', '1986-08-03 06:10:55', '2003-10-23 22:43:45', '1996-03-15 03:15:40', '2013-04-24 10:29:15');
INSERT INTO `friendship` (`user_id`, `friend_id`, `friendship_status`, `requested_at`, `confirmed_at`, `created_at`, `updated_at`) VALUES (18, 65, 'BLOCKED', '1984-04-29 08:50:00', '2019-10-13 20:23:45', '2005-05-13 20:52:12', '2012-07-31 17:46:05');
INSERT INTO `friendship` (`user_id`, `friend_id`, `friendship_status`, `requested_at`, `confirmed_at`, `created_at`, `updated_at`) VALUES (19, 7, 'BLOCKED', '1989-05-21 18:00:35', '1997-12-27 05:37:25', '2020-04-26 18:37:49', '2012-03-23 05:47:48');
INSERT INTO `friendship` (`user_id`, `friend_id`, `friendship_status`, `requested_at`, `confirmed_at`, `created_at`, `updated_at`) VALUES (20, 6, 'BLOCKED', '2000-01-24 23:24:26', '1997-05-06 03:01:42', '2019-10-25 03:44:17', '1999-06-04 05:33:49');
INSERT INTO `friendship` (`user_id`, `friend_id`, `friendship_status`, `requested_at`, `confirmed_at`, `created_at`, `updated_at`) VALUES (21, 66, 'BLOCKED', '1973-01-11 13:44:31', '1988-05-16 04:07:53', '1975-08-07 05:13:31', '1993-04-26 03:58:51');
INSERT INTO `friendship` (`user_id`, `friend_id`, `friendship_status`, `requested_at`, `confirmed_at`, `created_at`, `updated_at`) VALUES (22, 46, 'FOLLOWING', '1991-05-05 14:11:00', '2002-09-08 20:59:34', '1983-04-11 11:32:48', '1989-08-06 17:08:22');
INSERT INTO `friendship` (`user_id`, `friend_id`, `friendship_status`, `requested_at`, `confirmed_at`, `created_at`, `updated_at`) VALUES (23, 4, 'BLOCKED', '1985-03-21 13:48:22', '2005-02-12 03:38:30', '1974-05-24 09:07:38', '1989-02-03 14:19:04');
INSERT INTO `friendship` (`user_id`, `friend_id`, `friendship_status`, `requested_at`, `confirmed_at`, `created_at`, `updated_at`) VALUES (23, 83, 'FRIENDSHIP', '1977-04-13 08:56:53', '1988-10-26 02:24:27', '2017-07-12 01:06:19', '1983-08-15 16:02:02');
INSERT INTO `friendship` (`user_id`, `friend_id`, `friendship_status`, `requested_at`, `confirmed_at`, `created_at`, `updated_at`) VALUES (24, 26, 'FOLLOWING', '1972-05-23 18:31:59', '2010-05-19 03:05:07', '1981-12-07 05:44:12', '2018-01-08 21:48:10');
INSERT INTO `friendship` (`user_id`, `friend_id`, `friendship_status`, `requested_at`, `confirmed_at`, `created_at`, `updated_at`) VALUES (24, 95, 'FRIENDSHIP', '2011-12-01 10:51:03', '1982-08-10 08:52:00', '2021-05-27 05:41:13', '1976-01-11 14:53:14');
INSERT INTO `friendship` (`user_id`, `friend_id`, `friendship_status`, `requested_at`, `confirmed_at`, `created_at`, `updated_at`) VALUES (25, 93, 'FRIENDSHIP', '1983-08-21 19:57:20', '1992-02-05 07:18:06', '1989-08-24 22:37:46', '2012-01-03 05:05:54');
INSERT INTO `friendship` (`user_id`, `friend_id`, `friendship_status`, `requested_at`, `confirmed_at`, `created_at`, `updated_at`) VALUES (26, 69, 'BLOCKED', '2016-08-01 06:12:18', '1986-03-29 08:28:04', '2001-01-14 11:16:18', '1980-12-29 23:45:22');
INSERT INTO `friendship` (`user_id`, `friend_id`, `friendship_status`, `requested_at`, `confirmed_at`, `created_at`, `updated_at`) VALUES (27, 58, 'FRIENDSHIP', '2004-01-01 06:12:59', '1990-06-06 02:59:58', '1998-06-10 18:35:36', '1996-06-29 00:31:08');
INSERT INTO `friendship` (`user_id`, `friend_id`, `friendship_status`, `requested_at`, `confirmed_at`, `created_at`, `updated_at`) VALUES (27, 83, 'FOLLOWING', '1994-07-10 05:38:29', '1989-07-19 04:10:01', '2015-07-11 08:16:33', '2015-11-03 11:48:17');
INSERT INTO `friendship` (`user_id`, `friend_id`, `friendship_status`, `requested_at`, `confirmed_at`, `created_at`, `updated_at`) VALUES (27, 92, 'FOLLOWING', '1982-02-17 21:10:36', '1974-12-03 23:19:58', '1971-07-24 14:18:08', '2018-03-14 03:49:06');
INSERT INTO `friendship` (`user_id`, `friend_id`, `friendship_status`, `requested_at`, `confirmed_at`, `created_at`, `updated_at`) VALUES (28, 82, 'FOLLOWING', '1990-04-19 02:56:35', '1972-02-20 21:00:57', '1986-12-31 12:10:24', '2003-03-09 05:34:37');
INSERT INTO `friendship` (`user_id`, `friend_id`, `friendship_status`, `requested_at`, `confirmed_at`, `created_at`, `updated_at`) VALUES (29, 93, 'FRIENDSHIP', '2004-04-12 23:13:23', '2004-03-04 11:32:12', '1974-06-16 08:10:24', '1981-02-07 08:58:45');
INSERT INTO `friendship` (`user_id`, `friend_id`, `friendship_status`, `requested_at`, `confirmed_at`, `created_at`, `updated_at`) VALUES (31, 99, 'FOLLOWING', '1991-10-21 04:18:09', '1973-11-19 18:06:16', '1970-07-22 12:43:01', '1974-08-03 23:28:48');
INSERT INTO `friendship` (`user_id`, `friend_id`, `friendship_status`, `requested_at`, `confirmed_at`, `created_at`, `updated_at`) VALUES (32, 3, 'BLOCKED', '2002-05-22 14:51:59', '2013-05-24 17:59:15', '1985-09-17 14:59:52', '1991-12-22 12:11:56');
INSERT INTO `friendship` (`user_id`, `friend_id`, `friendship_status`, `requested_at`, `confirmed_at`, `created_at`, `updated_at`) VALUES (32, 61, 'FRIENDSHIP', '2005-04-27 13:18:39', '1986-12-28 07:41:37', '2007-08-08 13:34:20', '2001-10-13 10:20:51');
INSERT INTO `friendship` (`user_id`, `friend_id`, `friendship_status`, `requested_at`, `confirmed_at`, `created_at`, `updated_at`) VALUES (32, 75, 'FRIENDSHIP', '2018-06-21 03:17:49', '1982-11-11 01:35:58', '1977-02-05 17:04:42', '1999-08-07 17:19:51');
INSERT INTO `friendship` (`user_id`, `friend_id`, `friendship_status`, `requested_at`, `confirmed_at`, `created_at`, `updated_at`) VALUES (32, 99, 'FOLLOWING', '2010-03-22 08:21:05', '1991-11-14 00:05:07', '2003-11-09 19:15:15', '2006-11-06 10:56:28');
INSERT INTO `friendship` (`user_id`, `friend_id`, `friendship_status`, `requested_at`, `confirmed_at`, `created_at`, `updated_at`) VALUES (33, 85, 'FOLLOWING', '1975-04-02 11:04:09', '2018-03-14 23:25:05', '1989-02-19 21:44:34', '2003-08-25 08:06:08');
INSERT INTO `friendship` (`user_id`, `friend_id`, `friendship_status`, `requested_at`, `confirmed_at`, `created_at`, `updated_at`) VALUES (34, 22, 'BLOCKED', '2016-03-31 11:34:02', '2021-01-21 12:28:09', '1996-04-21 20:19:07', '1981-06-19 08:14:21');
INSERT INTO `friendship` (`user_id`, `friend_id`, `friendship_status`, `requested_at`, `confirmed_at`, `created_at`, `updated_at`) VALUES (34, 24, 'FOLLOWING', '1976-03-23 17:23:27', '2018-05-16 11:13:18', '2009-02-27 10:18:23', '2016-07-24 18:35:00');
INSERT INTO `friendship` (`user_id`, `friend_id`, `friendship_status`, `requested_at`, `confirmed_at`, `created_at`, `updated_at`) VALUES (34, 37, 'FRIENDSHIP', '2003-01-23 05:00:39', '1983-12-30 13:29:08', '1992-07-02 00:33:59', '2012-12-25 08:40:21');
INSERT INTO `friendship` (`user_id`, `friend_id`, `friendship_status`, `requested_at`, `confirmed_at`, `created_at`, `updated_at`) VALUES (35, 43, 'FRIENDSHIP', '1970-09-29 01:28:12', '1985-01-21 02:01:38', '1974-03-24 03:23:47', '2019-05-27 15:08:27');
INSERT INTO `friendship` (`user_id`, `friend_id`, `friendship_status`, `requested_at`, `confirmed_at`, `created_at`, `updated_at`) VALUES (36, 39, 'FOLLOWING', '1993-03-29 01:21:20', '2020-12-30 07:51:52', '1994-10-10 21:49:29', '1990-06-17 11:34:55');
INSERT INTO `friendship` (`user_id`, `friend_id`, `friendship_status`, `requested_at`, `confirmed_at`, `created_at`, `updated_at`) VALUES (36, 64, 'BLOCKED', '1988-02-27 07:30:05', '1990-02-12 05:46:45', '1987-09-14 20:34:58', '1976-04-28 00:29:59');
INSERT INTO `friendship` (`user_id`, `friend_id`, `friendship_status`, `requested_at`, `confirmed_at`, `created_at`, `updated_at`) VALUES (36, 73, 'FOLLOWING', '1983-04-10 23:55:42', '1983-05-24 11:46:42', '2007-09-08 19:55:38', '1990-07-11 17:56:17');
INSERT INTO `friendship` (`user_id`, `friend_id`, `friendship_status`, `requested_at`, `confirmed_at`, `created_at`, `updated_at`) VALUES (37, 11, 'BLOCKED', '1998-08-13 09:25:08', '1974-08-30 21:29:33', '2011-05-15 12:09:15', '1987-12-21 22:15:03');
INSERT INTO `friendship` (`user_id`, `friend_id`, `friendship_status`, `requested_at`, `confirmed_at`, `created_at`, `updated_at`) VALUES (37, 31, 'FRIENDSHIP', '2009-08-24 14:48:58', '2002-02-05 09:46:16', '1993-07-20 04:19:21', '2007-04-18 03:44:45');
INSERT INTO `friendship` (`user_id`, `friend_id`, `friendship_status`, `requested_at`, `confirmed_at`, `created_at`, `updated_at`) VALUES (38, 37, 'BLOCKED', '1991-05-16 09:44:48', '1997-02-04 08:04:06', '2010-07-24 09:25:54', '1993-09-28 08:38:47');
INSERT INTO `friendship` (`user_id`, `friend_id`, `friendship_status`, `requested_at`, `confirmed_at`, `created_at`, `updated_at`) VALUES (38, 51, 'FRIENDSHIP', '1994-05-28 16:02:09', '2014-02-08 10:14:12', '2008-12-28 18:43:21', '1994-12-21 17:08:18');
INSERT INTO `friendship` (`user_id`, `friend_id`, `friendship_status`, `requested_at`, `confirmed_at`, `created_at`, `updated_at`) VALUES (38, 69, 'FRIENDSHIP', '1989-11-29 07:05:45', '2002-06-01 01:29:23', '2006-05-18 15:27:48', '1975-06-16 18:15:45');
INSERT INTO `friendship` (`user_id`, `friend_id`, `friendship_status`, `requested_at`, `confirmed_at`, `created_at`, `updated_at`) VALUES (39, 33, 'BLOCKED', '2009-12-10 20:32:51', '1977-11-25 18:13:28', '2014-04-28 05:13:42', '1973-04-29 21:27:47');
INSERT INTO `friendship` (`user_id`, `friend_id`, `friendship_status`, `requested_at`, `confirmed_at`, `created_at`, `updated_at`) VALUES (39, 45, 'FRIENDSHIP', '1974-01-05 01:34:32', '2018-03-31 08:27:00', '1985-06-11 07:36:59', '2005-01-31 07:55:11');
INSERT INTO `friendship` (`user_id`, `friend_id`, `friendship_status`, `requested_at`, `confirmed_at`, `created_at`, `updated_at`) VALUES (39, 91, 'FOLLOWING', '1999-03-12 17:54:41', '1997-10-17 01:53:46', '2003-07-07 05:16:27', '1985-12-06 10:52:29');
INSERT INTO `friendship` (`user_id`, `friend_id`, `friendship_status`, `requested_at`, `confirmed_at`, `created_at`, `updated_at`) VALUES (40, 4, 'BLOCKED', '1993-08-05 05:44:46', '1972-06-14 05:46:41', '1980-02-15 01:56:51', '2008-11-17 16:25:33');
INSERT INTO `friendship` (`user_id`, `friend_id`, `friendship_status`, `requested_at`, `confirmed_at`, `created_at`, `updated_at`) VALUES (42, 2, 'FRIENDSHIP', '2002-10-12 18:27:35', '1985-12-30 22:33:04', '1990-02-14 20:38:20', '1984-02-12 08:37:02');
INSERT INTO `friendship` (`user_id`, `friend_id`, `friendship_status`, `requested_at`, `confirmed_at`, `created_at`, `updated_at`) VALUES (42, 18, 'FOLLOWING', '1990-08-04 18:48:04', '1989-05-29 08:17:12', '1977-04-01 15:25:35', '1981-09-28 06:04:23');
INSERT INTO `friendship` (`user_id`, `friend_id`, `friendship_status`, `requested_at`, `confirmed_at`, `created_at`, `updated_at`) VALUES (42, 43, 'FRIENDSHIP', '1972-11-05 11:19:58', '1984-10-16 06:27:58', '2009-10-31 03:04:13', '1989-05-03 21:03:18');
INSERT INTO `friendship` (`user_id`, `friend_id`, `friendship_status`, `requested_at`, `confirmed_at`, `created_at`, `updated_at`) VALUES (42, 83, 'FRIENDSHIP', '1990-08-31 07:38:05', '1980-06-12 15:33:16', '1987-12-03 03:47:23', '1988-05-18 04:59:41');
INSERT INTO `friendship` (`user_id`, `friend_id`, `friendship_status`, `requested_at`, `confirmed_at`, `created_at`, `updated_at`) VALUES (42, 86, 'FOLLOWING', '2017-02-25 07:43:35', '2015-08-15 08:52:09', '1973-11-26 17:06:14', '2000-04-11 01:32:24');
INSERT INTO `friendship` (`user_id`, `friend_id`, `friendship_status`, `requested_at`, `confirmed_at`, `created_at`, `updated_at`) VALUES (43, 7, 'FOLLOWING', '1999-02-28 01:48:46', '1983-08-31 23:58:06', '1986-11-11 09:27:24', '2013-03-06 04:56:51');
INSERT INTO `friendship` (`user_id`, `friend_id`, `friendship_status`, `requested_at`, `confirmed_at`, `created_at`, `updated_at`) VALUES (44, 75, 'FOLLOWING', '1989-03-19 22:18:46', '2019-07-08 14:31:03', '1988-04-13 03:17:50', '1997-08-28 07:27:46');
INSERT INTO `friendship` (`user_id`, `friend_id`, `friendship_status`, `requested_at`, `confirmed_at`, `created_at`, `updated_at`) VALUES (46, 26, 'BLOCKED', '1989-04-06 04:27:02', '2001-12-20 02:46:44', '1996-10-04 09:38:33', '1983-09-24 05:33:43');
INSERT INTO `friendship` (`user_id`, `friend_id`, `friendship_status`, `requested_at`, `confirmed_at`, `created_at`, `updated_at`) VALUES (46, 62, 'BLOCKED', '2001-09-09 05:53:56', '1981-08-27 10:51:28', '2012-01-23 06:42:15', '2017-07-24 05:29:38');
INSERT INTO `friendship` (`user_id`, `friend_id`, `friendship_status`, `requested_at`, `confirmed_at`, `created_at`, `updated_at`) VALUES (47, 15, 'BLOCKED', '1999-08-16 23:30:27', '2019-09-13 14:47:30', '2019-01-04 00:50:32', '2010-09-10 05:02:23');
INSERT INTO `friendship` (`user_id`, `friend_id`, `friendship_status`, `requested_at`, `confirmed_at`, `created_at`, `updated_at`) VALUES (47, 18, 'BLOCKED', '1981-06-20 05:38:23', '1983-09-25 14:44:22', '2002-09-15 04:57:19', '2013-08-27 05:37:25');
INSERT INTO `friendship` (`user_id`, `friend_id`, `friendship_status`, `requested_at`, `confirmed_at`, `created_at`, `updated_at`) VALUES (47, 29, 'BLOCKED', '1996-10-13 22:50:41', '2003-08-23 06:35:53', '2002-01-09 11:38:28', '1993-06-04 17:10:45');
INSERT INTO `friendship` (`user_id`, `friend_id`, `friendship_status`, `requested_at`, `confirmed_at`, `created_at`, `updated_at`) VALUES (47, 68, 'FRIENDSHIP', '1975-09-14 14:30:28', '1999-10-14 21:53:45', '1978-09-24 20:54:37', '2020-02-19 06:55:58');
INSERT INTO `friendship` (`user_id`, `friend_id`, `friendship_status`, `requested_at`, `confirmed_at`, `created_at`, `updated_at`) VALUES (47, 79, 'FOLLOWING', '1990-01-11 04:04:27', '2005-04-20 14:19:00', '1977-07-03 11:06:38', '1974-06-03 08:34:31');
INSERT INTO `friendship` (`user_id`, `friend_id`, `friendship_status`, `requested_at`, `confirmed_at`, `created_at`, `updated_at`) VALUES (48, 10, 'FOLLOWING', '1980-10-08 11:35:57', '2014-03-30 08:22:28', '2001-07-26 15:27:27', '2001-02-25 19:38:51');
INSERT INTO `friendship` (`user_id`, `friend_id`, `friendship_status`, `requested_at`, `confirmed_at`, `created_at`, `updated_at`) VALUES (48, 54, 'FOLLOWING', '2015-11-05 20:52:42', '1995-08-08 13:12:21', '2006-12-06 20:15:54', '2004-05-31 21:57:24');
INSERT INTO `friendship` (`user_id`, `friend_id`, `friendship_status`, `requested_at`, `confirmed_at`, `created_at`, `updated_at`) VALUES (48, 73, 'FOLLOWING', '1987-03-10 22:41:13', '1975-05-05 23:33:38', '1984-04-03 15:11:40', '2006-05-30 22:53:14');
INSERT INTO `friendship` (`user_id`, `friend_id`, `friendship_status`, `requested_at`, `confirmed_at`, `created_at`, `updated_at`) VALUES (48, 97, 'FOLLOWING', '1982-11-09 10:30:40', '2007-02-16 01:48:24', '2009-07-17 15:29:20', '1982-07-29 06:17:14');
INSERT INTO `friendship` (`user_id`, `friend_id`, `friendship_status`, `requested_at`, `confirmed_at`, `created_at`, `updated_at`) VALUES (49, 8, 'FOLLOWING', '2005-11-22 18:38:18', '2000-01-29 02:40:09', '1990-10-30 16:27:32', '1997-01-24 20:24:09');
INSERT INTO `friendship` (`user_id`, `friend_id`, `friendship_status`, `requested_at`, `confirmed_at`, `created_at`, `updated_at`) VALUES (49, 68, 'FOLLOWING', '2020-01-12 03:08:17', '1996-08-18 09:05:03', '1998-05-04 05:55:57', '1979-01-18 08:25:27');
INSERT INTO `friendship` (`user_id`, `friend_id`, `friendship_status`, `requested_at`, `confirmed_at`, `created_at`, `updated_at`) VALUES (49, 77, 'FOLLOWING', '1973-12-17 08:36:51', '2004-12-17 09:11:12', '2001-10-06 05:02:45', '2002-07-22 19:58:52');
INSERT INTO `friendship` (`user_id`, `friend_id`, `friendship_status`, `requested_at`, `confirmed_at`, `created_at`, `updated_at`) VALUES (49, 85, 'FOLLOWING', '2017-01-21 22:31:07', '1992-11-10 23:33:02', '1990-06-08 19:38:09', '2003-03-20 01:52:45');
INSERT INTO `friendship` (`user_id`, `friend_id`, `friendship_status`, `requested_at`, `confirmed_at`, `created_at`, `updated_at`) VALUES (50, 8, 'FOLLOWING', '2018-08-31 12:54:50', '1987-10-05 03:09:13', '1992-01-29 04:30:21', '1972-01-09 03:30:56');
INSERT INTO `friendship` (`user_id`, `friend_id`, `friendship_status`, `requested_at`, `confirmed_at`, `created_at`, `updated_at`) VALUES (50, 17, 'FOLLOWING', '1972-04-24 14:37:33', '2003-03-25 08:58:34', '2015-01-13 08:33:22', '2015-05-05 01:31:50');
INSERT INTO `friendship` (`user_id`, `friend_id`, `friendship_status`, `requested_at`, `confirmed_at`, `created_at`, `updated_at`) VALUES (50, 94, 'FOLLOWING', '1995-08-12 04:29:22', '2019-10-19 12:39:08', '1972-09-02 18:59:02', '1982-12-10 00:04:03');
INSERT INTO `friendship` (`user_id`, `friend_id`, `friendship_status`, `requested_at`, `confirmed_at`, `created_at`, `updated_at`) VALUES (51, 89, 'FRIENDSHIP', '2004-01-22 18:59:48', '2019-08-10 13:35:19', '1993-10-13 13:16:56', '2014-01-17 13:41:44');
INSERT INTO `friendship` (`user_id`, `friend_id`, `friendship_status`, `requested_at`, `confirmed_at`, `created_at`, `updated_at`) VALUES (52, 14, 'FOLLOWING', '1972-07-24 08:38:34', '1999-06-19 07:36:01', '2010-02-09 07:22:10', '1970-11-27 01:34:28');
INSERT INTO `friendship` (`user_id`, `friend_id`, `friendship_status`, `requested_at`, `confirmed_at`, `created_at`, `updated_at`) VALUES (52, 27, 'FOLLOWING', '2014-10-01 01:53:13', '1985-04-14 14:50:25', '1989-05-15 13:19:56', '2014-01-26 03:06:54');
INSERT INTO `friendship` (`user_id`, `friend_id`, `friendship_status`, `requested_at`, `confirmed_at`, `created_at`, `updated_at`) VALUES (52, 67, 'FRIENDSHIP', '2008-06-16 00:16:17', '2012-01-13 09:01:23', '2018-10-07 15:10:32', '1977-01-14 04:25:31');
INSERT INTO `friendship` (`user_id`, `friend_id`, `friendship_status`, `requested_at`, `confirmed_at`, `created_at`, `updated_at`) VALUES (52, 85, 'BLOCKED', '1977-04-17 04:52:36', '1986-10-21 17:55:09', '2019-01-16 16:02:58', '2009-04-10 20:45:49');
INSERT INTO `friendship` (`user_id`, `friend_id`, `friendship_status`, `requested_at`, `confirmed_at`, `created_at`, `updated_at`) VALUES (53, 27, 'FOLLOWING', '2020-12-17 11:30:24', '1987-12-20 14:26:00', '1989-03-02 05:28:42', '1986-08-29 22:55:44');
INSERT INTO `friendship` (`user_id`, `friend_id`, `friendship_status`, `requested_at`, `confirmed_at`, `created_at`, `updated_at`) VALUES (53, 43, 'FRIENDSHIP', '1988-12-01 19:32:18', '1982-09-04 14:57:13', '1996-06-18 05:38:44', '2017-06-16 02:43:42');
INSERT INTO `friendship` (`user_id`, `friend_id`, `friendship_status`, `requested_at`, `confirmed_at`, `created_at`, `updated_at`) VALUES (53, 87, 'FOLLOWING', '2021-01-09 15:10:23', '2003-08-01 11:33:33', '2014-06-14 09:38:45', '2015-06-04 00:28:58');
INSERT INTO `friendship` (`user_id`, `friend_id`, `friendship_status`, `requested_at`, `confirmed_at`, `created_at`, `updated_at`) VALUES (55, 66, 'FRIENDSHIP', '1988-12-04 04:09:56', '1970-03-21 13:41:58', '2006-11-26 06:51:26', '2004-08-28 03:35:52');
INSERT INTO `friendship` (`user_id`, `friend_id`, `friendship_status`, `requested_at`, `confirmed_at`, `created_at`, `updated_at`) VALUES (55, 82, 'FOLLOWING', '1980-03-27 09:23:33', '2019-08-11 02:29:04', '2018-08-26 03:39:30', '2013-03-22 21:06:41');
INSERT INTO `friendship` (`user_id`, `friend_id`, `friendship_status`, `requested_at`, `confirmed_at`, `created_at`, `updated_at`) VALUES (55, 91, 'BLOCKED', '1986-11-12 08:34:28', '2013-10-23 01:14:22', '2019-10-18 15:58:46', '1970-09-03 03:55:36');
INSERT INTO `friendship` (`user_id`, `friend_id`, `friendship_status`, `requested_at`, `confirmed_at`, `created_at`, `updated_at`) VALUES (56, 1, 'FRIENDSHIP', '2017-08-22 03:29:59', '1973-10-13 19:32:45', '1978-09-01 00:30:41', '1979-11-29 21:02:06');
INSERT INTO `friendship` (`user_id`, `friend_id`, `friendship_status`, `requested_at`, `confirmed_at`, `created_at`, `updated_at`) VALUES (56, 19, 'FOLLOWING', '1974-08-27 16:51:44', '1988-10-25 09:09:57', '1978-08-16 14:51:27', '2006-07-28 22:38:17');
INSERT INTO `friendship` (`user_id`, `friend_id`, `friendship_status`, `requested_at`, `confirmed_at`, `created_at`, `updated_at`) VALUES (56, 38, 'FOLLOWING', '2009-06-05 16:10:32', '2005-05-25 22:55:54', '1991-01-09 23:35:01', '1986-04-18 16:45:06');
INSERT INTO `friendship` (`user_id`, `friend_id`, `friendship_status`, `requested_at`, `confirmed_at`, `created_at`, `updated_at`) VALUES (56, 41, 'BLOCKED', '1972-07-28 09:25:02', '2019-05-20 09:16:59', '2013-04-25 22:58:19', '2012-08-17 05:32:52');
INSERT INTO `friendship` (`user_id`, `friend_id`, `friendship_status`, `requested_at`, `confirmed_at`, `created_at`, `updated_at`) VALUES (56, 65, 'FRIENDSHIP', '2011-07-18 18:36:39', '2000-10-19 21:43:49', '1997-01-19 02:51:14', '1983-06-02 14:48:14');
INSERT INTO `friendship` (`user_id`, `friend_id`, `friendship_status`, `requested_at`, `confirmed_at`, `created_at`, `updated_at`) VALUES (56, 83, 'BLOCKED', '1993-05-01 17:16:01', '1973-10-27 12:51:14', '1982-01-09 18:43:34', '2001-07-26 04:13:13');
INSERT INTO `friendship` (`user_id`, `friend_id`, `friendship_status`, `requested_at`, `confirmed_at`, `created_at`, `updated_at`) VALUES (57, 66, 'FOLLOWING', '2002-06-03 04:35:40', '2014-10-22 08:46:21', '2006-03-13 08:54:47', '2012-12-06 23:41:09');
INSERT INTO `friendship` (`user_id`, `friend_id`, `friendship_status`, `requested_at`, `confirmed_at`, `created_at`, `updated_at`) VALUES (57, 70, 'BLOCKED', '1979-11-23 00:25:38', '2004-08-28 22:26:27', '1986-04-13 06:50:14', '2008-09-13 04:10:43');
INSERT INTO `friendship` (`user_id`, `friend_id`, `friendship_status`, `requested_at`, `confirmed_at`, `created_at`, `updated_at`) VALUES (59, 17, 'FRIENDSHIP', '1989-02-27 04:47:39', '1989-03-31 06:29:29', '2007-09-22 06:34:48', '1986-12-09 02:57:17');
INSERT INTO `friendship` (`user_id`, `friend_id`, `friendship_status`, `requested_at`, `confirmed_at`, `created_at`, `updated_at`) VALUES (59, 97, 'FRIENDSHIP', '2018-11-08 09:39:40', '1981-10-20 05:24:42', '1976-05-12 11:03:45', '1990-09-27 08:22:46');
INSERT INTO `friendship` (`user_id`, `friend_id`, `friendship_status`, `requested_at`, `confirmed_at`, `created_at`, `updated_at`) VALUES (60, 12, 'FRIENDSHIP', '2008-07-16 17:22:18', '1990-06-19 03:58:21', '1985-06-14 12:48:36', '1987-07-05 12:47:28');
INSERT INTO `friendship` (`user_id`, `friend_id`, `friendship_status`, `requested_at`, `confirmed_at`, `created_at`, `updated_at`) VALUES (60, 41, 'FRIENDSHIP', '1972-02-16 16:21:33', '1983-07-01 20:23:36', '1995-01-04 08:55:34', '1979-06-25 08:06:00');
INSERT INTO `friendship` (`user_id`, `friend_id`, `friendship_status`, `requested_at`, `confirmed_at`, `created_at`, `updated_at`) VALUES (60, 42, 'BLOCKED', '1971-12-10 16:29:16', '2009-12-28 10:48:28', '1997-01-21 01:43:20', '1978-01-31 00:54:20');
INSERT INTO `friendship` (`user_id`, `friend_id`, `friendship_status`, `requested_at`, `confirmed_at`, `created_at`, `updated_at`) VALUES (60, 57, 'FOLLOWING', '2011-09-28 18:36:15', '2018-11-28 09:01:25', '2012-03-08 13:50:20', '1983-02-09 17:13:44');
INSERT INTO `friendship` (`user_id`, `friend_id`, `friendship_status`, `requested_at`, `confirmed_at`, `created_at`, `updated_at`) VALUES (60, 60, 'FRIENDSHIP', '2015-02-09 05:33:58', '2014-12-01 11:17:57', '2003-12-10 20:20:11', '2015-10-05 00:16:48');
INSERT INTO `friendship` (`user_id`, `friend_id`, `friendship_status`, `requested_at`, `confirmed_at`, `created_at`, `updated_at`) VALUES (60, 79, 'FOLLOWING', '1988-07-09 12:22:27', '1982-10-01 08:36:28', '1983-05-17 11:19:02', '1998-10-22 09:22:02');
INSERT INTO `friendship` (`user_id`, `friend_id`, `friendship_status`, `requested_at`, `confirmed_at`, `created_at`, `updated_at`) VALUES (61, 24, 'FRIENDSHIP', '2014-11-02 21:48:14', '1995-06-18 03:00:42', '1988-01-18 02:04:08', '2003-12-11 11:06:49');
INSERT INTO `friendship` (`user_id`, `friend_id`, `friendship_status`, `requested_at`, `confirmed_at`, `created_at`, `updated_at`) VALUES (61, 61, 'FRIENDSHIP', '1983-02-25 20:21:06', '1979-09-26 21:18:04', '1973-12-10 08:24:16', '2012-07-02 23:41:38');
INSERT INTO `friendship` (`user_id`, `friend_id`, `friendship_status`, `requested_at`, `confirmed_at`, `created_at`, `updated_at`) VALUES (61, 67, 'FOLLOWING', '2007-12-22 16:00:01', '2014-03-09 17:34:44', '1980-01-18 17:43:51', '2009-01-26 21:57:44');
INSERT INTO `friendship` (`user_id`, `friend_id`, `friendship_status`, `requested_at`, `confirmed_at`, `created_at`, `updated_at`) VALUES (62, 70, 'FOLLOWING', '1972-04-09 15:30:54', '1980-09-11 07:14:46', '1979-10-14 08:12:33', '2004-06-16 17:11:24');
INSERT INTO `friendship` (`user_id`, `friend_id`, `friendship_status`, `requested_at`, `confirmed_at`, `created_at`, `updated_at`) VALUES (64, 84, 'BLOCKED', '1988-11-10 17:11:25', '2011-12-24 11:09:14', '1995-05-20 18:16:50', '1999-05-12 15:45:01');
INSERT INTO `friendship` (`user_id`, `friend_id`, `friendship_status`, `requested_at`, `confirmed_at`, `created_at`, `updated_at`) VALUES (66, 8, 'BLOCKED', '2011-11-10 10:47:02', '2011-06-24 22:42:01', '1980-02-29 09:27:39', '1988-09-02 15:59:22');
INSERT INTO `friendship` (`user_id`, `friend_id`, `friendship_status`, `requested_at`, `confirmed_at`, `created_at`, `updated_at`) VALUES (66, 23, 'FRIENDSHIP', '1976-09-12 18:07:35', '1982-01-27 11:12:52', '2010-04-14 07:54:09', '2010-04-17 13:35:05');
INSERT INTO `friendship` (`user_id`, `friend_id`, `friendship_status`, `requested_at`, `confirmed_at`, `created_at`, `updated_at`) VALUES (66, 68, 'FOLLOWING', '2003-06-20 01:11:19', '2005-10-09 19:13:49', '1994-10-26 14:21:38', '1992-10-10 15:30:37');
INSERT INTO `friendship` (`user_id`, `friend_id`, `friendship_status`, `requested_at`, `confirmed_at`, `created_at`, `updated_at`) VALUES (67, 53, 'FOLLOWING', '2004-09-10 21:04:44', '1987-03-26 12:46:06', '2013-12-05 02:53:03', '2000-05-26 04:32:42');
INSERT INTO `friendship` (`user_id`, `friend_id`, `friendship_status`, `requested_at`, `confirmed_at`, `created_at`, `updated_at`) VALUES (68, 34, 'FRIENDSHIP', '2006-12-28 14:19:01', '1970-08-11 16:22:07', '1985-10-07 14:29:22', '1982-10-10 21:30:39');
INSERT INTO `friendship` (`user_id`, `friend_id`, `friendship_status`, `requested_at`, `confirmed_at`, `created_at`, `updated_at`) VALUES (68, 52, 'BLOCKED', '2019-09-12 09:16:08', '2020-03-18 09:14:12', '2010-03-21 00:04:10', '1977-08-19 05:39:25');
INSERT INTO `friendship` (`user_id`, `friend_id`, `friendship_status`, `requested_at`, `confirmed_at`, `created_at`, `updated_at`) VALUES (68, 67, 'FRIENDSHIP', '2015-06-14 16:16:46', '1992-06-16 18:47:07', '2019-04-22 22:15:11', '1971-10-30 19:26:01');
INSERT INTO `friendship` (`user_id`, `friend_id`, `friendship_status`, `requested_at`, `confirmed_at`, `created_at`, `updated_at`) VALUES (69, 36, 'FRIENDSHIP', '2005-11-04 09:07:41', '1989-09-22 17:44:11', '1982-03-23 20:33:08', '2006-11-20 22:35:14');
INSERT INTO `friendship` (`user_id`, `friend_id`, `friendship_status`, `requested_at`, `confirmed_at`, `created_at`, `updated_at`) VALUES (69, 39, 'FRIENDSHIP', '1970-01-09 03:22:50', '1988-07-15 08:02:34', '1983-04-17 04:06:41', '2007-12-16 03:22:27');
INSERT INTO `friendship` (`user_id`, `friend_id`, `friendship_status`, `requested_at`, `confirmed_at`, `created_at`, `updated_at`) VALUES (70, 9, 'FOLLOWING', '1991-03-01 13:41:52', '1981-11-14 06:46:11', '2018-07-20 18:57:04', '2004-02-27 20:22:55');
INSERT INTO `friendship` (`user_id`, `friend_id`, `friendship_status`, `requested_at`, `confirmed_at`, `created_at`, `updated_at`) VALUES (71, 41, 'BLOCKED', '1989-01-01 14:58:45', '2012-02-13 07:02:20', '2001-12-26 03:55:49', '1996-11-12 07:15:33');
INSERT INTO `friendship` (`user_id`, `friend_id`, `friendship_status`, `requested_at`, `confirmed_at`, `created_at`, `updated_at`) VALUES (72, 92, 'BLOCKED', '2000-06-23 02:17:41', '2021-01-29 14:02:17', '2019-08-29 18:12:58', '1992-01-25 10:55:15');
INSERT INTO `friendship` (`user_id`, `friend_id`, `friendship_status`, `requested_at`, `confirmed_at`, `created_at`, `updated_at`) VALUES (72, 97, 'FRIENDSHIP', '2016-06-30 14:45:21', '1979-03-06 04:25:02', '1989-12-01 07:01:33', '2021-06-17 21:02:10');
INSERT INTO `friendship` (`user_id`, `friend_id`, `friendship_status`, `requested_at`, `confirmed_at`, `created_at`, `updated_at`) VALUES (74, 17, 'FRIENDSHIP', '1980-11-17 16:50:35', '1994-07-22 17:32:04', '2000-06-10 01:40:48', '1984-05-10 10:28:43');
INSERT INTO `friendship` (`user_id`, `friend_id`, `friendship_status`, `requested_at`, `confirmed_at`, `created_at`, `updated_at`) VALUES (75, 3, 'FOLLOWING', '1970-10-27 11:40:59', '2007-04-08 01:25:23', '2001-09-22 20:36:35', '1999-03-05 17:38:09');
INSERT INTO `friendship` (`user_id`, `friend_id`, `friendship_status`, `requested_at`, `confirmed_at`, `created_at`, `updated_at`) VALUES (75, 13, 'FOLLOWING', '1991-12-24 04:32:34', '1989-09-14 05:23:38', '1971-04-23 13:16:30', '2012-08-18 10:14:36');
INSERT INTO `friendship` (`user_id`, `friend_id`, `friendship_status`, `requested_at`, `confirmed_at`, `created_at`, `updated_at`) VALUES (78, 14, 'FOLLOWING', '1980-06-27 07:02:03', '1986-04-21 22:50:30', '2021-02-16 07:26:13', '2003-04-23 22:16:48');
INSERT INTO `friendship` (`user_id`, `friend_id`, `friendship_status`, `requested_at`, `confirmed_at`, `created_at`, `updated_at`) VALUES (78, 45, 'FRIENDSHIP', '1986-09-22 21:36:33', '1984-10-06 14:46:53', '1975-04-04 03:24:03', '1975-01-11 21:45:36');
INSERT INTO `friendship` (`user_id`, `friend_id`, `friendship_status`, `requested_at`, `confirmed_at`, `created_at`, `updated_at`) VALUES (78, 85, 'FRIENDSHIP', '1985-03-19 04:18:02', '2021-05-07 10:51:20', '2005-02-20 15:44:49', '2007-03-04 10:32:14');
INSERT INTO `friendship` (`user_id`, `friend_id`, `friendship_status`, `requested_at`, `confirmed_at`, `created_at`, `updated_at`) VALUES (80, 7, 'FRIENDSHIP', '1977-05-22 12:46:35', '2006-05-25 04:30:06', '1987-02-02 06:19:43', '2021-05-16 23:30:00');
INSERT INTO `friendship` (`user_id`, `friend_id`, `friendship_status`, `requested_at`, `confirmed_at`, `created_at`, `updated_at`) VALUES (80, 78, 'FRIENDSHIP', '1987-07-06 18:36:06', '2015-12-22 18:14:25', '1997-10-24 00:27:23', '2005-09-17 22:10:47');
INSERT INTO `friendship` (`user_id`, `friend_id`, `friendship_status`, `requested_at`, `confirmed_at`, `created_at`, `updated_at`) VALUES (80, 82, 'BLOCKED', '1983-08-17 20:14:00', '1970-09-09 03:20:53', '2018-09-08 05:49:20', '1996-02-01 02:15:12');
INSERT INTO `friendship` (`user_id`, `friend_id`, `friendship_status`, `requested_at`, `confirmed_at`, `created_at`, `updated_at`) VALUES (80, 87, 'FOLLOWING', '1981-09-13 03:57:13', '1988-11-13 19:48:27', '1988-04-19 22:59:19', '1981-08-21 23:34:21');
INSERT INTO `friendship` (`user_id`, `friend_id`, `friendship_status`, `requested_at`, `confirmed_at`, `created_at`, `updated_at`) VALUES (80, 93, 'BLOCKED', '1974-06-11 21:46:14', '2015-06-07 08:28:35', '1989-12-04 22:28:23', '1985-03-24 10:08:15');
INSERT INTO `friendship` (`user_id`, `friend_id`, `friendship_status`, `requested_at`, `confirmed_at`, `created_at`, `updated_at`) VALUES (81, 26, 'FOLLOWING', '2010-11-19 09:30:38', '1970-03-14 04:14:45', '2019-08-24 00:48:18', '2020-05-30 14:22:02');
INSERT INTO `friendship` (`user_id`, `friend_id`, `friendship_status`, `requested_at`, `confirmed_at`, `created_at`, `updated_at`) VALUES (81, 40, 'BLOCKED', '2018-05-15 09:24:16', '2015-08-24 12:39:39', '1987-08-22 07:56:15', '1981-09-06 16:29:09');
INSERT INTO `friendship` (`user_id`, `friend_id`, `friendship_status`, `requested_at`, `confirmed_at`, `created_at`, `updated_at`) VALUES (82, 19, 'FOLLOWING', '1988-10-12 16:04:20', '1984-02-08 11:04:39', '2020-10-16 22:09:53', '1974-02-20 16:11:41');
INSERT INTO `friendship` (`user_id`, `friend_id`, `friendship_status`, `requested_at`, `confirmed_at`, `created_at`, `updated_at`) VALUES (82, 29, 'FOLLOWING', '2016-12-11 03:45:11', '1988-05-12 18:46:31', '1990-04-14 17:50:32', '2010-10-04 23:25:39');
INSERT INTO `friendship` (`user_id`, `friend_id`, `friendship_status`, `requested_at`, `confirmed_at`, `created_at`, `updated_at`) VALUES (82, 56, 'FOLLOWING', '2004-01-13 03:40:28', '1993-04-24 16:41:56', '1975-03-10 03:20:54', '2019-11-12 04:08:31');
INSERT INTO `friendship` (`user_id`, `friend_id`, `friendship_status`, `requested_at`, `confirmed_at`, `created_at`, `updated_at`) VALUES (83, 34, 'FOLLOWING', '2012-04-11 22:12:34', '1998-05-18 16:07:36', '2017-09-17 13:45:40', '1971-02-16 21:43:59');
INSERT INTO `friendship` (`user_id`, `friend_id`, `friendship_status`, `requested_at`, `confirmed_at`, `created_at`, `updated_at`) VALUES (83, 100, 'BLOCKED', '2013-01-15 15:31:35', '1974-05-21 06:47:40', '1985-10-15 11:04:28', '2013-11-12 01:41:48');
INSERT INTO `friendship` (`user_id`, `friend_id`, `friendship_status`, `requested_at`, `confirmed_at`, `created_at`, `updated_at`) VALUES (84, 32, 'FRIENDSHIP', '1986-11-17 11:27:27', '2014-01-18 22:43:34', '2011-04-05 15:55:15', '1983-07-18 23:04:01');
INSERT INTO `friendship` (`user_id`, `friend_id`, `friendship_status`, `requested_at`, `confirmed_at`, `created_at`, `updated_at`) VALUES (85, 32, 'FOLLOWING', '1990-03-27 08:30:40', '2017-11-06 04:52:35', '2010-09-12 20:32:22', '1973-12-22 03:59:15');
INSERT INTO `friendship` (`user_id`, `friend_id`, `friendship_status`, `requested_at`, `confirmed_at`, `created_at`, `updated_at`) VALUES (85, 43, 'FOLLOWING', '2011-08-01 12:40:46', '1992-07-25 02:11:51', '1975-10-20 22:00:31', '2005-10-06 06:15:22');
INSERT INTO `friendship` (`user_id`, `friend_id`, `friendship_status`, `requested_at`, `confirmed_at`, `created_at`, `updated_at`) VALUES (85, 86, 'FOLLOWING', '1997-06-09 05:11:26', '2020-11-23 20:43:09', '1981-08-02 10:07:14', '1991-07-01 13:01:51');
INSERT INTO `friendship` (`user_id`, `friend_id`, `friendship_status`, `requested_at`, `confirmed_at`, `created_at`, `updated_at`) VALUES (85, 93, 'BLOCKED', '1981-09-22 16:57:04', '1990-07-25 16:44:50', '2017-05-12 18:22:38', '2007-02-09 13:18:01');
INSERT INTO `friendship` (`user_id`, `friend_id`, `friendship_status`, `requested_at`, `confirmed_at`, `created_at`, `updated_at`) VALUES (85, 96, 'FOLLOWING', '1984-05-29 22:58:24', '1983-03-20 20:18:22', '1991-12-08 05:46:54', '1998-06-22 21:37:45');
INSERT INTO `friendship` (`user_id`, `friend_id`, `friendship_status`, `requested_at`, `confirmed_at`, `created_at`, `updated_at`) VALUES (86, 31, 'BLOCKED', '2014-02-13 02:51:06', '1986-09-09 10:38:02', '2015-11-20 14:39:08', '1988-02-19 17:58:16');
INSERT INTO `friendship` (`user_id`, `friend_id`, `friendship_status`, `requested_at`, `confirmed_at`, `created_at`, `updated_at`) VALUES (86, 58, 'FRIENDSHIP', '2010-08-20 10:14:50', '2006-10-30 07:58:36', '2013-09-07 21:02:40', '1979-10-13 16:31:29');
INSERT INTO `friendship` (`user_id`, `friend_id`, `friendship_status`, `requested_at`, `confirmed_at`, `created_at`, `updated_at`) VALUES (86, 100, 'FOLLOWING', '1978-07-31 16:52:01', '2007-11-22 14:08:44', '2010-02-11 07:13:48', '1970-10-31 08:19:57');
INSERT INTO `friendship` (`user_id`, `friend_id`, `friendship_status`, `requested_at`, `confirmed_at`, `created_at`, `updated_at`) VALUES (87, 1, 'FRIENDSHIP', '1987-01-29 09:21:34', '1970-03-21 23:48:38', '2015-06-18 21:21:05', '1972-07-02 13:32:46');
INSERT INTO `friendship` (`user_id`, `friend_id`, `friendship_status`, `requested_at`, `confirmed_at`, `created_at`, `updated_at`) VALUES (87, 6, 'BLOCKED', '1974-03-14 03:25:59', '2013-05-18 05:35:50', '2009-08-16 19:45:15', '2008-08-19 03:48:13');
INSERT INTO `friendship` (`user_id`, `friend_id`, `friendship_status`, `requested_at`, `confirmed_at`, `created_at`, `updated_at`) VALUES (87, 94, 'BLOCKED', '1993-09-03 02:17:57', '1992-08-10 20:44:32', '2014-10-22 14:17:35', '2018-03-11 06:58:15');
INSERT INTO `friendship` (`user_id`, `friend_id`, `friendship_status`, `requested_at`, `confirmed_at`, `created_at`, `updated_at`) VALUES (89, 18, 'FRIENDSHIP', '2014-11-13 07:15:58', '1988-11-28 09:55:55', '1998-11-14 10:57:37', '1980-09-10 08:21:13');
INSERT INTO `friendship` (`user_id`, `friend_id`, `friendship_status`, `requested_at`, `confirmed_at`, `created_at`, `updated_at`) VALUES (89, 55, 'FRIENDSHIP', '2019-07-07 16:03:45', '1990-02-02 14:56:19', '1984-08-31 01:31:45', '1986-08-13 13:02:15');
INSERT INTO `friendship` (`user_id`, `friend_id`, `friendship_status`, `requested_at`, `confirmed_at`, `created_at`, `updated_at`) VALUES (89, 65, 'BLOCKED', '2002-08-30 16:07:58', '2001-10-04 03:45:47', '2016-06-22 02:33:30', '1990-05-23 03:34:13');
INSERT INTO `friendship` (`user_id`, `friend_id`, `friendship_status`, `requested_at`, `confirmed_at`, `created_at`, `updated_at`) VALUES (90, 43, 'FOLLOWING', '2001-02-28 23:01:30', '1984-09-19 11:31:13', '1997-05-03 11:28:52', '2010-09-26 14:00:22');
INSERT INTO `friendship` (`user_id`, `friend_id`, `friendship_status`, `requested_at`, `confirmed_at`, `created_at`, `updated_at`) VALUES (90, 94, 'BLOCKED', '2015-09-05 09:32:51', '2015-10-05 05:15:14', '2016-06-21 19:50:35', '1995-09-05 03:25:09');
INSERT INTO `friendship` (`user_id`, `friend_id`, `friendship_status`, `requested_at`, `confirmed_at`, `created_at`, `updated_at`) VALUES (91, 25, 'FRIENDSHIP', '1993-02-16 20:13:30', '1985-10-08 07:33:18', '2017-02-14 04:27:18', '1994-10-01 23:16:27');
INSERT INTO `friendship` (`user_id`, `friend_id`, `friendship_status`, `requested_at`, `confirmed_at`, `created_at`, `updated_at`) VALUES (91, 28, 'FOLLOWING', '2017-06-04 00:33:11', '1982-07-10 18:32:51', '1991-08-14 15:01:11', '2020-01-17 22:59:25');
INSERT INTO `friendship` (`user_id`, `friend_id`, `friendship_status`, `requested_at`, `confirmed_at`, `created_at`, `updated_at`) VALUES (91, 75, 'FRIENDSHIP', '2018-03-03 12:28:35', '1985-04-11 20:35:08', '2021-06-29 09:45:41', '1997-06-10 21:21:24');
INSERT INTO `friendship` (`user_id`, `friend_id`, `friendship_status`, `requested_at`, `confirmed_at`, `created_at`, `updated_at`) VALUES (92, 13, 'BLOCKED', '2018-10-05 11:43:14', '1979-11-21 19:33:40', '2020-10-09 15:58:22', '2013-11-30 13:39:11');
INSERT INTO `friendship` (`user_id`, `friend_id`, `friendship_status`, `requested_at`, `confirmed_at`, `created_at`, `updated_at`) VALUES (92, 27, 'BLOCKED', '1978-08-23 06:27:41', '1996-02-11 04:53:01', '1972-10-18 07:09:56', '1992-12-24 13:00:37');
INSERT INTO `friendship` (`user_id`, `friend_id`, `friendship_status`, `requested_at`, `confirmed_at`, `created_at`, `updated_at`) VALUES (92, 92, 'BLOCKED', '1986-11-27 06:30:59', '1987-07-05 15:55:55', '1980-03-30 13:53:32', '2012-02-08 22:37:26');
INSERT INTO `friendship` (`user_id`, `friend_id`, `friendship_status`, `requested_at`, `confirmed_at`, `created_at`, `updated_at`) VALUES (94, 46, 'BLOCKED', '2018-11-01 12:06:00', '2015-11-22 01:34:10', '1998-05-25 21:22:59', '1993-09-23 15:00:08');
INSERT INTO `friendship` (`user_id`, `friend_id`, `friendship_status`, `requested_at`, `confirmed_at`, `created_at`, `updated_at`) VALUES (94, 79, 'BLOCKED', '1999-04-18 05:50:54', '1998-06-17 10:06:19', '1981-03-02 22:03:31', '1983-04-21 22:43:48');
INSERT INTO `friendship` (`user_id`, `friend_id`, `friendship_status`, `requested_at`, `confirmed_at`, `created_at`, `updated_at`) VALUES (94, 96, 'FOLLOWING', '2004-11-29 05:24:24', '2004-08-16 16:51:52', '1994-11-25 10:25:45', '2005-12-22 20:11:14');
INSERT INTO `friendship` (`user_id`, `friend_id`, `friendship_status`, `requested_at`, `confirmed_at`, `created_at`, `updated_at`) VALUES (95, 13, 'FOLLOWING', '2002-02-20 18:46:30', '2011-01-03 19:33:47', '2003-10-03 07:14:11', '1977-07-06 00:37:19');
INSERT INTO `friendship` (`user_id`, `friend_id`, `friendship_status`, `requested_at`, `confirmed_at`, `created_at`, `updated_at`) VALUES (95, 67, 'FRIENDSHIP', '1973-10-14 11:41:29', '1978-03-18 10:34:39', '1974-01-20 21:13:27', '1986-06-14 07:04:15');
INSERT INTO `friendship` (`user_id`, `friend_id`, `friendship_status`, `requested_at`, `confirmed_at`, `created_at`, `updated_at`) VALUES (96, 69, 'FRIENDSHIP', '2013-09-03 12:31:22', '1995-06-15 21:47:55', '2017-10-05 04:27:42', '2020-07-07 13:56:55');
INSERT INTO `friendship` (`user_id`, `friend_id`, `friendship_status`, `requested_at`, `confirmed_at`, `created_at`, `updated_at`) VALUES (97, 2, 'FOLLOWING', '1986-09-29 18:21:42', '1975-08-20 15:39:03', '2003-12-26 10:57:40', '1989-06-26 22:49:01');
INSERT INTO `friendship` (`user_id`, `friend_id`, `friendship_status`, `requested_at`, `confirmed_at`, `created_at`, `updated_at`) VALUES (97, 8, 'FOLLOWING', '1999-03-14 01:12:57', '1984-03-23 05:38:33', '1995-04-02 15:30:05', '1974-09-03 11:11:39');
INSERT INTO `friendship` (`user_id`, `friend_id`, `friendship_status`, `requested_at`, `confirmed_at`, `created_at`, `updated_at`) VALUES (97, 26, 'FOLLOWING', '1994-08-16 16:20:11', '2021-05-26 06:02:05', '2007-03-30 04:08:55', '2021-06-17 19:15:28');
INSERT INTO `friendship` (`user_id`, `friend_id`, `friendship_status`, `requested_at`, `confirmed_at`, `created_at`, `updated_at`) VALUES (98, 9, 'BLOCKED', '1997-10-27 07:46:02', '2002-07-05 20:00:37', '2007-07-30 01:40:03', '1997-07-07 05:49:07');
INSERT INTO `friendship` (`user_id`, `friend_id`, `friendship_status`, `requested_at`, `confirmed_at`, `created_at`, `updated_at`) VALUES (99, 13, 'FOLLOWING', '2015-10-21 16:42:03', '2002-12-05 15:48:23', '2007-05-20 01:15:10', '2020-05-02 18:54:32');
INSERT INTO `friendship` (`user_id`, `friend_id`, `friendship_status`, `requested_at`, `confirmed_at`, `created_at`, `updated_at`) VALUES (99, 21, 'FRIENDSHIP', '2014-09-19 09:54:00', '1998-02-09 06:05:57', '1970-05-19 01:19:28', '2014-04-04 13:28:54');
INSERT INTO `friendship` (`user_id`, `friend_id`, `friendship_status`, `requested_at`, `confirmed_at`, `created_at`, `updated_at`) VALUES (100, 8, 'FOLLOWING', '1998-08-02 11:56:09', '2015-04-02 14:13:20', '1971-11-26 09:16:58', '1993-06-20 01:46:02');
INSERT INTO `friendship` (`user_id`, `friend_id`, `friendship_status`, `requested_at`, `confirmed_at`, `created_at`, `updated_at`) VALUES (100, 52, 'FOLLOWING', '2006-01-09 12:25:08', '1993-11-22 06:34:00', '2005-10-22 18:06:23', '1986-04-07 13:11:42');
INSERT INTO `friendship` (`user_id`, `friend_id`, `friendship_status`, `requested_at`, `confirmed_at`, `created_at`, `updated_at`) VALUES (100, 64, 'FRIENDSHIP', '1977-10-28 22:45:48', '2019-10-23 15:15:46', '1994-03-15 19:44:17', '2012-06-01 20:57:02');
INSERT INTO `friendship` (`user_id`, `friend_id`, `friendship_status`, `requested_at`, `confirmed_at`, `created_at`, `updated_at`) VALUES (100, 83, 'FOLLOWING', '1987-12-03 10:13:52', '1998-09-13 08:09:52', '1988-11-10 13:18:19', '2019-02-15 12:09:19');
INSERT INTO `friendship` (`user_id`, `friend_id`, `friendship_status`, `requested_at`, `confirmed_at`, `created_at`, `updated_at`) VALUES (100, 86, 'FRIENDSHIP', '1993-11-07 15:09:46', '2016-08-01 09:23:04', '1994-03-28 05:11:22', '1976-07-13 23:47:13');
INSERT INTO `friendship` (`user_id`, `friend_id`, `friendship_status`, `requested_at`, `confirmed_at`, `created_at`, `updated_at`) VALUES (100, 87, 'FRIENDSHIP', '1993-07-13 08:55:16', '1986-10-22 12:13:46', '1978-01-06 19:14:19', '1989-04-09 00:54:36');

INSERT INTO `likes` (`id`, `from_user_id`, `entity_id`, `entity_name`, `created_at`, `updated_at`) VALUES (1, 44, 25, 'community', '1989-08-29 16:35:37', '1997-10-29 12:31:09');
INSERT INTO `likes` (`id`, `from_user_id`, `entity_id`, `entity_name`, `created_at`, `updated_at`) VALUES (2, 48, 48, 'message', '2002-04-18 06:11:51', '1990-07-13 01:28:42');
INSERT INTO `likes` (`id`, `from_user_id`, `entity_id`, `entity_name`, `created_at`, `updated_at`) VALUES (3, 59, 37, 'post', '1975-05-13 08:16:55', '1991-02-10 01:38:10');
INSERT INTO `likes` (`id`, `from_user_id`, `entity_id`, `entity_name`, `created_at`, `updated_at`) VALUES (4, 21, 10, 'user', '1973-07-24 13:42:58', '2006-03-09 05:38:13');
INSERT INTO `likes` (`id`, `from_user_id`, `entity_id`, `entity_name`, `created_at`, `updated_at`) VALUES (5, 30, 62, 'community', '1973-01-17 01:34:18', '1973-05-02 11:22:39');
INSERT INTO `likes` (`id`, `from_user_id`, `entity_id`, `entity_name`, `created_at`, `updated_at`) VALUES (6, 47, 19, 'message', '2020-07-27 09:28:31', '1994-03-09 09:54:38');
INSERT INTO `likes` (`id`, `from_user_id`, `entity_id`, `entity_name`, `created_at`, `updated_at`) VALUES (7, 84, 39, 'post', '1979-01-06 00:17:22', '1992-07-21 21:00:41');
INSERT INTO `likes` (`id`, `from_user_id`, `entity_id`, `entity_name`, `created_at`, `updated_at`) VALUES (8, 31, 43, 'user', '1991-06-15 15:27:11', '2010-08-11 02:12:37');
INSERT INTO `likes` (`id`, `from_user_id`, `entity_id`, `entity_name`, `created_at`, `updated_at`) VALUES (9, 99, 41, 'community', '2009-12-31 08:26:16', '1999-09-30 06:36:51');
INSERT INTO `likes` (`id`, `from_user_id`, `entity_id`, `entity_name`, `created_at`, `updated_at`) VALUES (10, 90, 66, 'message', '1981-02-12 04:12:02', '1988-11-22 23:33:09');
INSERT INTO `likes` (`id`, `from_user_id`, `entity_id`, `entity_name`, `created_at`, `updated_at`) VALUES (11, 17, 36, 'post', '2009-08-21 07:07:08', '2014-11-11 21:04:34');
INSERT INTO `likes` (`id`, `from_user_id`, `entity_id`, `entity_name`, `created_at`, `updated_at`) VALUES (12, 76, 96, 'user', '1973-08-07 20:07:02', '1978-09-01 05:45:52');
INSERT INTO `likes` (`id`, `from_user_id`, `entity_id`, `entity_name`, `created_at`, `updated_at`) VALUES (13, 12, 71, 'community', '1990-02-17 00:35:05', '1985-06-14 10:30:36');
INSERT INTO `likes` (`id`, `from_user_id`, `entity_id`, `entity_name`, `created_at`, `updated_at`) VALUES (14, 28, 60, 'message', '1984-11-14 05:23:15', '2003-01-09 21:02:00');
INSERT INTO `likes` (`id`, `from_user_id`, `entity_id`, `entity_name`, `created_at`, `updated_at`) VALUES (15, 33, 27, 'post', '1992-03-03 06:46:00', '1985-05-25 06:27:02');
INSERT INTO `likes` (`id`, `from_user_id`, `entity_id`, `entity_name`, `created_at`, `updated_at`) VALUES (16, 99, 77, 'user', '2017-05-27 20:51:37', '2017-08-17 18:01:16');
INSERT INTO `likes` (`id`, `from_user_id`, `entity_id`, `entity_name`, `created_at`, `updated_at`) VALUES (17, 51, 47, 'community', '1987-05-23 12:19:08', '1988-11-19 22:17:44');
INSERT INTO `likes` (`id`, `from_user_id`, `entity_id`, `entity_name`, `created_at`, `updated_at`) VALUES (18, 25, 9, 'message', '2003-05-09 10:53:20', '1980-12-12 19:45:36');
INSERT INTO `likes` (`id`, `from_user_id`, `entity_id`, `entity_name`, `created_at`, `updated_at`) VALUES (19, 83, 45, 'post', '1994-01-05 03:05:38', '2015-03-26 16:36:07');
INSERT INTO `likes` (`id`, `from_user_id`, `entity_id`, `entity_name`, `created_at`, `updated_at`) VALUES (20, 19, 13, 'user', '1993-12-20 13:59:08', '1999-07-21 09:43:43');
INSERT INTO `likes` (`id`, `from_user_id`, `entity_id`, `entity_name`, `created_at`, `updated_at`) VALUES (21, 7, 65, 'community', '2005-05-04 14:47:13', '2016-03-01 21:34:41');
INSERT INTO `likes` (`id`, `from_user_id`, `entity_id`, `entity_name`, `created_at`, `updated_at`) VALUES (22, 32, 90, 'message', '1986-07-31 07:24:11', '1995-11-27 05:14:44');
INSERT INTO `likes` (`id`, `from_user_id`, `entity_id`, `entity_name`, `created_at`, `updated_at`) VALUES (23, 4, 63, 'post', '2001-06-23 06:11:10', '2002-01-09 02:53:56');
INSERT INTO `likes` (`id`, `from_user_id`, `entity_id`, `entity_name`, `created_at`, `updated_at`) VALUES (24, 33, 2, 'user', '1994-04-04 11:49:35', '2018-01-26 10:24:04');
INSERT INTO `likes` (`id`, `from_user_id`, `entity_id`, `entity_name`, `created_at`, `updated_at`) VALUES (25, 3, 22, 'community', '1974-08-31 23:52:06', '2005-02-03 22:01:55');
INSERT INTO `likes` (`id`, `from_user_id`, `entity_id`, `entity_name`, `created_at`, `updated_at`) VALUES (26, 68, 20, 'message', '1984-11-19 00:53:35', '2006-08-09 02:16:01');
INSERT INTO `likes` (`id`, `from_user_id`, `entity_id`, `entity_name`, `created_at`, `updated_at`) VALUES (27, 58, 43, 'post', '2003-08-03 13:15:22', '1973-02-15 22:28:20');
INSERT INTO `likes` (`id`, `from_user_id`, `entity_id`, `entity_name`, `created_at`, `updated_at`) VALUES (28, 16, 69, 'user', '2001-05-02 18:05:00', '1997-04-11 11:21:44');
INSERT INTO `likes` (`id`, `from_user_id`, `entity_id`, `entity_name`, `created_at`, `updated_at`) VALUES (29, 13, 43, 'community', '1992-12-25 16:32:34', '2013-09-02 18:59:02');
INSERT INTO `likes` (`id`, `from_user_id`, `entity_id`, `entity_name`, `created_at`, `updated_at`) VALUES (30, 29, 46, 'message', '2008-03-07 18:28:01', '1993-06-15 22:39:22');
INSERT INTO `likes` (`id`, `from_user_id`, `entity_id`, `entity_name`, `created_at`, `updated_at`) VALUES (31, 69, 28, 'post', '1997-02-17 13:48:26', '1981-11-23 10:06:15');
INSERT INTO `likes` (`id`, `from_user_id`, `entity_id`, `entity_name`, `created_at`, `updated_at`) VALUES (32, 23, 19, 'user', '1976-02-08 14:00:45', '2007-04-10 23:58:53');
INSERT INTO `likes` (`id`, `from_user_id`, `entity_id`, `entity_name`, `created_at`, `updated_at`) VALUES (33, 74, 47, 'community', '2002-04-03 21:34:22', '2000-10-10 20:41:26');
INSERT INTO `likes` (`id`, `from_user_id`, `entity_id`, `entity_name`, `created_at`, `updated_at`) VALUES (34, 28, 57, 'message', '2019-06-12 10:22:32', '1983-10-11 16:34:34');
INSERT INTO `likes` (`id`, `from_user_id`, `entity_id`, `entity_name`, `created_at`, `updated_at`) VALUES (35, 92, 46, 'post', '1979-11-05 21:17:52', '2008-07-02 15:55:43');
INSERT INTO `likes` (`id`, `from_user_id`, `entity_id`, `entity_name`, `created_at`, `updated_at`) VALUES (36, 69, 98, 'user', '1977-08-07 20:34:16', '1980-11-24 02:46:39');
INSERT INTO `likes` (`id`, `from_user_id`, `entity_id`, `entity_name`, `created_at`, `updated_at`) VALUES (37, 11, 100, 'community', '1976-11-27 04:17:17', '1982-08-17 03:09:15');
INSERT INTO `likes` (`id`, `from_user_id`, `entity_id`, `entity_name`, `created_at`, `updated_at`) VALUES (38, 88, 14, 'message', '2009-01-13 14:16:00', '2002-06-09 19:02:27');
INSERT INTO `likes` (`id`, `from_user_id`, `entity_id`, `entity_name`, `created_at`, `updated_at`) VALUES (39, 62, 20, 'post', '1998-02-08 18:27:59', '1997-07-02 23:45:53');
INSERT INTO `likes` (`id`, `from_user_id`, `entity_id`, `entity_name`, `created_at`, `updated_at`) VALUES (40, 16, 65, 'user', '2018-03-17 11:57:56', '1982-06-29 18:23:15');
INSERT INTO `likes` (`id`, `from_user_id`, `entity_id`, `entity_name`, `created_at`, `updated_at`) VALUES (41, 42, 83, 'community', '2011-01-14 02:36:04', '1976-09-28 16:31:21');
INSERT INTO `likes` (`id`, `from_user_id`, `entity_id`, `entity_name`, `created_at`, `updated_at`) VALUES (42, 85, 99, 'message', '2007-11-29 18:48:07', '1986-11-29 05:17:36');
INSERT INTO `likes` (`id`, `from_user_id`, `entity_id`, `entity_name`, `created_at`, `updated_at`) VALUES (43, 26, 100, 'post', '2018-07-23 06:35:27', '1987-09-15 18:42:47');
INSERT INTO `likes` (`id`, `from_user_id`, `entity_id`, `entity_name`, `created_at`, `updated_at`) VALUES (44, 68, 39, 'user', '1973-09-04 04:47:37', '2018-12-16 18:03:22');
INSERT INTO `likes` (`id`, `from_user_id`, `entity_id`, `entity_name`, `created_at`, `updated_at`) VALUES (45, 42, 96, 'community', '1979-06-22 00:33:33', '2015-06-17 02:16:59');
INSERT INTO `likes` (`id`, `from_user_id`, `entity_id`, `entity_name`, `created_at`, `updated_at`) VALUES (46, 85, 11, 'message', '2016-04-11 15:35:42', '1998-04-12 05:45:39');
INSERT INTO `likes` (`id`, `from_user_id`, `entity_id`, `entity_name`, `created_at`, `updated_at`) VALUES (47, 23, 7, 'post', '2018-08-01 00:18:38', '2014-11-28 23:27:27');
INSERT INTO `likes` (`id`, `from_user_id`, `entity_id`, `entity_name`, `created_at`, `updated_at`) VALUES (48, 30, 97, 'user', '1987-03-13 10:41:10', '1996-07-18 03:43:00');
INSERT INTO `likes` (`id`, `from_user_id`, `entity_id`, `entity_name`, `created_at`, `updated_at`) VALUES (49, 53, 58, 'community', '1991-07-25 04:17:30', '1997-07-02 16:04:20');
INSERT INTO `likes` (`id`, `from_user_id`, `entity_id`, `entity_name`, `created_at`, `updated_at`) VALUES (50, 53, 44, 'message', '2014-12-31 15:00:02', '2000-10-11 08:22:25');
INSERT INTO `likes` (`id`, `from_user_id`, `entity_id`, `entity_name`, `created_at`, `updated_at`) VALUES (51, 3, 22, 'post', '1997-06-24 03:51:51', '2000-06-23 02:24:28');
INSERT INTO `likes` (`id`, `from_user_id`, `entity_id`, `entity_name`, `created_at`, `updated_at`) VALUES (52, 41, 14, 'user', '1974-07-09 20:57:58', '1988-10-09 07:46:29');
INSERT INTO `likes` (`id`, `from_user_id`, `entity_id`, `entity_name`, `created_at`, `updated_at`) VALUES (53, 22, 29, 'community', '1992-05-02 00:49:00', '2021-03-11 18:51:29');
INSERT INTO `likes` (`id`, `from_user_id`, `entity_id`, `entity_name`, `created_at`, `updated_at`) VALUES (54, 28, 83, 'message', '2015-11-04 07:26:36', '2005-12-02 18:32:24');
INSERT INTO `likes` (`id`, `from_user_id`, `entity_id`, `entity_name`, `created_at`, `updated_at`) VALUES (55, 48, 43, 'post', '1997-04-19 20:43:43', '2001-11-23 17:37:55');
INSERT INTO `likes` (`id`, `from_user_id`, `entity_id`, `entity_name`, `created_at`, `updated_at`) VALUES (56, 48, 90, 'user', '1994-08-12 04:53:57', '2016-08-10 03:24:19');
INSERT INTO `likes` (`id`, `from_user_id`, `entity_id`, `entity_name`, `created_at`, `updated_at`) VALUES (57, 26, 32, 'community', '1975-09-15 12:00:38', '2015-12-31 01:49:19');
INSERT INTO `likes` (`id`, `from_user_id`, `entity_id`, `entity_name`, `created_at`, `updated_at`) VALUES (58, 89, 52, 'message', '2014-02-02 12:10:52', '1986-05-06 09:12:59');
INSERT INTO `likes` (`id`, `from_user_id`, `entity_id`, `entity_name`, `created_at`, `updated_at`) VALUES (59, 31, 56, 'post', '2006-06-14 00:05:14', '1997-12-02 03:22:46');
INSERT INTO `likes` (`id`, `from_user_id`, `entity_id`, `entity_name`, `created_at`, `updated_at`) VALUES (60, 90, 73, 'user', '1983-02-08 23:50:13', '2013-11-29 21:12:33');
INSERT INTO `likes` (`id`, `from_user_id`, `entity_id`, `entity_name`, `created_at`, `updated_at`) VALUES (61, 52, 74, 'community', '1983-06-27 08:08:44', '2017-02-09 05:05:16');
INSERT INTO `likes` (`id`, `from_user_id`, `entity_id`, `entity_name`, `created_at`, `updated_at`) VALUES (62, 84, 75, 'message', '1975-09-01 04:11:14', '1988-05-30 20:20:28');
INSERT INTO `likes` (`id`, `from_user_id`, `entity_id`, `entity_name`, `created_at`, `updated_at`) VALUES (63, 80, 13, 'post', '2014-11-17 09:37:28', '1973-08-24 18:36:10');
INSERT INTO `likes` (`id`, `from_user_id`, `entity_id`, `entity_name`, `created_at`, `updated_at`) VALUES (64, 72, 33, 'user', '1996-11-05 00:46:22', '1981-04-30 07:15:25');
INSERT INTO `likes` (`id`, `from_user_id`, `entity_id`, `entity_name`, `created_at`, `updated_at`) VALUES (65, 70, 24, 'community', '2017-01-23 19:00:11', '2017-12-24 17:44:16');
INSERT INTO `likes` (`id`, `from_user_id`, `entity_id`, `entity_name`, `created_at`, `updated_at`) VALUES (66, 76, 73, 'message', '2000-11-18 08:11:42', '2007-02-16 19:32:02');
INSERT INTO `likes` (`id`, `from_user_id`, `entity_id`, `entity_name`, `created_at`, `updated_at`) VALUES (67, 46, 17, 'post', '1982-08-16 02:36:15', '1977-05-07 06:27:14');
INSERT INTO `likes` (`id`, `from_user_id`, `entity_id`, `entity_name`, `created_at`, `updated_at`) VALUES (68, 86, 67, 'user', '1986-10-11 01:35:31', '2021-03-05 10:07:38');
INSERT INTO `likes` (`id`, `from_user_id`, `entity_id`, `entity_name`, `created_at`, `updated_at`) VALUES (69, 45, 14, 'community', '1989-09-04 11:31:44', '1996-02-01 20:26:33');
INSERT INTO `likes` (`id`, `from_user_id`, `entity_id`, `entity_name`, `created_at`, `updated_at`) VALUES (70, 50, 93, 'message', '2020-07-05 03:40:25', '1983-07-02 09:03:52');
INSERT INTO `likes` (`id`, `from_user_id`, `entity_id`, `entity_name`, `created_at`, `updated_at`) VALUES (71, 57, 97, 'post', '1983-11-27 14:30:03', '1986-12-08 20:52:18');
INSERT INTO `likes` (`id`, `from_user_id`, `entity_id`, `entity_name`, `created_at`, `updated_at`) VALUES (72, 82, 82, 'user', '1978-12-05 01:34:42', '2002-01-31 12:48:49');
INSERT INTO `likes` (`id`, `from_user_id`, `entity_id`, `entity_name`, `created_at`, `updated_at`) VALUES (73, 29, 71, 'community', '1980-12-03 15:00:17', '1972-08-07 10:37:55');
INSERT INTO `likes` (`id`, `from_user_id`, `entity_id`, `entity_name`, `created_at`, `updated_at`) VALUES (74, 33, 59, 'message', '2020-04-06 00:35:47', '2013-03-12 15:07:28');
INSERT INTO `likes` (`id`, `from_user_id`, `entity_id`, `entity_name`, `created_at`, `updated_at`) VALUES (75, 27, 23, 'post', '1979-03-01 06:20:52', '2008-10-07 07:48:48');
INSERT INTO `likes` (`id`, `from_user_id`, `entity_id`, `entity_name`, `created_at`, `updated_at`) VALUES (76, 32, 78, 'user', '1983-08-02 15:21:32', '1978-07-12 19:19:00');
INSERT INTO `likes` (`id`, `from_user_id`, `entity_id`, `entity_name`, `created_at`, `updated_at`) VALUES (77, 96, 15, 'community', '2020-12-30 19:24:49', '1994-09-01 15:16:05');
INSERT INTO `likes` (`id`, `from_user_id`, `entity_id`, `entity_name`, `created_at`, `updated_at`) VALUES (78, 53, 76, 'message', '1975-01-03 02:31:50', '1993-02-14 08:49:33');
INSERT INTO `likes` (`id`, `from_user_id`, `entity_id`, `entity_name`, `created_at`, `updated_at`) VALUES (79, 27, 24, 'post', '1997-06-03 12:25:18', '2011-07-10 14:19:02');
INSERT INTO `likes` (`id`, `from_user_id`, `entity_id`, `entity_name`, `created_at`, `updated_at`) VALUES (80, 8, 97, 'user', '2003-12-06 14:53:48', '2016-03-14 12:53:02');
INSERT INTO `likes` (`id`, `from_user_id`, `entity_id`, `entity_name`, `created_at`, `updated_at`) VALUES (81, 48, 83, 'community', '2011-05-18 02:57:59', '2015-09-17 09:53:01');
INSERT INTO `likes` (`id`, `from_user_id`, `entity_id`, `entity_name`, `created_at`, `updated_at`) VALUES (82, 69, 93, 'message', '1982-01-15 14:52:51', '1986-09-24 20:55:57');
INSERT INTO `likes` (`id`, `from_user_id`, `entity_id`, `entity_name`, `created_at`, `updated_at`) VALUES (83, 100, 55, 'post', '2006-02-11 16:14:29', '1998-03-29 09:24:45');
INSERT INTO `likes` (`id`, `from_user_id`, `entity_id`, `entity_name`, `created_at`, `updated_at`) VALUES (84, 60, 44, 'user', '1989-12-28 16:22:49', '1988-09-08 23:04:45');
INSERT INTO `likes` (`id`, `from_user_id`, `entity_id`, `entity_name`, `created_at`, `updated_at`) VALUES (85, 69, 9, 'community', '2002-08-17 19:52:22', '2010-05-13 07:30:11');
INSERT INTO `likes` (`id`, `from_user_id`, `entity_id`, `entity_name`, `created_at`, `updated_at`) VALUES (86, 37, 25, 'message', '2009-04-20 07:20:09', '1972-03-15 12:48:59');
INSERT INTO `likes` (`id`, `from_user_id`, `entity_id`, `entity_name`, `created_at`, `updated_at`) VALUES (87, 6, 18, 'post', '1995-08-17 05:27:10', '1996-01-11 22:01:05');
INSERT INTO `likes` (`id`, `from_user_id`, `entity_id`, `entity_name`, `created_at`, `updated_at`) VALUES (88, 7, 34, 'user', '2007-06-17 23:07:29', '1975-07-18 09:11:06');
INSERT INTO `likes` (`id`, `from_user_id`, `entity_id`, `entity_name`, `created_at`, `updated_at`) VALUES (89, 89, 40, 'community', '1983-08-18 11:16:23', '1993-07-23 03:04:03');
INSERT INTO `likes` (`id`, `from_user_id`, `entity_id`, `entity_name`, `created_at`, `updated_at`) VALUES (90, 93, 15, 'message', '2007-10-09 22:24:49', '2008-06-17 11:19:58');
INSERT INTO `likes` (`id`, `from_user_id`, `entity_id`, `entity_name`, `created_at`, `updated_at`) VALUES (91, 62, 24, 'post', '2008-05-11 00:07:45', '2007-12-04 12:11:17');
INSERT INTO `likes` (`id`, `from_user_id`, `entity_id`, `entity_name`, `created_at`, `updated_at`) VALUES (92, 93, 58, 'user', '1994-02-13 17:21:18', '1985-02-14 15:55:41');
INSERT INTO `likes` (`id`, `from_user_id`, `entity_id`, `entity_name`, `created_at`, `updated_at`) VALUES (93, 39, 45, 'community', '2019-08-03 02:33:16', '1985-07-02 14:48:50');
INSERT INTO `likes` (`id`, `from_user_id`, `entity_id`, `entity_name`, `created_at`, `updated_at`) VALUES (94, 33, 66, 'message', '1980-06-07 10:53:28', '1995-05-31 16:53:01');
INSERT INTO `likes` (`id`, `from_user_id`, `entity_id`, `entity_name`, `created_at`, `updated_at`) VALUES (95, 69, 41, 'post', '2003-01-10 03:57:20', '1982-01-17 03:34:48');
INSERT INTO `likes` (`id`, `from_user_id`, `entity_id`, `entity_name`, `created_at`, `updated_at`) VALUES (96, 62, 17, 'user', '2014-10-15 05:43:58', '2003-08-27 02:40:49');
INSERT INTO `likes` (`id`, `from_user_id`, `entity_id`, `entity_name`, `created_at`, `updated_at`) VALUES (97, 24, 31, 'community', '1989-03-16 13:40:32', '1979-01-19 19:53:18');
INSERT INTO `likes` (`id`, `from_user_id`, `entity_id`, `entity_name`, `created_at`, `updated_at`) VALUES (98, 10, 23, 'message', '2012-04-08 15:11:25', '1998-06-18 16:51:57');
INSERT INTO `likes` (`id`, `from_user_id`, `entity_id`, `entity_name`, `created_at`, `updated_at`) VALUES (99, 86, 69, 'post', '1971-07-16 12:25:32', '2018-08-23 18:56:56');
INSERT INTO `likes` (`id`, `from_user_id`, `entity_id`, `entity_name`, `created_at`, `updated_at`) VALUES (100, 67, 54, 'user', '1985-12-02 06:56:06', '1978-11-21 21:54:30');
INSERT INTO `likes` (`id`, `from_user_id`, `entity_id`, `entity_name`, `created_at`, `updated_at`) VALUES (101, 77, 3, 'community', '1994-04-03 01:27:51', '2014-05-19 08:07:14');
INSERT INTO `likes` (`id`, `from_user_id`, `entity_id`, `entity_name`, `created_at`, `updated_at`) VALUES (102, 79, 82, 'message', '2011-12-23 22:36:14', '1977-04-02 11:45:40');
INSERT INTO `likes` (`id`, `from_user_id`, `entity_id`, `entity_name`, `created_at`, `updated_at`) VALUES (103, 21, 85, 'post', '2010-06-12 15:04:00', '2012-10-11 16:26:34');
INSERT INTO `likes` (`id`, `from_user_id`, `entity_id`, `entity_name`, `created_at`, `updated_at`) VALUES (104, 16, 9, 'user', '2013-04-09 05:16:53', '1978-08-02 15:49:03');
INSERT INTO `likes` (`id`, `from_user_id`, `entity_id`, `entity_name`, `created_at`, `updated_at`) VALUES (105, 24, 8, 'community', '1996-02-11 01:04:24', '1987-05-27 10:41:08');
INSERT INTO `likes` (`id`, `from_user_id`, `entity_id`, `entity_name`, `created_at`, `updated_at`) VALUES (106, 23, 86, 'message', '2011-07-23 21:11:54', '2020-08-01 10:42:00');
INSERT INTO `likes` (`id`, `from_user_id`, `entity_id`, `entity_name`, `created_at`, `updated_at`) VALUES (107, 32, 15, 'post', '2011-01-31 17:54:36', '1995-03-16 16:01:26');
INSERT INTO `likes` (`id`, `from_user_id`, `entity_id`, `entity_name`, `created_at`, `updated_at`) VALUES (108, 43, 70, 'user', '1978-01-26 05:21:37', '1984-12-23 16:48:13');
INSERT INTO `likes` (`id`, `from_user_id`, `entity_id`, `entity_name`, `created_at`, `updated_at`) VALUES (109, 60, 76, 'community', '2014-11-26 20:58:52', '1986-08-07 01:25:07');
INSERT INTO `likes` (`id`, `from_user_id`, `entity_id`, `entity_name`, `created_at`, `updated_at`) VALUES (110, 35, 28, 'message', '2017-11-13 16:20:12', '1989-02-27 23:21:13');
INSERT INTO `likes` (`id`, `from_user_id`, `entity_id`, `entity_name`, `created_at`, `updated_at`) VALUES (111, 16, 97, 'post', '2016-07-08 21:45:49', '1998-07-25 14:55:32');
INSERT INTO `likes` (`id`, `from_user_id`, `entity_id`, `entity_name`, `created_at`, `updated_at`) VALUES (112, 45, 39, 'user', '1980-12-12 08:22:16', '2012-07-09 07:10:17');
INSERT INTO `likes` (`id`, `from_user_id`, `entity_id`, `entity_name`, `created_at`, `updated_at`) VALUES (113, 27, 54, 'community', '1971-03-21 08:23:00', '1997-01-21 19:21:28');
INSERT INTO `likes` (`id`, `from_user_id`, `entity_id`, `entity_name`, `created_at`, `updated_at`) VALUES (114, 61, 13, 'message', '2006-09-29 11:06:16', '1984-10-28 19:08:23');
INSERT INTO `likes` (`id`, `from_user_id`, `entity_id`, `entity_name`, `created_at`, `updated_at`) VALUES (115, 23, 28, 'post', '1978-06-10 04:01:39', '2005-09-27 13:33:34');
INSERT INTO `likes` (`id`, `from_user_id`, `entity_id`, `entity_name`, `created_at`, `updated_at`) VALUES (116, 67, 99, 'user', '2001-09-23 15:08:00', '2006-08-29 00:46:36');
INSERT INTO `likes` (`id`, `from_user_id`, `entity_id`, `entity_name`, `created_at`, `updated_at`) VALUES (117, 30, 45, 'community', '2013-10-24 19:21:12', '1987-10-10 23:16:32');
INSERT INTO `likes` (`id`, `from_user_id`, `entity_id`, `entity_name`, `created_at`, `updated_at`) VALUES (118, 81, 50, 'message', '1999-11-19 13:11:24', '1997-11-16 14:53:36');
INSERT INTO `likes` (`id`, `from_user_id`, `entity_id`, `entity_name`, `created_at`, `updated_at`) VALUES (119, 29, 96, 'post', '2007-06-03 05:05:50', '2008-11-24 02:19:36');
INSERT INTO `likes` (`id`, `from_user_id`, `entity_id`, `entity_name`, `created_at`, `updated_at`) VALUES (120, 58, 53, 'user', '2014-07-05 17:58:39', '1993-04-13 12:00:19');
INSERT INTO `likes` (`id`, `from_user_id`, `entity_id`, `entity_name`, `created_at`, `updated_at`) VALUES (121, 4, 81, 'community', '1974-07-12 05:50:24', '1998-12-07 23:53:55');
INSERT INTO `likes` (`id`, `from_user_id`, `entity_id`, `entity_name`, `created_at`, `updated_at`) VALUES (122, 38, 35, 'message', '1974-11-19 02:17:49', '1988-01-11 14:19:42');
INSERT INTO `likes` (`id`, `from_user_id`, `entity_id`, `entity_name`, `created_at`, `updated_at`) VALUES (123, 95, 80, 'post', '2010-06-08 02:11:15', '1976-02-25 11:01:58');
INSERT INTO `likes` (`id`, `from_user_id`, `entity_id`, `entity_name`, `created_at`, `updated_at`) VALUES (124, 4, 55, 'user', '1981-01-15 04:07:37', '1993-12-02 18:21:08');
INSERT INTO `likes` (`id`, `from_user_id`, `entity_id`, `entity_name`, `created_at`, `updated_at`) VALUES (125, 56, 39, 'community', '1981-04-07 21:05:43', '1982-05-15 14:42:54');
INSERT INTO `likes` (`id`, `from_user_id`, `entity_id`, `entity_name`, `created_at`, `updated_at`) VALUES (126, 83, 71, 'message', '1979-02-24 10:35:58', '1974-04-13 06:28:53');
INSERT INTO `likes` (`id`, `from_user_id`, `entity_id`, `entity_name`, `created_at`, `updated_at`) VALUES (127, 35, 27, 'post', '1985-08-17 00:36:16', '1979-06-24 08:52:49');
INSERT INTO `likes` (`id`, `from_user_id`, `entity_id`, `entity_name`, `created_at`, `updated_at`) VALUES (128, 9, 62, 'user', '2017-09-15 01:13:19', '1976-03-08 18:19:01');
INSERT INTO `likes` (`id`, `from_user_id`, `entity_id`, `entity_name`, `created_at`, `updated_at`) VALUES (129, 80, 70, 'community', '2011-11-16 02:07:52', '2001-03-22 22:25:02');
INSERT INTO `likes` (`id`, `from_user_id`, `entity_id`, `entity_name`, `created_at`, `updated_at`) VALUES (130, 75, 2, 'message', '1995-01-27 20:07:23', '1997-05-04 07:32:00');
INSERT INTO `likes` (`id`, `from_user_id`, `entity_id`, `entity_name`, `created_at`, `updated_at`) VALUES (131, 97, 41, 'post', '1970-09-09 18:54:25', '1973-10-10 18:18:19');
INSERT INTO `likes` (`id`, `from_user_id`, `entity_id`, `entity_name`, `created_at`, `updated_at`) VALUES (132, 1, 27, 'user', '1983-04-16 22:28:21', '2020-07-30 02:47:19');
INSERT INTO `likes` (`id`, `from_user_id`, `entity_id`, `entity_name`, `created_at`, `updated_at`) VALUES (133, 85, 82, 'community', '2007-07-12 03:09:28', '2009-04-13 01:39:31');
INSERT INTO `likes` (`id`, `from_user_id`, `entity_id`, `entity_name`, `created_at`, `updated_at`) VALUES (134, 76, 14, 'message', '1995-08-07 10:31:18', '2012-08-18 17:15:41');
INSERT INTO `likes` (`id`, `from_user_id`, `entity_id`, `entity_name`, `created_at`, `updated_at`) VALUES (135, 78, 34, 'post', '1996-06-02 13:19:14', '1995-05-08 23:47:44');
INSERT INTO `likes` (`id`, `from_user_id`, `entity_id`, `entity_name`, `created_at`, `updated_at`) VALUES (136, 66, 81, 'user', '2013-09-28 00:25:41', '2018-10-18 08:04:59');
INSERT INTO `likes` (`id`, `from_user_id`, `entity_id`, `entity_name`, `created_at`, `updated_at`) VALUES (137, 14, 4, 'community', '2015-03-30 11:44:41', '2020-03-24 06:34:38');
INSERT INTO `likes` (`id`, `from_user_id`, `entity_id`, `entity_name`, `created_at`, `updated_at`) VALUES (138, 15, 9, 'message', '1970-11-17 21:43:52', '1994-01-20 02:32:25');
INSERT INTO `likes` (`id`, `from_user_id`, `entity_id`, `entity_name`, `created_at`, `updated_at`) VALUES (139, 84, 19, 'post', '1998-02-08 11:00:59', '2011-02-05 03:35:05');
INSERT INTO `likes` (`id`, `from_user_id`, `entity_id`, `entity_name`, `created_at`, `updated_at`) VALUES (140, 64, 39, 'user', '2017-02-01 11:12:29', '2000-04-23 00:04:07');
INSERT INTO `likes` (`id`, `from_user_id`, `entity_id`, `entity_name`, `created_at`, `updated_at`) VALUES (141, 58, 46, 'community', '1992-08-27 01:09:57', '1984-10-19 22:53:34');
INSERT INTO `likes` (`id`, `from_user_id`, `entity_id`, `entity_name`, `created_at`, `updated_at`) VALUES (142, 9, 92, 'message', '2017-04-08 15:38:36', '2012-06-18 22:24:17');
INSERT INTO `likes` (`id`, `from_user_id`, `entity_id`, `entity_name`, `created_at`, `updated_at`) VALUES (143, 72, 18, 'post', '2011-08-13 10:17:43', '2017-06-30 01:00:48');
INSERT INTO `likes` (`id`, `from_user_id`, `entity_id`, `entity_name`, `created_at`, `updated_at`) VALUES (144, 54, 51, 'user', '1996-09-27 14:11:45', '1979-04-20 12:24:33');
INSERT INTO `likes` (`id`, `from_user_id`, `entity_id`, `entity_name`, `created_at`, `updated_at`) VALUES (145, 88, 28, 'community', '1990-06-18 04:54:30', '1980-12-16 14:06:26');
INSERT INTO `likes` (`id`, `from_user_id`, `entity_id`, `entity_name`, `created_at`, `updated_at`) VALUES (146, 53, 85, 'message', '2011-01-26 20:46:15', '1991-03-27 05:26:04');
INSERT INTO `likes` (`id`, `from_user_id`, `entity_id`, `entity_name`, `created_at`, `updated_at`) VALUES (147, 68, 54, 'post', '1993-06-03 23:49:55', '2006-04-26 10:02:37');
INSERT INTO `likes` (`id`, `from_user_id`, `entity_id`, `entity_name`, `created_at`, `updated_at`) VALUES (148, 11, 53, 'user', '1981-08-25 15:57:58', '1981-12-08 03:16:06');
INSERT INTO `likes` (`id`, `from_user_id`, `entity_id`, `entity_name`, `created_at`, `updated_at`) VALUES (149, 35, 86, 'community', '1986-02-16 04:08:36', '2005-02-16 01:44:53');
INSERT INTO `likes` (`id`, `from_user_id`, `entity_id`, `entity_name`, `created_at`, `updated_at`) VALUES (150, 66, 12, 'message', '1982-05-23 18:48:09', '2008-11-13 16:50:44');
INSERT INTO `likes` (`id`, `from_user_id`, `entity_id`, `entity_name`, `created_at`, `updated_at`) VALUES (151, 20, 32, 'post', '1993-04-19 20:20:44', '1987-04-20 21:41:23');
INSERT INTO `likes` (`id`, `from_user_id`, `entity_id`, `entity_name`, `created_at`, `updated_at`) VALUES (152, 93, 33, 'user', '1974-08-03 18:19:09', '1997-03-01 11:33:37');
INSERT INTO `likes` (`id`, `from_user_id`, `entity_id`, `entity_name`, `created_at`, `updated_at`) VALUES (153, 36, 8, 'community', '1973-06-23 01:24:35', '1972-04-27 10:23:32');
INSERT INTO `likes` (`id`, `from_user_id`, `entity_id`, `entity_name`, `created_at`, `updated_at`) VALUES (154, 42, 19, 'message', '1996-02-09 16:22:42', '1973-11-15 22:59:51');
INSERT INTO `likes` (`id`, `from_user_id`, `entity_id`, `entity_name`, `created_at`, `updated_at`) VALUES (155, 26, 5, 'post', '1980-11-06 18:29:04', '2017-07-02 13:31:59');
INSERT INTO `likes` (`id`, `from_user_id`, `entity_id`, `entity_name`, `created_at`, `updated_at`) VALUES (156, 58, 83, 'user', '1984-05-20 13:38:44', '2018-05-11 14:41:40');
INSERT INTO `likes` (`id`, `from_user_id`, `entity_id`, `entity_name`, `created_at`, `updated_at`) VALUES (157, 50, 67, 'community', '2015-11-23 10:13:18', '2009-03-08 18:35:03');
INSERT INTO `likes` (`id`, `from_user_id`, `entity_id`, `entity_name`, `created_at`, `updated_at`) VALUES (158, 75, 21, 'message', '1986-07-10 15:24:02', '1970-12-29 23:54:46');
INSERT INTO `likes` (`id`, `from_user_id`, `entity_id`, `entity_name`, `created_at`, `updated_at`) VALUES (159, 84, 29, 'post', '2007-08-15 22:16:08', '2006-09-29 04:00:59');
INSERT INTO `likes` (`id`, `from_user_id`, `entity_id`, `entity_name`, `created_at`, `updated_at`) VALUES (160, 72, 72, 'user', '1971-11-13 08:13:22', '2000-07-23 19:57:07');
INSERT INTO `likes` (`id`, `from_user_id`, `entity_id`, `entity_name`, `created_at`, `updated_at`) VALUES (161, 56, 25, 'community', '1993-05-29 12:48:45', '2007-06-04 04:19:29');
INSERT INTO `likes` (`id`, `from_user_id`, `entity_id`, `entity_name`, `created_at`, `updated_at`) VALUES (162, 56, 24, 'message', '2005-12-29 19:49:57', '1979-06-20 14:03:43');
INSERT INTO `likes` (`id`, `from_user_id`, `entity_id`, `entity_name`, `created_at`, `updated_at`) VALUES (163, 78, 66, 'post', '1992-03-07 04:46:50', '1991-05-19 18:00:36');
INSERT INTO `likes` (`id`, `from_user_id`, `entity_id`, `entity_name`, `created_at`, `updated_at`) VALUES (164, 76, 12, 'user', '1999-05-28 05:36:20', '1974-10-01 04:52:34');
INSERT INTO `likes` (`id`, `from_user_id`, `entity_id`, `entity_name`, `created_at`, `updated_at`) VALUES (165, 51, 42, 'community', '1987-05-08 23:28:13', '2012-06-15 10:40:04');
INSERT INTO `likes` (`id`, `from_user_id`, `entity_id`, `entity_name`, `created_at`, `updated_at`) VALUES (166, 24, 71, 'message', '2020-11-17 13:13:20', '1978-06-30 19:33:58');
INSERT INTO `likes` (`id`, `from_user_id`, `entity_id`, `entity_name`, `created_at`, `updated_at`) VALUES (167, 73, 16, 'post', '1971-04-08 13:12:55', '1996-03-29 19:18:22');
INSERT INTO `likes` (`id`, `from_user_id`, `entity_id`, `entity_name`, `created_at`, `updated_at`) VALUES (168, 3, 8, 'user', '1975-08-30 12:19:19', '1988-01-05 20:52:22');
INSERT INTO `likes` (`id`, `from_user_id`, `entity_id`, `entity_name`, `created_at`, `updated_at`) VALUES (169, 23, 45, 'community', '2012-06-07 02:34:51', '2001-10-03 07:19:55');
INSERT INTO `likes` (`id`, `from_user_id`, `entity_id`, `entity_name`, `created_at`, `updated_at`) VALUES (170, 27, 49, 'message', '2003-05-07 17:36:41', '2014-04-21 21:24:02');
INSERT INTO `likes` (`id`, `from_user_id`, `entity_id`, `entity_name`, `created_at`, `updated_at`) VALUES (171, 50, 84, 'post', '2014-06-21 08:36:42', '1972-08-18 23:16:05');
INSERT INTO `likes` (`id`, `from_user_id`, `entity_id`, `entity_name`, `created_at`, `updated_at`) VALUES (172, 32, 100, 'user', '2008-04-06 13:31:53', '1989-08-16 02:27:38');
INSERT INTO `likes` (`id`, `from_user_id`, `entity_id`, `entity_name`, `created_at`, `updated_at`) VALUES (173, 50, 7, 'community', '1973-07-06 00:37:17', '2003-08-30 14:14:04');
INSERT INTO `likes` (`id`, `from_user_id`, `entity_id`, `entity_name`, `created_at`, `updated_at`) VALUES (174, 21, 34, 'message', '1986-11-20 08:33:08', '2016-04-28 08:18:21');
INSERT INTO `likes` (`id`, `from_user_id`, `entity_id`, `entity_name`, `created_at`, `updated_at`) VALUES (175, 35, 92, 'post', '1981-03-06 09:05:17', '1991-04-14 04:17:59');
INSERT INTO `likes` (`id`, `from_user_id`, `entity_id`, `entity_name`, `created_at`, `updated_at`) VALUES (176, 5, 91, 'user', '2014-06-27 04:01:07', '2005-09-08 20:57:42');
INSERT INTO `likes` (`id`, `from_user_id`, `entity_id`, `entity_name`, `created_at`, `updated_at`) VALUES (177, 17, 60, 'community', '2004-03-13 03:10:38', '1991-04-16 07:01:08');
INSERT INTO `likes` (`id`, `from_user_id`, `entity_id`, `entity_name`, `created_at`, `updated_at`) VALUES (178, 14, 94, 'message', '2009-04-11 22:05:34', '1988-07-14 10:34:03');
INSERT INTO `likes` (`id`, `from_user_id`, `entity_id`, `entity_name`, `created_at`, `updated_at`) VALUES (179, 26, 90, 'post', '2001-11-03 00:51:05', '2011-12-07 07:36:14');
INSERT INTO `likes` (`id`, `from_user_id`, `entity_id`, `entity_name`, `created_at`, `updated_at`) VALUES (180, 6, 77, 'user', '1982-08-06 05:46:44', '2008-11-01 11:48:29');
INSERT INTO `likes` (`id`, `from_user_id`, `entity_id`, `entity_name`, `created_at`, `updated_at`) VALUES (181, 31, 29, 'community', '1990-08-18 07:27:22', '1994-04-21 17:00:16');
INSERT INTO `likes` (`id`, `from_user_id`, `entity_id`, `entity_name`, `created_at`, `updated_at`) VALUES (182, 47, 3, 'message', '1994-09-09 11:17:09', '1978-06-24 23:18:33');
INSERT INTO `likes` (`id`, `from_user_id`, `entity_id`, `entity_name`, `created_at`, `updated_at`) VALUES (183, 45, 50, 'post', '1973-08-04 20:21:43', '1980-01-25 07:40:43');
INSERT INTO `likes` (`id`, `from_user_id`, `entity_id`, `entity_name`, `created_at`, `updated_at`) VALUES (184, 11, 67, 'user', '1975-05-06 06:10:46', '1985-04-21 18:44:33');
INSERT INTO `likes` (`id`, `from_user_id`, `entity_id`, `entity_name`, `created_at`, `updated_at`) VALUES (185, 94, 37, 'community', '1982-01-15 15:15:02', '2007-10-24 06:09:23');
INSERT INTO `likes` (`id`, `from_user_id`, `entity_id`, `entity_name`, `created_at`, `updated_at`) VALUES (186, 16, 44, 'message', '1992-01-27 10:21:34', '2002-08-17 05:00:38');
INSERT INTO `likes` (`id`, `from_user_id`, `entity_id`, `entity_name`, `created_at`, `updated_at`) VALUES (187, 21, 47, 'post', '1994-03-18 05:40:51', '2004-11-30 08:07:38');
INSERT INTO `likes` (`id`, `from_user_id`, `entity_id`, `entity_name`, `created_at`, `updated_at`) VALUES (188, 43, 71, 'user', '1971-03-12 02:21:15', '2000-03-04 07:15:44');
INSERT INTO `likes` (`id`, `from_user_id`, `entity_id`, `entity_name`, `created_at`, `updated_at`) VALUES (189, 53, 63, 'community', '1976-09-22 00:31:14', '1977-03-26 19:11:33');
INSERT INTO `likes` (`id`, `from_user_id`, `entity_id`, `entity_name`, `created_at`, `updated_at`) VALUES (190, 4, 87, 'message', '1980-02-05 08:18:56', '2009-07-31 06:12:41');
INSERT INTO `likes` (`id`, `from_user_id`, `entity_id`, `entity_name`, `created_at`, `updated_at`) VALUES (191, 55, 9, 'post', '1990-08-08 14:15:10', '2010-02-08 14:00:58');
INSERT INTO `likes` (`id`, `from_user_id`, `entity_id`, `entity_name`, `created_at`, `updated_at`) VALUES (192, 78, 71, 'user', '1976-07-25 01:24:37', '2011-08-01 14:30:34');
INSERT INTO `likes` (`id`, `from_user_id`, `entity_id`, `entity_name`, `created_at`, `updated_at`) VALUES (193, 68, 91, 'community', '2019-03-08 18:53:09', '2004-11-23 20:09:49');
INSERT INTO `likes` (`id`, `from_user_id`, `entity_id`, `entity_name`, `created_at`, `updated_at`) VALUES (194, 64, 93, 'message', '2004-01-16 13:43:55', '1979-07-25 08:50:15');
INSERT INTO `likes` (`id`, `from_user_id`, `entity_id`, `entity_name`, `created_at`, `updated_at`) VALUES (195, 80, 70, 'post', '1980-05-23 16:25:25', '2007-08-20 21:12:32');
INSERT INTO `likes` (`id`, `from_user_id`, `entity_id`, `entity_name`, `created_at`, `updated_at`) VALUES (196, 69, 10, 'user', '2002-05-13 00:55:04', '2005-01-23 19:30:30');
INSERT INTO `likes` (`id`, `from_user_id`, `entity_id`, `entity_name`, `created_at`, `updated_at`) VALUES (197, 98, 16, 'community', '2003-09-17 02:35:50', '2006-12-16 17:01:23');
INSERT INTO `likes` (`id`, `from_user_id`, `entity_id`, `entity_name`, `created_at`, `updated_at`) VALUES (198, 13, 42, 'message', '2017-01-17 06:27:24', '2003-02-21 05:47:56');
INSERT INTO `likes` (`id`, `from_user_id`, `entity_id`, `entity_name`, `created_at`, `updated_at`) VALUES (199, 65, 24, 'post', '2005-06-11 09:28:37', '2010-07-10 09:34:08');
INSERT INTO `likes` (`id`, `from_user_id`, `entity_id`, `entity_name`, `created_at`, `updated_at`) VALUES (200, 9, 58, 'user', '2012-02-04 16:02:33', '2019-12-24 10:33:09');
INSERT INTO `likes` (`id`, `from_user_id`, `entity_id`, `entity_name`, `created_at`, `updated_at`) VALUES (201, 61, 24, 'community', '1972-07-31 06:15:45', '2012-04-20 05:14:54');
INSERT INTO `likes` (`id`, `from_user_id`, `entity_id`, `entity_name`, `created_at`, `updated_at`) VALUES (202, 1, 82, 'message', '1975-11-24 19:13:04', '1989-08-31 10:19:09');
INSERT INTO `likes` (`id`, `from_user_id`, `entity_id`, `entity_name`, `created_at`, `updated_at`) VALUES (203, 70, 43, 'post', '1993-02-04 05:28:36', '1992-09-18 02:16:30');
INSERT INTO `likes` (`id`, `from_user_id`, `entity_id`, `entity_name`, `created_at`, `updated_at`) VALUES (204, 52, 23, 'user', '1991-12-21 00:45:52', '1991-04-19 09:48:02');
INSERT INTO `likes` (`id`, `from_user_id`, `entity_id`, `entity_name`, `created_at`, `updated_at`) VALUES (205, 6, 55, 'community', '1983-02-22 12:21:27', '1987-02-03 10:12:09');
INSERT INTO `likes` (`id`, `from_user_id`, `entity_id`, `entity_name`, `created_at`, `updated_at`) VALUES (206, 10, 60, 'message', '2016-06-19 18:43:42', '2002-11-19 07:36:27');
INSERT INTO `likes` (`id`, `from_user_id`, `entity_id`, `entity_name`, `created_at`, `updated_at`) VALUES (207, 63, 87, 'post', '2009-03-19 11:37:24', '1979-04-04 13:45:25');
INSERT INTO `likes` (`id`, `from_user_id`, `entity_id`, `entity_name`, `created_at`, `updated_at`) VALUES (208, 30, 31, 'user', '1982-01-16 00:02:38', '1989-12-12 07:31:38');
INSERT INTO `likes` (`id`, `from_user_id`, `entity_id`, `entity_name`, `created_at`, `updated_at`) VALUES (209, 77, 94, 'community', '1978-02-11 23:06:37', '2016-01-31 10:06:02');
INSERT INTO `likes` (`id`, `from_user_id`, `entity_id`, `entity_name`, `created_at`, `updated_at`) VALUES (210, 24, 57, 'message', '1980-12-23 07:13:17', '1996-09-25 21:55:12');
INSERT INTO `likes` (`id`, `from_user_id`, `entity_id`, `entity_name`, `created_at`, `updated_at`) VALUES (211, 63, 93, 'post', '2000-12-31 22:19:00', '1986-08-10 23:18:59');
INSERT INTO `likes` (`id`, `from_user_id`, `entity_id`, `entity_name`, `created_at`, `updated_at`) VALUES (212, 67, 60, 'user', '2012-04-16 12:24:52', '2011-10-01 22:28:16');
INSERT INTO `likes` (`id`, `from_user_id`, `entity_id`, `entity_name`, `created_at`, `updated_at`) VALUES (213, 8, 80, 'community', '2003-06-04 23:52:26', '2012-07-04 06:22:11');
INSERT INTO `likes` (`id`, `from_user_id`, `entity_id`, `entity_name`, `created_at`, `updated_at`) VALUES (214, 2, 72, 'message', '2007-01-09 02:59:29', '1998-03-26 21:52:53');
INSERT INTO `likes` (`id`, `from_user_id`, `entity_id`, `entity_name`, `created_at`, `updated_at`) VALUES (215, 4, 10, 'post', '1982-12-13 02:33:11', '2002-10-17 03:24:19');
INSERT INTO `likes` (`id`, `from_user_id`, `entity_id`, `entity_name`, `created_at`, `updated_at`) VALUES (216, 30, 64, 'user', '1992-07-04 00:15:33', '1996-03-22 05:29:00');
INSERT INTO `likes` (`id`, `from_user_id`, `entity_id`, `entity_name`, `created_at`, `updated_at`) VALUES (217, 34, 30, 'community', '2008-09-18 16:27:37', '1983-10-15 19:54:37');
INSERT INTO `likes` (`id`, `from_user_id`, `entity_id`, `entity_name`, `created_at`, `updated_at`) VALUES (218, 45, 4, 'message', '1979-05-22 05:33:28', '1987-07-23 22:51:06');
INSERT INTO `likes` (`id`, `from_user_id`, `entity_id`, `entity_name`, `created_at`, `updated_at`) VALUES (219, 73, 97, 'post', '1996-04-06 01:25:39', '1977-08-24 19:25:54');
INSERT INTO `likes` (`id`, `from_user_id`, `entity_id`, `entity_name`, `created_at`, `updated_at`) VALUES (220, 26, 78, 'user', '2016-06-20 19:12:49', '1983-09-16 23:50:33');
INSERT INTO `likes` (`id`, `from_user_id`, `entity_id`, `entity_name`, `created_at`, `updated_at`) VALUES (221, 51, 35, 'community', '1988-11-23 23:39:28', '2012-10-11 10:23:02');
INSERT INTO `likes` (`id`, `from_user_id`, `entity_id`, `entity_name`, `created_at`, `updated_at`) VALUES (222, 37, 14, 'message', '2021-01-23 14:28:58', '1981-02-12 16:14:55');
INSERT INTO `likes` (`id`, `from_user_id`, `entity_id`, `entity_name`, `created_at`, `updated_at`) VALUES (223, 22, 67, 'post', '2006-03-05 22:29:23', '1986-12-31 07:07:18');
INSERT INTO `likes` (`id`, `from_user_id`, `entity_id`, `entity_name`, `created_at`, `updated_at`) VALUES (224, 44, 99, 'user', '2002-03-03 13:00:26', '1983-04-09 04:07:59');
INSERT INTO `likes` (`id`, `from_user_id`, `entity_id`, `entity_name`, `created_at`, `updated_at`) VALUES (225, 60, 67, 'community', '1977-02-17 11:20:28', '1986-05-07 02:25:08');
INSERT INTO `likes` (`id`, `from_user_id`, `entity_id`, `entity_name`, `created_at`, `updated_at`) VALUES (226, 55, 22, 'message', '1988-09-08 10:58:06', '1995-05-09 05:32:15');
INSERT INTO `likes` (`id`, `from_user_id`, `entity_id`, `entity_name`, `created_at`, `updated_at`) VALUES (227, 59, 22, 'post', '1972-05-07 22:16:28', '1978-06-25 10:24:30');
INSERT INTO `likes` (`id`, `from_user_id`, `entity_id`, `entity_name`, `created_at`, `updated_at`) VALUES (228, 82, 67, 'user', '1982-11-26 05:43:16', '1992-09-27 22:33:40');
INSERT INTO `likes` (`id`, `from_user_id`, `entity_id`, `entity_name`, `created_at`, `updated_at`) VALUES (229, 1, 83, 'community', '2020-04-11 14:42:40', '1986-06-05 16:52:24');
INSERT INTO `likes` (`id`, `from_user_id`, `entity_id`, `entity_name`, `created_at`, `updated_at`) VALUES (230, 38, 5, 'message', '1987-01-07 03:12:35', '1999-12-14 15:32:18');
INSERT INTO `likes` (`id`, `from_user_id`, `entity_id`, `entity_name`, `created_at`, `updated_at`) VALUES (231, 93, 67, 'post', '2011-09-15 02:19:41', '1989-06-17 19:12:38');
INSERT INTO `likes` (`id`, `from_user_id`, `entity_id`, `entity_name`, `created_at`, `updated_at`) VALUES (232, 68, 27, 'user', '2001-06-08 21:57:34', '2010-01-06 15:11:30');
INSERT INTO `likes` (`id`, `from_user_id`, `entity_id`, `entity_name`, `created_at`, `updated_at`) VALUES (233, 97, 13, 'community', '2014-07-23 15:56:10', '2008-03-25 05:14:46');
INSERT INTO `likes` (`id`, `from_user_id`, `entity_id`, `entity_name`, `created_at`, `updated_at`) VALUES (234, 30, 69, 'message', '2013-02-02 23:41:46', '2018-10-20 16:48:00');
INSERT INTO `likes` (`id`, `from_user_id`, `entity_id`, `entity_name`, `created_at`, `updated_at`) VALUES (235, 9, 55, 'post', '2013-03-16 02:41:22', '2012-03-09 12:10:43');
INSERT INTO `likes` (`id`, `from_user_id`, `entity_id`, `entity_name`, `created_at`, `updated_at`) VALUES (236, 47, 60, 'user', '1999-07-16 03:17:50', '2018-09-13 22:44:27');
INSERT INTO `likes` (`id`, `from_user_id`, `entity_id`, `entity_name`, `created_at`, `updated_at`) VALUES (237, 90, 84, 'community', '2014-12-22 13:52:43', '1970-11-07 14:06:52');
INSERT INTO `likes` (`id`, `from_user_id`, `entity_id`, `entity_name`, `created_at`, `updated_at`) VALUES (238, 73, 11, 'message', '1996-03-10 14:29:03', '1984-02-09 11:02:51');
INSERT INTO `likes` (`id`, `from_user_id`, `entity_id`, `entity_name`, `created_at`, `updated_at`) VALUES (239, 50, 16, 'post', '2015-06-16 13:00:16', '1998-03-30 07:55:54');
INSERT INTO `likes` (`id`, `from_user_id`, `entity_id`, `entity_name`, `created_at`, `updated_at`) VALUES (240, 10, 10, 'user', '1980-04-01 09:41:59', '1983-04-30 23:33:53');
INSERT INTO `likes` (`id`, `from_user_id`, `entity_id`, `entity_name`, `created_at`, `updated_at`) VALUES (241, 83, 64, 'community', '1999-09-06 05:49:16', '2017-12-18 10:41:50');
INSERT INTO `likes` (`id`, `from_user_id`, `entity_id`, `entity_name`, `created_at`, `updated_at`) VALUES (242, 31, 42, 'message', '1988-11-24 13:16:50', '1978-05-23 02:48:18');
INSERT INTO `likes` (`id`, `from_user_id`, `entity_id`, `entity_name`, `created_at`, `updated_at`) VALUES (243, 86, 12, 'post', '2014-06-13 12:27:24', '1985-03-09 10:20:28');
INSERT INTO `likes` (`id`, `from_user_id`, `entity_id`, `entity_name`, `created_at`, `updated_at`) VALUES (244, 8, 87, 'user', '1991-10-27 08:00:04', '1972-04-29 18:23:20');
INSERT INTO `likes` (`id`, `from_user_id`, `entity_id`, `entity_name`, `created_at`, `updated_at`) VALUES (245, 95, 45, 'community', '2016-12-07 09:00:06', '1971-10-28 19:14:39');
INSERT INTO `likes` (`id`, `from_user_id`, `entity_id`, `entity_name`, `created_at`, `updated_at`) VALUES (246, 91, 88, 'message', '2005-09-18 13:28:35', '2009-07-04 18:54:37');
INSERT INTO `likes` (`id`, `from_user_id`, `entity_id`, `entity_name`, `created_at`, `updated_at`) VALUES (247, 12, 59, 'post', '1994-04-01 11:02:44', '1981-03-05 06:54:50');
INSERT INTO `likes` (`id`, `from_user_id`, `entity_id`, `entity_name`, `created_at`, `updated_at`) VALUES (248, 14, 8, 'user', '1999-04-29 04:55:40', '1989-09-03 14:15:01');
INSERT INTO `likes` (`id`, `from_user_id`, `entity_id`, `entity_name`, `created_at`, `updated_at`) VALUES (249, 71, 44, 'community', '1984-06-08 09:05:30', '1977-10-06 20:48:10');
INSERT INTO `likes` (`id`, `from_user_id`, `entity_id`, `entity_name`, `created_at`, `updated_at`) VALUES (250, 76, 80, 'message', '1997-11-07 00:01:33', '2003-04-15 10:26:27');
INSERT INTO `likes` (`id`, `from_user_id`, `entity_id`, `entity_name`, `created_at`, `updated_at`) VALUES (251, 98, 23, 'post', '1988-11-16 20:28:59', '2010-09-06 15:02:17');
INSERT INTO `likes` (`id`, `from_user_id`, `entity_id`, `entity_name`, `created_at`, `updated_at`) VALUES (252, 39, 88, 'user', '1980-07-01 17:13:35', '1992-09-23 22:42:37');
INSERT INTO `likes` (`id`, `from_user_id`, `entity_id`, `entity_name`, `created_at`, `updated_at`) VALUES (253, 7, 11, 'community', '2005-06-20 07:37:26', '1975-06-07 00:06:49');
INSERT INTO `likes` (`id`, `from_user_id`, `entity_id`, `entity_name`, `created_at`, `updated_at`) VALUES (254, 99, 56, 'message', '2008-12-21 20:08:10', '1994-04-28 16:01:58');
INSERT INTO `likes` (`id`, `from_user_id`, `entity_id`, `entity_name`, `created_at`, `updated_at`) VALUES (255, 27, 8, 'post', '2017-06-10 13:45:20', '2013-01-17 15:06:56');
INSERT INTO `likes` (`id`, `from_user_id`, `entity_id`, `entity_name`, `created_at`, `updated_at`) VALUES (256, 65, 10, 'user', '1973-02-06 13:08:01', '2013-05-26 16:36:04');
INSERT INTO `likes` (`id`, `from_user_id`, `entity_id`, `entity_name`, `created_at`, `updated_at`) VALUES (257, 72, 96, 'community', '2002-12-12 04:59:20', '2021-04-01 22:10:18');
INSERT INTO `likes` (`id`, `from_user_id`, `entity_id`, `entity_name`, `created_at`, `updated_at`) VALUES (258, 52, 57, 'message', '2012-03-16 19:29:16', '1975-11-19 06:37:16');
INSERT INTO `likes` (`id`, `from_user_id`, `entity_id`, `entity_name`, `created_at`, `updated_at`) VALUES (259, 8, 60, 'post', '2016-07-30 17:08:39', '2007-10-01 07:54:14');
INSERT INTO `likes` (`id`, `from_user_id`, `entity_id`, `entity_name`, `created_at`, `updated_at`) VALUES (260, 43, 3, 'user', '1989-01-16 01:57:06', '2010-11-07 00:07:02');
INSERT INTO `likes` (`id`, `from_user_id`, `entity_id`, `entity_name`, `created_at`, `updated_at`) VALUES (261, 4, 34, 'community', '1995-01-06 21:48:17', '2002-06-22 16:24:30');
INSERT INTO `likes` (`id`, `from_user_id`, `entity_id`, `entity_name`, `created_at`, `updated_at`) VALUES (262, 90, 16, 'message', '1974-09-09 22:56:06', '2002-03-09 19:29:16');
INSERT INTO `likes` (`id`, `from_user_id`, `entity_id`, `entity_name`, `created_at`, `updated_at`) VALUES (263, 92, 4, 'post', '1990-02-19 15:23:42', '1979-05-10 14:10:46');
INSERT INTO `likes` (`id`, `from_user_id`, `entity_id`, `entity_name`, `created_at`, `updated_at`) VALUES (264, 23, 62, 'user', '2021-05-06 05:17:18', '2013-04-17 10:20:17');
INSERT INTO `likes` (`id`, `from_user_id`, `entity_id`, `entity_name`, `created_at`, `updated_at`) VALUES (265, 47, 99, 'community', '1993-05-18 13:42:54', '1992-09-19 01:20:15');
INSERT INTO `likes` (`id`, `from_user_id`, `entity_id`, `entity_name`, `created_at`, `updated_at`) VALUES (266, 41, 45, 'message', '1986-02-25 19:41:58', '1997-01-20 12:46:07');
INSERT INTO `likes` (`id`, `from_user_id`, `entity_id`, `entity_name`, `created_at`, `updated_at`) VALUES (267, 21, 80, 'post', '1974-03-26 03:54:22', '1985-12-17 12:16:12');
INSERT INTO `likes` (`id`, `from_user_id`, `entity_id`, `entity_name`, `created_at`, `updated_at`) VALUES (268, 33, 27, 'user', '1983-02-07 07:21:07', '2005-01-11 21:15:03');
INSERT INTO `likes` (`id`, `from_user_id`, `entity_id`, `entity_name`, `created_at`, `updated_at`) VALUES (269, 91, 31, 'community', '1983-02-23 15:20:46', '1980-10-18 09:49:00');
INSERT INTO `likes` (`id`, `from_user_id`, `entity_id`, `entity_name`, `created_at`, `updated_at`) VALUES (270, 83, 18, 'message', '2001-05-17 06:17:31', '1998-09-04 00:48:29');
INSERT INTO `likes` (`id`, `from_user_id`, `entity_id`, `entity_name`, `created_at`, `updated_at`) VALUES (271, 38, 48, 'post', '2006-07-05 10:41:27', '2002-04-19 15:58:59');
INSERT INTO `likes` (`id`, `from_user_id`, `entity_id`, `entity_name`, `created_at`, `updated_at`) VALUES (272, 28, 10, 'user', '1973-02-05 00:17:26', '1979-04-17 15:04:07');
INSERT INTO `likes` (`id`, `from_user_id`, `entity_id`, `entity_name`, `created_at`, `updated_at`) VALUES (273, 43, 79, 'community', '1983-05-30 09:59:46', '2006-03-19 07:49:46');
INSERT INTO `likes` (`id`, `from_user_id`, `entity_id`, `entity_name`, `created_at`, `updated_at`) VALUES (274, 66, 51, 'message', '2020-03-16 22:54:41', '1981-08-23 14:30:44');
INSERT INTO `likes` (`id`, `from_user_id`, `entity_id`, `entity_name`, `created_at`, `updated_at`) VALUES (275, 38, 9, 'post', '1997-01-17 17:39:21', '1988-01-24 16:15:59');
INSERT INTO `likes` (`id`, `from_user_id`, `entity_id`, `entity_name`, `created_at`, `updated_at`) VALUES (276, 53, 42, 'user', '1992-09-16 05:06:51', '2006-04-22 09:48:59');
INSERT INTO `likes` (`id`, `from_user_id`, `entity_id`, `entity_name`, `created_at`, `updated_at`) VALUES (277, 42, 42, 'community', '1996-08-02 07:06:13', '1988-06-07 00:13:27');
INSERT INTO `likes` (`id`, `from_user_id`, `entity_id`, `entity_name`, `created_at`, `updated_at`) VALUES (278, 57, 33, 'message', '1972-12-17 10:41:46', '1992-07-21 19:39:34');
INSERT INTO `likes` (`id`, `from_user_id`, `entity_id`, `entity_name`, `created_at`, `updated_at`) VALUES (279, 46, 79, 'post', '2015-04-04 04:59:24', '2010-08-03 01:36:03');
INSERT INTO `likes` (`id`, `from_user_id`, `entity_id`, `entity_name`, `created_at`, `updated_at`) VALUES (280, 95, 93, 'user', '2020-04-10 19:35:17', '1979-09-11 11:09:54');
INSERT INTO `likes` (`id`, `from_user_id`, `entity_id`, `entity_name`, `created_at`, `updated_at`) VALUES (281, 77, 36, 'community', '1989-04-04 10:35:10', '1985-07-27 20:39:35');
INSERT INTO `likes` (`id`, `from_user_id`, `entity_id`, `entity_name`, `created_at`, `updated_at`) VALUES (282, 37, 98, 'message', '1970-06-06 12:23:47', '1994-08-27 17:46:37');
INSERT INTO `likes` (`id`, `from_user_id`, `entity_id`, `entity_name`, `created_at`, `updated_at`) VALUES (283, 16, 69, 'post', '2000-12-14 05:32:53', '1971-07-16 10:24:51');
INSERT INTO `likes` (`id`, `from_user_id`, `entity_id`, `entity_name`, `created_at`, `updated_at`) VALUES (284, 25, 6, 'user', '2007-01-12 09:13:56', '1995-08-30 23:16:17');
INSERT INTO `likes` (`id`, `from_user_id`, `entity_id`, `entity_name`, `created_at`, `updated_at`) VALUES (285, 100, 7, 'community', '1985-03-20 08:48:34', '1976-12-01 05:13:17');
INSERT INTO `likes` (`id`, `from_user_id`, `entity_id`, `entity_name`, `created_at`, `updated_at`) VALUES (286, 23, 38, 'message', '1996-02-19 01:17:16', '1993-05-16 05:49:59');
INSERT INTO `likes` (`id`, `from_user_id`, `entity_id`, `entity_name`, `created_at`, `updated_at`) VALUES (287, 55, 51, 'post', '1979-12-03 09:00:21', '1984-08-14 09:23:44');
INSERT INTO `likes` (`id`, `from_user_id`, `entity_id`, `entity_name`, `created_at`, `updated_at`) VALUES (288, 47, 97, 'user', '1975-05-09 22:42:50', '2021-04-14 16:48:56');
INSERT INTO `likes` (`id`, `from_user_id`, `entity_id`, `entity_name`, `created_at`, `updated_at`) VALUES (289, 29, 13, 'community', '1974-08-19 16:13:54', '2020-01-31 07:31:58');
INSERT INTO `likes` (`id`, `from_user_id`, `entity_id`, `entity_name`, `created_at`, `updated_at`) VALUES (290, 48, 67, 'message', '1987-12-05 04:09:15', '2009-09-11 14:32:19');
INSERT INTO `likes` (`id`, `from_user_id`, `entity_id`, `entity_name`, `created_at`, `updated_at`) VALUES (291, 22, 100, 'post', '1972-04-27 06:15:21', '2019-05-05 11:33:10');
INSERT INTO `likes` (`id`, `from_user_id`, `entity_id`, `entity_name`, `created_at`, `updated_at`) VALUES (292, 8, 63, 'user', '1975-04-06 11:17:18', '1988-11-10 17:33:42');
INSERT INTO `likes` (`id`, `from_user_id`, `entity_id`, `entity_name`, `created_at`, `updated_at`) VALUES (293, 42, 65, 'community', '2003-03-24 17:47:46', '2009-10-01 22:52:37');
INSERT INTO `likes` (`id`, `from_user_id`, `entity_id`, `entity_name`, `created_at`, `updated_at`) VALUES (294, 96, 87, 'message', '2018-04-28 01:45:35', '1985-12-04 05:11:32');
INSERT INTO `likes` (`id`, `from_user_id`, `entity_id`, `entity_name`, `created_at`, `updated_at`) VALUES (295, 43, 91, 'post', '1980-12-23 08:02:19', '2009-10-08 09:29:25');
INSERT INTO `likes` (`id`, `from_user_id`, `entity_id`, `entity_name`, `created_at`, `updated_at`) VALUES (296, 79, 20, 'user', '1975-01-03 04:02:48', '2007-02-06 11:15:18');
INSERT INTO `likes` (`id`, `from_user_id`, `entity_id`, `entity_name`, `created_at`, `updated_at`) VALUES (297, 26, 16, 'community', '1981-09-23 16:16:37', '1998-11-04 08:46:44');
INSERT INTO `likes` (`id`, `from_user_id`, `entity_id`, `entity_name`, `created_at`, `updated_at`) VALUES (298, 18, 41, 'message', '2012-06-11 04:30:01', '1983-11-14 15:10:27');
INSERT INTO `likes` (`id`, `from_user_id`, `entity_id`, `entity_name`, `created_at`, `updated_at`) VALUES (299, 85, 42, 'post', '1983-03-03 20:53:23', '1995-09-07 08:14:38');
INSERT INTO `likes` (`id`, `from_user_id`, `entity_id`, `entity_name`, `created_at`, `updated_at`) VALUES (300, 47, 84, 'user', '1971-01-07 17:19:47', '2021-01-18 01:01:32');

INSERT INTO `media_types` (`name`) VALUES ('audio');
INSERT INTO `media_types` (`name`) VALUES ('picture');
INSERT INTO `media_types` (`name`) VALUES ('video');

INSERT INTO `media` (`id`, `media_type`, `link`, `created_at`, `updated_at`) VALUES (1, 'picture', 'http://www.bernierbruen.biz/', '1975-05-13 18:18:43', '1997-01-05 14:01:32');
INSERT INTO `media` (`id`, `media_type`, `link`, `created_at`, `updated_at`) VALUES (2, 'audio', 'http://www.grantcasper.org/', '1972-01-14 11:13:03', '1984-11-02 16:25:19');
INSERT INTO `media` (`id`, `media_type`, `link`, `created_at`, `updated_at`) VALUES (3, 'picture', 'http://sporer.com/', '1998-05-16 13:01:17', '1992-09-17 02:16:31');
INSERT INTO `media` (`id`, `media_type`, `link`, `created_at`, `updated_at`) VALUES (4, 'picture', 'http://hammes.com/', '1972-02-24 18:43:57', '1977-05-23 17:51:25');
INSERT INTO `media` (`id`, `media_type`, `link`, `created_at`, `updated_at`) VALUES (5, 'picture', 'http://www.johns.net/', '1998-08-16 05:22:16', '1976-01-17 22:25:01');
INSERT INTO `media` (`id`, `media_type`, `link`, `created_at`, `updated_at`) VALUES (6, 'video', 'http://www.macejkovicberge.com/', '1979-02-14 18:14:05', '1982-12-19 10:47:44');
INSERT INTO `media` (`id`, `media_type`, `link`, `created_at`, `updated_at`) VALUES (7, 'video', 'http://www.hahn.com/', '1990-07-25 23:57:51', '1972-02-21 16:58:55');
INSERT INTO `media` (`id`, `media_type`, `link`, `created_at`, `updated_at`) VALUES (8, 'video', 'http://www.harris.org/', '1980-03-02 03:14:04', '1985-03-12 00:04:25');
INSERT INTO `media` (`id`, `media_type`, `link`, `created_at`, `updated_at`) VALUES (9, 'video', 'http://schmeler.org/', '2011-02-01 16:17:42', '1991-09-05 22:39:54');
INSERT INTO `media` (`id`, `media_type`, `link`, `created_at`, `updated_at`) VALUES (10, 'audio', 'http://nikolaus.biz/', '1987-05-31 04:23:37', '1975-10-16 13:19:38');
INSERT INTO `media` (`id`, `media_type`, `link`, `created_at`, `updated_at`) VALUES (11, 'audio', 'http://barton.com/', '1971-08-18 15:49:47', '2020-10-02 04:06:37');
INSERT INTO `media` (`id`, `media_type`, `link`, `created_at`, `updated_at`) VALUES (12, 'picture', 'http://pfeffer.com/', '2014-06-25 22:17:54', '2016-07-02 13:41:47');
INSERT INTO `media` (`id`, `media_type`, `link`, `created_at`, `updated_at`) VALUES (13, 'video', 'http://labadie.biz/', '2018-01-11 08:22:08', '2005-04-10 01:36:00');
INSERT INTO `media` (`id`, `media_type`, `link`, `created_at`, `updated_at`) VALUES (14, 'audio', 'http://christiansen.com/', '2009-06-24 02:09:54', '2015-10-07 17:35:13');
INSERT INTO `media` (`id`, `media_type`, `link`, `created_at`, `updated_at`) VALUES (15, 'audio', 'http://turcotte.com/', '1973-01-04 13:59:32', '1984-09-25 03:02:04');
INSERT INTO `media` (`id`, `media_type`, `link`, `created_at`, `updated_at`) VALUES (16, 'video', 'http://www.kerluke.org/', '1973-02-25 01:38:27', '2013-11-23 07:31:49');
INSERT INTO `media` (`id`, `media_type`, `link`, `created_at`, `updated_at`) VALUES (17, 'picture', 'http://hagenes.biz/', '1975-03-14 04:42:24', '2006-01-16 21:52:24');
INSERT INTO `media` (`id`, `media_type`, `link`, `created_at`, `updated_at`) VALUES (18, 'audio', 'http://www.okunevacassin.info/', '1980-11-24 00:28:13', '1993-11-09 09:49:53');
INSERT INTO `media` (`id`, `media_type`, `link`, `created_at`, `updated_at`) VALUES (19, 'audio', 'http://stiedemann.info/', '2019-08-11 23:23:59', '1981-05-16 20:16:23');
INSERT INTO `media` (`id`, `media_type`, `link`, `created_at`, `updated_at`) VALUES (20, 'video', 'http://www.mclaughlin.com/', '1994-11-17 05:45:41', '2017-10-06 05:04:42');
INSERT INTO `media` (`id`, `media_type`, `link`, `created_at`, `updated_at`) VALUES (21, 'video', 'http://www.gorczany.info/', '1973-03-20 19:13:10', '1978-01-15 12:50:52');
INSERT INTO `media` (`id`, `media_type`, `link`, `created_at`, `updated_at`) VALUES (22, 'video', 'http://carteryost.info/', '1976-12-19 21:41:34', '1972-04-26 15:42:36');
INSERT INTO `media` (`id`, `media_type`, `link`, `created_at`, `updated_at`) VALUES (23, 'video', 'http://gottlieb.com/', '1996-12-12 20:01:50', '1974-09-21 18:50:56');
INSERT INTO `media` (`id`, `media_type`, `link`, `created_at`, `updated_at`) VALUES (24, 'video', 'http://prosaccodubuque.com/', '1999-03-06 08:15:21', '1996-10-29 21:48:31');
INSERT INTO `media` (`id`, `media_type`, `link`, `created_at`, `updated_at`) VALUES (25, 'audio', 'http://www.padberg.com/', '1987-04-02 04:28:21', '2005-02-06 21:46:15');
INSERT INTO `media` (`id`, `media_type`, `link`, `created_at`, `updated_at`) VALUES (26, 'video', 'http://cummingsprosacco.net/', '1993-05-21 11:00:14', '1996-04-02 18:46:38');
INSERT INTO `media` (`id`, `media_type`, `link`, `created_at`, `updated_at`) VALUES (27, 'audio', 'http://bartonhudson.com/', '2010-02-11 12:41:16', '1990-09-11 21:37:34');
INSERT INTO `media` (`id`, `media_type`, `link`, `created_at`, `updated_at`) VALUES (28, 'video', 'http://www.spencer.info/', '1984-12-25 00:56:30', '2012-02-08 02:05:44');
INSERT INTO `media` (`id`, `media_type`, `link`, `created_at`, `updated_at`) VALUES (29, 'video', 'http://www.hettinger.com/', '1974-06-25 00:01:47', '2019-10-07 14:28:09');
INSERT INTO `media` (`id`, `media_type`, `link`, `created_at`, `updated_at`) VALUES (30, 'audio', 'http://bins.com/', '2018-06-04 10:42:54', '1992-04-27 17:23:07');
INSERT INTO `media` (`id`, `media_type`, `link`, `created_at`, `updated_at`) VALUES (31, 'video', 'http://www.kassulke.com/', '2021-02-02 13:02:49', '1983-03-02 07:19:14');
INSERT INTO `media` (`id`, `media_type`, `link`, `created_at`, `updated_at`) VALUES (32, 'picture', 'http://weimann.info/', '1993-02-11 22:55:31', '1975-04-08 03:31:58');
INSERT INTO `media` (`id`, `media_type`, `link`, `created_at`, `updated_at`) VALUES (33, 'picture', 'http://www.reilly.com/', '2003-01-21 02:00:29', '1992-07-03 15:10:55');
INSERT INTO `media` (`id`, `media_type`, `link`, `created_at`, `updated_at`) VALUES (34, 'picture', 'http://strosinkoelpin.com/', '2014-10-21 10:52:01', '1998-03-15 17:40:53');
INSERT INTO `media` (`id`, `media_type`, `link`, `created_at`, `updated_at`) VALUES (35, 'audio', 'http://glover.com/', '1975-02-22 20:57:08', '1991-08-25 11:56:36');
INSERT INTO `media` (`id`, `media_type`, `link`, `created_at`, `updated_at`) VALUES (36, 'audio', 'http://www.darebrown.com/', '1977-07-07 15:18:50', '1987-12-13 22:38:34');
INSERT INTO `media` (`id`, `media_type`, `link`, `created_at`, `updated_at`) VALUES (37, 'audio', 'http://hills.com/', '1988-04-24 21:40:32', '1989-03-22 01:09:56');
INSERT INTO `media` (`id`, `media_type`, `link`, `created_at`, `updated_at`) VALUES (38, 'audio', 'http://www.deckow.com/', '1972-07-24 06:50:06', '1976-08-24 21:17:51');
INSERT INTO `media` (`id`, `media_type`, `link`, `created_at`, `updated_at`) VALUES (39, 'video', 'http://www.ryan.com/', '1977-03-10 12:11:04', '1992-12-14 23:52:47');
INSERT INTO `media` (`id`, `media_type`, `link`, `created_at`, `updated_at`) VALUES (40, 'audio', 'http://www.abbott.com/', '1999-09-10 09:33:02', '1974-01-30 14:46:46');
INSERT INTO `media` (`id`, `media_type`, `link`, `created_at`, `updated_at`) VALUES (41, 'picture', 'http://williamsonnitzsche.com/', '2018-10-21 19:55:04', '2014-06-09 21:27:48');
INSERT INTO `media` (`id`, `media_type`, `link`, `created_at`, `updated_at`) VALUES (42, 'video', 'http://marquardtbalistreri.com/', '2015-05-23 02:02:38', '2003-06-11 16:07:10');
INSERT INTO `media` (`id`, `media_type`, `link`, `created_at`, `updated_at`) VALUES (43, 'picture', 'http://www.kochbatz.biz/', '1994-07-26 11:56:20', '1972-06-23 06:30:04');
INSERT INTO `media` (`id`, `media_type`, `link`, `created_at`, `updated_at`) VALUES (44, 'audio', 'http://www.gorczany.info/', '2010-02-13 12:44:51', '1982-01-27 06:48:04');
INSERT INTO `media` (`id`, `media_type`, `link`, `created_at`, `updated_at`) VALUES (45, 'audio', 'http://www.schinnerhintz.info/', '1974-12-14 20:05:00', '1993-06-18 17:17:35');
INSERT INTO `media` (`id`, `media_type`, `link`, `created_at`, `updated_at`) VALUES (46, 'video', 'http://welch.org/', '1991-09-23 15:50:34', '1993-09-27 03:26:52');
INSERT INTO `media` (`id`, `media_type`, `link`, `created_at`, `updated_at`) VALUES (47, 'audio', 'http://olson.com/', '1977-07-21 22:07:48', '2003-12-20 22:08:29');
INSERT INTO `media` (`id`, `media_type`, `link`, `created_at`, `updated_at`) VALUES (48, 'video', 'http://jaskolskigleichner.info/', '1997-10-13 23:31:46', '1984-01-08 21:57:01');
INSERT INTO `media` (`id`, `media_type`, `link`, `created_at`, `updated_at`) VALUES (49, 'audio', 'http://heathcote.com/', '1995-06-20 07:12:57', '1992-04-30 16:18:02');
INSERT INTO `media` (`id`, `media_type`, `link`, `created_at`, `updated_at`) VALUES (50, 'picture', 'http://www.dickens.biz/', '1971-04-05 23:11:07', '2000-05-07 17:38:02');
INSERT INTO `media` (`id`, `media_type`, `link`, `created_at`, `updated_at`) VALUES (51, 'picture', 'http://wehner.com/', '1989-09-13 20:26:49', '1970-11-14 03:24:55');
INSERT INTO `media` (`id`, `media_type`, `link`, `created_at`, `updated_at`) VALUES (52, 'video', 'http://www.lueilwitz.net/', '1996-02-26 07:19:58', '1993-08-24 20:44:28');
INSERT INTO `media` (`id`, `media_type`, `link`, `created_at`, `updated_at`) VALUES (53, 'picture', 'http://borerbartell.com/', '2014-04-16 04:34:29', '1972-11-14 17:55:36');
INSERT INTO `media` (`id`, `media_type`, `link`, `created_at`, `updated_at`) VALUES (54, 'audio', 'http://aufderharjohnston.info/', '2008-07-08 20:40:13', '1975-12-22 03:05:50');
INSERT INTO `media` (`id`, `media_type`, `link`, `created_at`, `updated_at`) VALUES (55, 'video', 'http://www.schillerbaumbach.com/', '1975-05-20 22:01:29', '1983-12-29 18:27:47');
INSERT INTO `media` (`id`, `media_type`, `link`, `created_at`, `updated_at`) VALUES (56, 'picture', 'http://parker.info/', '1975-12-05 23:25:53', '2005-06-10 08:23:21');
INSERT INTO `media` (`id`, `media_type`, `link`, `created_at`, `updated_at`) VALUES (57, 'audio', 'http://www.rolfsonprice.com/', '2020-12-16 06:23:23', '1974-04-22 09:37:46');
INSERT INTO `media` (`id`, `media_type`, `link`, `created_at`, `updated_at`) VALUES (58, 'audio', 'http://flatley.com/', '1980-03-07 16:10:31', '1997-09-05 04:14:57');
INSERT INTO `media` (`id`, `media_type`, `link`, `created_at`, `updated_at`) VALUES (59, 'picture', 'http://mayer.info/', '1982-12-21 10:07:27', '1999-02-11 17:32:24');
INSERT INTO `media` (`id`, `media_type`, `link`, `created_at`, `updated_at`) VALUES (60, 'video', 'http://hirthe.com/', '1994-12-24 17:30:31', '1986-09-16 10:38:27');
INSERT INTO `media` (`id`, `media_type`, `link`, `created_at`, `updated_at`) VALUES (61, 'audio', 'http://www.brownsenger.com/', '2003-07-10 21:09:00', '1994-04-17 09:08:24');
INSERT INTO `media` (`id`, `media_type`, `link`, `created_at`, `updated_at`) VALUES (62, 'audio', 'http://runolfsdottir.com/', '1971-06-03 01:19:12', '1985-04-05 18:30:48');
INSERT INTO `media` (`id`, `media_type`, `link`, `created_at`, `updated_at`) VALUES (63, 'picture', 'http://www.doyle.com/', '2012-03-21 21:51:05', '1995-04-20 11:26:25');
INSERT INTO `media` (`id`, `media_type`, `link`, `created_at`, `updated_at`) VALUES (64, 'video', 'http://www.oconnellsporer.com/', '2011-08-22 14:26:46', '2012-03-19 17:01:23');
INSERT INTO `media` (`id`, `media_type`, `link`, `created_at`, `updated_at`) VALUES (65, 'video', 'http://kutch.com/', '2010-06-04 14:30:10', '1971-10-04 02:59:45');
INSERT INTO `media` (`id`, `media_type`, `link`, `created_at`, `updated_at`) VALUES (66, 'picture', 'http://nolan.com/', '1974-05-14 11:06:44', '1985-03-25 22:51:45');
INSERT INTO `media` (`id`, `media_type`, `link`, `created_at`, `updated_at`) VALUES (67, 'video', 'http://www.beer.com/', '2011-10-14 05:26:31', '2006-12-27 02:04:30');
INSERT INTO `media` (`id`, `media_type`, `link`, `created_at`, `updated_at`) VALUES (68, 'video', 'http://www.langosh.biz/', '1985-03-30 01:46:02', '2016-01-10 19:46:59');
INSERT INTO `media` (`id`, `media_type`, `link`, `created_at`, `updated_at`) VALUES (69, 'video', 'http://www.mayert.net/', '2000-09-14 07:31:29', '1985-03-20 23:39:07');
INSERT INTO `media` (`id`, `media_type`, `link`, `created_at`, `updated_at`) VALUES (70, 'picture', 'http://www.pfeffer.net/', '2004-05-15 04:38:19', '1982-06-18 14:51:33');
INSERT INTO `media` (`id`, `media_type`, `link`, `created_at`, `updated_at`) VALUES (71, 'audio', 'http://cronin.org/', '1974-09-13 19:44:13', '2006-07-16 08:09:04');
INSERT INTO `media` (`id`, `media_type`, `link`, `created_at`, `updated_at`) VALUES (72, 'audio', 'http://walkergaylord.net/', '2017-10-13 12:46:15', '2020-06-22 04:12:04');
INSERT INTO `media` (`id`, `media_type`, `link`, `created_at`, `updated_at`) VALUES (73, 'picture', 'http://nienow.net/', '1976-01-23 16:02:53', '1998-02-11 20:10:59');
INSERT INTO `media` (`id`, `media_type`, `link`, `created_at`, `updated_at`) VALUES (74, 'picture', 'http://www.larsoncasper.com/', '2021-05-27 12:08:39', '1989-05-02 09:55:23');
INSERT INTO `media` (`id`, `media_type`, `link`, `created_at`, `updated_at`) VALUES (75, 'picture', 'http://reinger.org/', '2000-10-24 11:43:47', '1988-07-16 22:25:31');
INSERT INTO `media` (`id`, `media_type`, `link`, `created_at`, `updated_at`) VALUES (76, 'video', 'http://www.hegmann.org/', '2011-01-07 02:50:15', '2008-07-29 11:36:30');
INSERT INTO `media` (`id`, `media_type`, `link`, `created_at`, `updated_at`) VALUES (77, 'audio', 'http://www.walter.com/', '1992-09-25 20:30:45', '2012-09-05 00:28:58');
INSERT INTO `media` (`id`, `media_type`, `link`, `created_at`, `updated_at`) VALUES (78, 'picture', 'http://www.braunthiel.info/', '1987-11-22 12:04:22', '1981-11-07 19:16:18');
INSERT INTO `media` (`id`, `media_type`, `link`, `created_at`, `updated_at`) VALUES (79, 'picture', 'http://www.kleingraham.com/', '2019-07-27 20:21:48', '2004-06-27 00:43:37');
INSERT INTO `media` (`id`, `media_type`, `link`, `created_at`, `updated_at`) VALUES (80, 'audio', 'http://koelpin.net/', '1985-10-19 13:13:29', '2002-06-18 23:23:13');
INSERT INTO `media` (`id`, `media_type`, `link`, `created_at`, `updated_at`) VALUES (81, 'audio', 'http://jacobswaelchi.com/', '2001-11-23 06:29:23', '2006-06-08 10:19:27');
INSERT INTO `media` (`id`, `media_type`, `link`, `created_at`, `updated_at`) VALUES (82, 'video', 'http://www.will.info/', '1997-10-29 17:05:47', '2005-01-09 05:22:46');
INSERT INTO `media` (`id`, `media_type`, `link`, `created_at`, `updated_at`) VALUES (83, 'audio', 'http://www.douglas.org/', '1999-12-28 02:48:55', '1984-02-07 09:05:23');
INSERT INTO `media` (`id`, `media_type`, `link`, `created_at`, `updated_at`) VALUES (84, 'picture', 'http://www.harberrussel.org/', '1989-06-08 17:10:02', '1987-06-17 03:47:57');
INSERT INTO `media` (`id`, `media_type`, `link`, `created_at`, `updated_at`) VALUES (85, 'audio', 'http://tillmangulgowski.com/', '2001-05-16 13:44:00', '1970-10-28 21:01:33');
INSERT INTO `media` (`id`, `media_type`, `link`, `created_at`, `updated_at`) VALUES (86, 'video', 'http://zemlak.org/', '2001-06-26 14:45:51', '1974-07-18 08:13:00');
INSERT INTO `media` (`id`, `media_type`, `link`, `created_at`, `updated_at`) VALUES (87, 'audio', 'http://bergnaum.info/', '2009-04-01 07:51:29', '1981-01-30 13:05:41');
INSERT INTO `media` (`id`, `media_type`, `link`, `created_at`, `updated_at`) VALUES (88, 'audio', 'http://www.vonruedenkemmer.com/', '1991-03-04 06:35:15', '1989-11-13 03:22:41');
INSERT INTO `media` (`id`, `media_type`, `link`, `created_at`, `updated_at`) VALUES (89, 'video', 'http://www.goyettehilll.com/', '2008-04-14 18:24:43', '1970-12-02 12:31:13');
INSERT INTO `media` (`id`, `media_type`, `link`, `created_at`, `updated_at`) VALUES (90, 'picture', 'http://bergstromchristiansen.com/', '2015-07-20 01:07:48', '2019-09-15 20:18:44');
INSERT INTO `media` (`id`, `media_type`, `link`, `created_at`, `updated_at`) VALUES (91, 'audio', 'http://torpquigley.net/', '2005-01-21 06:56:07', '1982-08-31 03:40:16');
INSERT INTO `media` (`id`, `media_type`, `link`, `created_at`, `updated_at`) VALUES (92, 'audio', 'http://murphy.com/', '2000-12-04 09:49:19', '1978-08-27 11:12:14');
INSERT INTO `media` (`id`, `media_type`, `link`, `created_at`, `updated_at`) VALUES (93, 'video', 'http://mayert.com/', '1970-12-04 07:22:37', '2009-09-30 18:17:02');
INSERT INTO `media` (`id`, `media_type`, `link`, `created_at`, `updated_at`) VALUES (94, 'picture', 'http://www.carroll.org/', '2018-08-08 06:46:24', '2005-05-17 22:42:56');
INSERT INTO `media` (`id`, `media_type`, `link`, `created_at`, `updated_at`) VALUES (95, 'audio', 'http://kulas.biz/', '2003-04-23 02:08:35', '2003-01-01 21:36:28');
INSERT INTO `media` (`id`, `media_type`, `link`, `created_at`, `updated_at`) VALUES (96, 'picture', 'http://bartell.com/', '1997-03-03 03:35:29', '2000-10-13 16:07:50');
INSERT INTO `media` (`id`, `media_type`, `link`, `created_at`, `updated_at`) VALUES (97, 'audio', 'http://www.nikolauscasper.biz/', '2012-04-27 11:25:25', '1979-10-14 06:35:50');
INSERT INTO `media` (`id`, `media_type`, `link`, `created_at`, `updated_at`) VALUES (98, 'video', 'http://www.cartwright.com/', '1993-01-19 06:53:48', '2013-05-14 07:13:47');
INSERT INTO `media` (`id`, `media_type`, `link`, `created_at`, `updated_at`) VALUES (99, 'picture', 'http://nikolaus.com/', '1985-08-12 08:01:33', '2003-03-02 14:15:40');
INSERT INTO `media` (`id`, `media_type`, `link`, `created_at`, `updated_at`) VALUES (100, 'video', 'http://www.bailey.com/', '1989-05-31 21:26:55', '1983-10-03 20:45:08');

INSERT INTO `messages` (`id`, `from_user_id`, `to_user_id`, `message_header`, `message_body`, `is_delivered`, `was_edited`, `created_at`, `updated_at`) VALUES (1, 34, 27, 'Repellendus est non unde. Incidunt repudiandae minima est. Rem aut eveniet adipisci et vel.', 'Est qui et sed qui a eos. Ea est molestiae recusandae qui cum placeat voluptates. Repellendus nisi perspiciatis animi fugiat iure.', 0, 0, '1982-08-04 13:34:39', '1972-04-12 06:02:30');
INSERT INTO `messages` (`id`, `from_user_id`, `to_user_id`, `message_header`, `message_body`, `is_delivered`, `was_edited`, `created_at`, `updated_at`) VALUES (2, 97, 68, 'Aut voluptatem quisquam corrupti pariatur et rerum. Soluta nesciunt itaque ut molestias consequatur delectus libero. Blanditiis aliquid dolore quis ut laboriosam debitis voluptatem.', 'Dolorem modi quaerat sit voluptatum quae minus dolores. Non voluptatem eos dolorem eligendi corrupti. Rerum rem aut accusamus aspernatur sit suscipit sed. Aspernatur fugit ab reiciendis quibusdam praesentium rem.', 1, 0, '2013-01-31 22:15:28', '2016-12-08 18:48:14');
INSERT INTO `messages` (`id`, `from_user_id`, `to_user_id`, `message_header`, `message_body`, `is_delivered`, `was_edited`, `created_at`, `updated_at`) VALUES (3, 7, 75, 'Excepturi deserunt vel sunt soluta. Hic ut rerum exercitationem consequatur dolor eligendi ut iste. Aut rerum rerum delectus eveniet ullam quo et nam. Aut quo quae earum explicabo deleniti accusamus. Quae in in libero dolor omnis rerum.', 'Aut minus nihil quis aut saepe nesciunt. Vero iure ut sint est possimus. Itaque sed quis cumque maxime modi unde quisquam. Aut id est recusandae.', 1, 0, '1970-11-27 13:45:58', '1977-02-07 20:30:02');
INSERT INTO `messages` (`id`, `from_user_id`, `to_user_id`, `message_header`, `message_body`, `is_delivered`, `was_edited`, `created_at`, `updated_at`) VALUES (4, 9, 15, 'Earum praesentium adipisci repellat reprehenderit omnis est autem. Consequatur dicta quae nam quis sed quasi veritatis. Et modi rerum ratione inventore eligendi dignissimos.', 'Quasi saepe neque minima aut ut consequatur. Quo eum maxime est aperiam sapiente aut rem. Cupiditate molestiae praesentium non maiores ad placeat quibusdam quia. Corporis officiis ut quis laboriosam sunt.', 0, 0, '1992-01-31 19:03:52', '1993-02-22 04:22:51');
INSERT INTO `messages` (`id`, `from_user_id`, `to_user_id`, `message_header`, `message_body`, `is_delivered`, `was_edited`, `created_at`, `updated_at`) VALUES (5, 58, 54, 'Labore ipsum dolor voluptas amet voluptatibus dolores. Vero accusamus rerum cupiditate. Suscipit quia delectus consequatur quibusdam odio quibusdam.', 'Hic placeat quia consequatur aliquid totam id nihil. Et qui officiis in iste. Dicta eum doloremque et magnam quidem est vel. Eum ut sed architecto nesciunt ipsa iusto quia placeat.', 1, 0, '1975-10-08 09:15:10', '1992-06-08 17:23:49');
INSERT INTO `messages` (`id`, `from_user_id`, `to_user_id`, `message_header`, `message_body`, `is_delivered`, `was_edited`, `created_at`, `updated_at`) VALUES (6, 75, 52, 'Eaque et amet magnam porro. Culpa sint rem minima esse. Et aut soluta dignissimos non. Dolor nemo voluptas et et.', 'Numquam et impedit sit et sequi perferendis consequatur. Dolore qui iusto aspernatur repellendus dolorem recusandae. Et est magni harum aut. Quo enim libero minima id.', 0, 0, '2019-01-27 16:29:13', '2016-12-12 21:55:20');
INSERT INTO `messages` (`id`, `from_user_id`, `to_user_id`, `message_header`, `message_body`, `is_delivered`, `was_edited`, `created_at`, `updated_at`) VALUES (7, 40, 20, 'Et rem quia suscipit dignissimos perspiciatis consequatur. Non sapiente iusto deserunt labore. At necessitatibus perferendis beatae quas tempora error eligendi. Totam odit laboriosam laboriosam natus. Exercitationem non quis deleniti soluta.', 'Ducimus labore rerum dolorum maiores iste. Corrupti quis eum aut quis exercitationem beatae. Earum voluptas aut doloremque aut.', 1, 0, '1978-11-02 07:13:44', '1994-12-17 16:54:54');
INSERT INTO `messages` (`id`, `from_user_id`, `to_user_id`, `message_header`, `message_body`, `is_delivered`, `was_edited`, `created_at`, `updated_at`) VALUES (8, 63, 22, 'Qui molestiae voluptas voluptas nobis. Dignissimos veniam nobis ex minima amet. Fuga vero quia ipsam ea nobis eligendi. Pariatur illum recusandae impedit.', 'Ea ipsa dolores et qui. Enim dolores doloribus temporibus aspernatur. Quibusdam laborum harum adipisci ex. Id omnis pariatur ut fuga.', 0, 0, '2000-07-04 04:09:37', '2018-01-04 22:26:08');
INSERT INTO `messages` (`id`, `from_user_id`, `to_user_id`, `message_header`, `message_body`, `is_delivered`, `was_edited`, `created_at`, `updated_at`) VALUES (9, 10, 70, 'Et in culpa et blanditiis. Dolor quibusdam nobis voluptatem quae at. Et et necessitatibus quia.', 'Enim nemo eius aut sint quo. Voluptas nihil qui ut architecto. Nostrum asperiores fuga ipsam quia numquam laudantium earum. Voluptates voluptate animi et.', 0, 0, '1992-05-18 20:53:51', '1981-01-27 04:10:33');
INSERT INTO `messages` (`id`, `from_user_id`, `to_user_id`, `message_header`, `message_body`, `is_delivered`, `was_edited`, `created_at`, `updated_at`) VALUES (10, 35, 70, 'Sed quia cumque numquam blanditiis suscipit nemo. Perspiciatis eos autem magni quasi at. Itaque omnis aut cupiditate nihil sunt provident ullam nostrum.', 'Voluptatem dolores nisi rerum qui est quia. Vero sint dolorum officiis dolores aspernatur laudantium molestiae saepe. Doloribus explicabo qui autem. Quasi praesentium ut cumque eos expedita. Sed necessitatibus eos officiis sed et.', 1, 0, '1982-12-20 00:44:09', '1992-04-18 09:39:13');
INSERT INTO `messages` (`id`, `from_user_id`, `to_user_id`, `message_header`, `message_body`, `is_delivered`, `was_edited`, `created_at`, `updated_at`) VALUES (11, 28, 74, 'Et et eaque dolorem odio est maxime in. At omnis dolores et. Pariatur et optio rerum totam.', 'Exercitationem et cumque et. Voluptatem laboriosam est eligendi ut non. Necessitatibus dicta voluptas quis recusandae.', 0, 0, '1994-05-06 03:29:32', '2021-02-05 06:43:58');
INSERT INTO `messages` (`id`, `from_user_id`, `to_user_id`, `message_header`, `message_body`, `is_delivered`, `was_edited`, `created_at`, `updated_at`) VALUES (12, 15, 62, 'Ut sed voluptatum expedita est occaecati ipsum. Nesciunt est excepturi veniam. Consequuntur eius aut distinctio nam quis. Ducimus quia quia fuga repellat.', 'Officiis sunt iste fugit ab voluptatum perspiciatis amet repudiandae. Quibusdam vel qui repellendus delectus deserunt libero. Quo saepe nostrum consequatur veritatis at. Incidunt unde beatae molestiae minus.', 0, 0, '2020-10-25 04:42:53', '1973-01-25 03:49:40');
INSERT INTO `messages` (`id`, `from_user_id`, `to_user_id`, `message_header`, `message_body`, `is_delivered`, `was_edited`, `created_at`, `updated_at`) VALUES (13, 12, 14, 'Sed omnis odio ea numquam aut. Iste quae facilis eaque laboriosam.', 'Dolores et ea sint voluptatum autem modi nobis. Amet nihil sed eum rerum. Sint consectetur ea sed delectus culpa quis qui.', 1, 0, '1992-06-07 10:23:57', '1992-06-17 23:07:58');
INSERT INTO `messages` (`id`, `from_user_id`, `to_user_id`, `message_header`, `message_body`, `is_delivered`, `was_edited`, `created_at`, `updated_at`) VALUES (14, 67, 36, 'Eveniet id ea amet. Alias et voluptatem assumenda optio. Aliquid quaerat voluptatum suscipit et quo. Quia odit unde dolorem excepturi odio.', 'Est et consequatur aut distinctio est quis omnis velit. Doloremque dicta suscipit mollitia sed quod. Porro esse et officiis cum explicabo. Nihil commodi aliquid sit qui.', 0, 0, '1986-11-16 17:20:47', '1990-07-19 16:10:07');
INSERT INTO `messages` (`id`, `from_user_id`, `to_user_id`, `message_header`, `message_body`, `is_delivered`, `was_edited`, `created_at`, `updated_at`) VALUES (15, 48, 94, 'Sed voluptas et ipsum magnam quo ullam nemo. Dignissimos iste id et qui nobis officiis. Iste labore sunt enim non quia voluptatem. Voluptas ipsum quas sint et velit non iusto.', 'Reprehenderit molestias explicabo illum eos voluptatibus. Numquam vero iste est dignissimos. Aut deserunt dicta voluptatem molestias maxime.', 1, 0, '1993-04-13 04:02:47', '1991-09-13 16:36:29');
INSERT INTO `messages` (`id`, `from_user_id`, `to_user_id`, `message_header`, `message_body`, `is_delivered`, `was_edited`, `created_at`, `updated_at`) VALUES (16, 56, 82, 'Blanditiis aut sit ea dolor soluta nobis atque assumenda. Eaque voluptatem aut dolor architecto nulla magnam vitae. Culpa ut quas hic sequi ea. Non quia aperiam laudantium in quia.', 'Sed excepturi ut labore et alias nihil. Veritatis aliquid et accusantium ipsum quas. Optio mollitia harum dolore repudiandae fuga autem eos. Facere asperiores eaque neque illo ab ipsa officia provident.', 0, 0, '1984-04-14 15:33:54', '1984-08-19 01:58:48');
INSERT INTO `messages` (`id`, `from_user_id`, `to_user_id`, `message_header`, `message_body`, `is_delivered`, `was_edited`, `created_at`, `updated_at`) VALUES (17, 21, 52, 'Molestiae dolorum et et voluptatum. Ad sint dolorem eius voluptatum. Enim quo ut natus qui fuga corporis. Distinctio cum repellendus omnis ut. Iure in perferendis numquam possimus consectetur eum ipsam tenetur.', 'Suscipit sequi sed et sit rerum. Tempora modi molestiae nulla aut consequatur iste. Excepturi et aliquam quod porro non libero.', 1, 0, '1995-09-21 22:24:10', '1970-06-30 06:46:56');
INSERT INTO `messages` (`id`, `from_user_id`, `to_user_id`, `message_header`, `message_body`, `is_delivered`, `was_edited`, `created_at`, `updated_at`) VALUES (18, 49, 28, 'Eos minus illum nisi ut veritatis ipsam voluptas. Recusandae quia assumenda magni ullam est similique ipsa. Et laudantium qui et ratione molestiae deleniti est.', 'Architecto molestias velit ut inventore voluptatum. Eveniet qui voluptate possimus fugiat totam laboriosam in. Fugiat non eum non. Nihil dolores nulla placeat recusandae.', 1, 0, '2020-07-08 17:50:21', '1985-08-29 19:10:28');
INSERT INTO `messages` (`id`, `from_user_id`, `to_user_id`, `message_header`, `message_body`, `is_delivered`, `was_edited`, `created_at`, `updated_at`) VALUES (19, 27, 57, 'Qui molestiae tempore nam id. Nisi eum voluptatibus impedit sunt animi illo.', 'Officiis ea deleniti cum dolor et ab sit. Temporibus et provident adipisci ullam ab voluptas incidunt id. Velit quasi temporibus rem laborum eaque totam sint.', 0, 0, '1992-07-14 03:53:57', '1987-01-24 20:15:46');
INSERT INTO `messages` (`id`, `from_user_id`, `to_user_id`, `message_header`, `message_body`, `is_delivered`, `was_edited`, `created_at`, `updated_at`) VALUES (20, 43, 84, 'Provident esse velit sint doloribus et mollitia autem. Non itaque dicta non architecto. Excepturi eos est veniam quia.', 'Est vero natus id dolores ea repellat reprehenderit. Et vel molestias cum sit. Eligendi ea vitae libero at est consequatur atque fugit.', 1, 0, '2013-12-29 23:48:58', '1990-06-29 13:47:34');
INSERT INTO `messages` (`id`, `from_user_id`, `to_user_id`, `message_header`, `message_body`, `is_delivered`, `was_edited`, `created_at`, `updated_at`) VALUES (21, 11, 17, 'Voluptates illum velit fuga adipisci perferendis quidem. Saepe aliquam facilis maxime molestiae nesciunt ut quam. Quia eveniet qui amet qui.', 'Porro aut voluptates sint consequatur occaecati alias quas. Fuga accusamus possimus autem vitae.', 0, 0, '1999-09-09 16:38:56', '1989-05-15 11:28:39');
INSERT INTO `messages` (`id`, `from_user_id`, `to_user_id`, `message_header`, `message_body`, `is_delivered`, `was_edited`, `created_at`, `updated_at`) VALUES (22, 36, 50, 'Quo perferendis dolor mollitia dolorum. Enim ea quis commodi aliquam quis iure. Doloremque ex numquam blanditiis cupiditate a.', 'Sit animi sit sit tenetur quibusdam sed. Esse iure in quia corrupti vero tempore. Et quis aut impedit non dolorem architecto magnam aspernatur.', 1, 0, '1978-10-07 02:00:14', '2014-05-14 20:52:50');
INSERT INTO `messages` (`id`, `from_user_id`, `to_user_id`, `message_header`, `message_body`, `is_delivered`, `was_edited`, `created_at`, `updated_at`) VALUES (23, 37, 99, 'Voluptatem velit vel ipsum doloribus quod molestiae aut. Et molestiae distinctio placeat quod et vel voluptas. Provident libero dolorum libero perferendis. In maxime ab odit at nihil quae in.', 'Voluptatum non iusto nobis excepturi omnis cum. Illum quia harum maxime sed incidunt ex. Tempore nobis vel delectus. Quis ut aut ipsa qui voluptatem. Itaque qui molestiae quisquam labore facere.', 1, 0, '2002-07-16 08:50:22', '1996-06-16 17:41:42');
INSERT INTO `messages` (`id`, `from_user_id`, `to_user_id`, `message_header`, `message_body`, `is_delivered`, `was_edited`, `created_at`, `updated_at`) VALUES (24, 71, 47, 'Et sit nihil facilis et. Occaecati rerum qui quibusdam et doloribus minima dolorem. Ab voluptas voluptatem officiis accusamus eligendi non maxime. A labore rem harum.', 'Neque consectetur enim libero sequi. Beatae quae nam incidunt corporis. Beatae ut harum at voluptatem nobis. Officia dolorem architecto voluptate.', 0, 0, '2000-10-01 05:59:57', '2020-12-28 20:02:13');
INSERT INTO `messages` (`id`, `from_user_id`, `to_user_id`, `message_header`, `message_body`, `is_delivered`, `was_edited`, `created_at`, `updated_at`) VALUES (25, 68, 6, 'Dolores non deserunt voluptatem consectetur. Tenetur dolores quisquam esse reprehenderit. Harum ut illo unde voluptas qui quisquam ut.', 'Hic hic magnam voluptate dignissimos aut ut. Deserunt id cum consectetur ratione. Reiciendis quisquam voluptas eligendi et consequatur neque cumque. Nihil aspernatur nam officiis vitae dolorem. Non et vitae qui laborum.', 1, 0, '1970-12-25 17:10:03', '1977-03-26 05:20:57');
INSERT INTO `messages` (`id`, `from_user_id`, `to_user_id`, `message_header`, `message_body`, `is_delivered`, `was_edited`, `created_at`, `updated_at`) VALUES (26, 16, 95, 'Praesentium dolor unde explicabo inventore. Ipsum eveniet impedit est sunt dolorem neque quia saepe. Ducimus est quidem quaerat.', 'Dicta neque quisquam ipsam ratione saepe est maxime. Rerum quibusdam libero qui soluta officia. Aut a est modi. Quas voluptate velit repellendus exercitationem. Nemo vero rerum sit necessitatibus sunt architecto occaecati.', 1, 0, '1985-06-23 09:56:23', '2020-05-19 10:52:55');
INSERT INTO `messages` (`id`, `from_user_id`, `to_user_id`, `message_header`, `message_body`, `is_delivered`, `was_edited`, `created_at`, `updated_at`) VALUES (27, 79, 30, 'Soluta magni ipsa qui. Accusantium eum magnam et aut. Excepturi ea nisi porro qui et tempore tenetur. Dignissimos inventore qui autem qui eum.', 'Alias explicabo quis non minima ex possimus. Fugit nihil explicabo aut non quo. Exercitationem vero sed autem facilis quas incidunt velit. Blanditiis qui placeat quia velit nesciunt.', 0, 0, '1996-04-28 11:23:36', '1978-12-18 00:23:31');
INSERT INTO `messages` (`id`, `from_user_id`, `to_user_id`, `message_header`, `message_body`, `is_delivered`, `was_edited`, `created_at`, `updated_at`) VALUES (28, 57, 91, 'Dicta distinctio enim consectetur ut earum quam. Ut consequatur est hic quia. Ab saepe sint earum minus. Aut excepturi eveniet quas aut sunt sed mollitia.', 'In eaque deleniti dolores quam. Mollitia alias soluta vitae in dolor laboriosam. Labore dolores facere tenetur eaque.', 0, 0, '1976-10-12 11:45:15', '1970-12-20 21:51:00');
INSERT INTO `messages` (`id`, `from_user_id`, `to_user_id`, `message_header`, `message_body`, `is_delivered`, `was_edited`, `created_at`, `updated_at`) VALUES (29, 44, 24, 'Sunt aperiam voluptas voluptas et. In delectus quo sunt tenetur.', 'Porro qui error ipsam magni magnam est. Tempora voluptas enim doloremque dolorem corrupti mollitia. Minima quos dolorem officiis totam ut. Libero sint ducimus tenetur aperiam.', 1, 0, '2019-08-29 21:14:42', '1991-08-15 00:00:09');
INSERT INTO `messages` (`id`, `from_user_id`, `to_user_id`, `message_header`, `message_body`, `is_delivered`, `was_edited`, `created_at`, `updated_at`) VALUES (30, 27, 92, 'Dolor eligendi dolor eum corporis nam. Accusamus et repellat possimus dolorem velit. Impedit porro deserunt sequi quia.', 'Animi exercitationem et error minima alias dignissimos sapiente est. Tempore nihil debitis non quasi. Deleniti nisi laudantium qui. Placeat aspernatur doloribus distinctio.', 1, 0, '1971-12-02 12:47:16', '2019-05-21 06:01:39');
INSERT INTO `messages` (`id`, `from_user_id`, `to_user_id`, `message_header`, `message_body`, `is_delivered`, `was_edited`, `created_at`, `updated_at`) VALUES (31, 18, 82, 'Maiores voluptate qui similique et suscipit possimus quisquam. Similique et similique error porro quo voluptas tempora.', 'Error perspiciatis aut repellat beatae nam eum soluta atque. Dolores eveniet asperiores est ut. Ab sit qui corporis enim qui. Non blanditiis esse ut sapiente in.', 0, 0, '1980-01-09 10:43:06', '2006-07-28 19:25:07');
INSERT INTO `messages` (`id`, `from_user_id`, `to_user_id`, `message_header`, `message_body`, `is_delivered`, `was_edited`, `created_at`, `updated_at`) VALUES (32, 73, 38, 'Ut voluptas quo velit repellendus tempore totam. Ut totam voluptatum quod quod cum. Labore dolorem quia laudantium veniam ut sed. Quas nobis in aliquam maiores et quae.', 'Deleniti eos velit consequatur. Sunt officiis et et non quae consequatur. Eum ea dolor ut ipsum dignissimos recusandae.', 0, 0, '2015-09-19 05:07:49', '1985-12-18 09:11:47');
INSERT INTO `messages` (`id`, `from_user_id`, `to_user_id`, `message_header`, `message_body`, `is_delivered`, `was_edited`, `created_at`, `updated_at`) VALUES (33, 34, 22, 'Dolores id excepturi modi accusantium voluptas amet minus. Quis veniam culpa rerum non tempora qui dolorum. Suscipit nesciunt in occaecati corporis dolor qui iusto.', 'Expedita quas voluptatem ipsam officia eaque. Deleniti optio sed aut quo aspernatur dolor. Nesciunt omnis nulla assumenda voluptates. Voluptas minima dolor assumenda libero explicabo.', 0, 0, '1980-04-14 04:01:24', '1970-05-19 19:25:17');
INSERT INTO `messages` (`id`, `from_user_id`, `to_user_id`, `message_header`, `message_body`, `is_delivered`, `was_edited`, `created_at`, `updated_at`) VALUES (34, 66, 61, 'Enim perspiciatis maiores omnis. Esse odit qui et quis accusantium dolores. Eaque quidem dolore consequatur quam. Repellat esse harum numquam sunt. Alias voluptates nemo sit temporibus aut reprehenderit et.', 'Aut deserunt mollitia ut odit. Sed aut exercitationem in et.', 1, 0, '1974-02-20 14:35:52', '2012-06-04 08:36:22');
INSERT INTO `messages` (`id`, `from_user_id`, `to_user_id`, `message_header`, `message_body`, `is_delivered`, `was_edited`, `created_at`, `updated_at`) VALUES (35, 79, 8, 'Molestiae qui delectus eligendi aut. Unde voluptatem cupiditate et mollitia. Sint voluptatum consequuntur eum ex ut laboriosam.', 'Animi distinctio possimus vero ad. Et dolores possimus doloremque aliquam autem incidunt omnis.', 1, 0, '1971-06-15 00:51:36', '2018-06-21 18:47:33');
INSERT INTO `messages` (`id`, `from_user_id`, `to_user_id`, `message_header`, `message_body`, `is_delivered`, `was_edited`, `created_at`, `updated_at`) VALUES (36, 45, 89, 'Reprehenderit et et consequatur perferendis fugiat. Autem suscipit suscipit odio earum veritatis itaque ullam. Fugit non at aut et.', 'Soluta molestias est voluptatum ut voluptatum voluptas odit. Possimus magni est vero. Minima aut voluptates autem iusto voluptates.', 1, 0, '2006-07-09 13:55:52', '1995-02-03 08:00:15');
INSERT INTO `messages` (`id`, `from_user_id`, `to_user_id`, `message_header`, `message_body`, `is_delivered`, `was_edited`, `created_at`, `updated_at`) VALUES (37, 25, 80, 'Debitis corrupti dolor libero dolorem dolor labore sunt. Consequuntur ut adipisci adipisci aut. Rem et adipisci itaque asperiores.', 'Mollitia at tempore est velit. Quam saepe quam et numquam fugit animi eligendi. Praesentium aliquam et in ullam perspiciatis a.', 0, 0, '2010-05-10 16:42:41', '1974-01-29 08:33:34');
INSERT INTO `messages` (`id`, `from_user_id`, `to_user_id`, `message_header`, `message_body`, `is_delivered`, `was_edited`, `created_at`, `updated_at`) VALUES (38, 38, 61, 'Maxime sed quasi sed sed et incidunt quaerat. Recusandae ut repellendus id cupiditate. Ad voluptas eum aut voluptatem dolores.', 'Corporis ducimus aperiam ut nulla aut ipsa eligendi. Accusantium error voluptatem qui non. Eveniet aliquam sunt vel dignissimos.', 1, 0, '1988-07-01 09:56:08', '1991-03-11 14:14:23');
INSERT INTO `messages` (`id`, `from_user_id`, `to_user_id`, `message_header`, `message_body`, `is_delivered`, `was_edited`, `created_at`, `updated_at`) VALUES (39, 79, 9, 'Excepturi ex voluptatum quam commodi magnam optio dolore. Adipisci perferendis in quia ut et. Ea voluptas fugiat amet odit eos quis. Unde similique labore culpa mollitia consectetur.', 'Qui nihil tempora occaecati id veniam nostrum. Dicta consequuntur incidunt reiciendis et voluptates vitae non. Eos aut consectetur nihil quo et. Aliquid est cum qui.', 0, 0, '2010-09-14 01:35:15', '1976-08-01 02:36:08');
INSERT INTO `messages` (`id`, `from_user_id`, `to_user_id`, `message_header`, `message_body`, `is_delivered`, `was_edited`, `created_at`, `updated_at`) VALUES (40, 8, 46, 'Accusantium veritatis quaerat provident minima. Rem cumque veritatis voluptatum sunt nisi molestiae fuga. Ut laboriosam sit esse et veniam minima accusantium. Sit nihil in est quia.', 'Natus ad voluptas earum nulla. Vitae optio tempore neque fuga occaecati eius. Dolorum sit nam omnis consequuntur rerum.', 0, 0, '2019-09-20 01:47:35', '1999-10-19 16:19:40');
INSERT INTO `messages` (`id`, `from_user_id`, `to_user_id`, `message_header`, `message_body`, `is_delivered`, `was_edited`, `created_at`, `updated_at`) VALUES (41, 14, 23, 'Corrupti consectetur numquam reiciendis accusamus nemo. Necessitatibus ea cum ab iste eum dolorem. Velit nulla doloremque quia nihil. Commodi pariatur velit dolores voluptatem animi. Explicabo commodi voluptate fugit.', 'Assumenda rem non quia sit consequatur ipsum dolor. Rerum ad nihil aut fuga occaecati illo quidem. Vel corporis nisi distinctio ratione dolor.', 1, 0, '2005-10-02 12:17:06', '1971-07-08 22:28:49');
INSERT INTO `messages` (`id`, `from_user_id`, `to_user_id`, `message_header`, `message_body`, `is_delivered`, `was_edited`, `created_at`, `updated_at`) VALUES (42, 41, 93, 'Vero aliquid molestias voluptatum ut omnis eius. Ut incidunt esse perspiciatis iste. Reiciendis nostrum recusandae voluptatem quidem aut. Pariatur eum sit ratione.', 'Labore odio iste similique sint pariatur nihil autem. Cupiditate ipsum fuga beatae ea.', 0, 0, '1999-09-15 04:05:30', '2003-12-03 22:04:26');
INSERT INTO `messages` (`id`, `from_user_id`, `to_user_id`, `message_header`, `message_body`, `is_delivered`, `was_edited`, `created_at`, `updated_at`) VALUES (43, 53, 97, 'Suscipit voluptas sed autem quod doloribus hic iste. Aut et consequatur et adipisci et. Eligendi similique quos veniam facere sunt.', 'Error quam provident aut perspiciatis accusantium ut. Ratione saepe sint sequi quia eum quod. Animi dolorem aut asperiores ea illum cum. Quisquam ex qui molestiae. Suscipit alias aliquam debitis rerum.', 1, 0, '1973-09-26 03:11:38', '2018-01-06 08:04:28');
INSERT INTO `messages` (`id`, `from_user_id`, `to_user_id`, `message_header`, `message_body`, `is_delivered`, `was_edited`, `created_at`, `updated_at`) VALUES (44, 83, 96, 'Eius repellendus deserunt numquam enim labore et reprehenderit. Omnis vel quia animi dolorum neque. Tempora reiciendis ex officia assumenda. Eveniet est ut deleniti sit laborum et. Omnis vitae et debitis non suscipit.', 'Non quaerat sit minima iure. Aut illo vel natus dolor. Maxime atque quia neque aspernatur aut magni porro ipsam. Tenetur dolores hic in rerum.', 1, 0, '2021-02-12 05:27:06', '1971-07-21 22:52:19');
INSERT INTO `messages` (`id`, `from_user_id`, `to_user_id`, `message_header`, `message_body`, `is_delivered`, `was_edited`, `created_at`, `updated_at`) VALUES (45, 21, 9, 'Atque iste voluptates a. Inventore quia nobis sint quas ipsum quaerat. Deleniti harum at et nesciunt quasi quia.', 'Est omnis autem et beatae quia delectus. Quasi id animi repellat mollitia quasi. Assumenda perferendis sunt nobis et.', 0, 0, '2010-09-05 05:40:43', '2016-06-20 05:56:22');
INSERT INTO `messages` (`id`, `from_user_id`, `to_user_id`, `message_header`, `message_body`, `is_delivered`, `was_edited`, `created_at`, `updated_at`) VALUES (46, 87, 38, 'Dolores quod laboriosam dolorum magnam. Quo ut nisi aspernatur mollitia quia aut reiciendis. Dolores error ipsa sit assumenda incidunt. Et aut quibusdam sunt. Voluptatem ipsa molestiae voluptatibus ut quae quia.', 'Ad tenetur qui ut consectetur distinctio asperiores rerum. Eum qui aperiam ipsa ut nesciunt ut.', 0, 0, '1978-06-27 18:52:58', '1990-06-01 09:12:45');
INSERT INTO `messages` (`id`, `from_user_id`, `to_user_id`, `message_header`, `message_body`, `is_delivered`, `was_edited`, `created_at`, `updated_at`) VALUES (47, 90, 60, 'Odit et officiis quaerat. Quam voluptatem consequatur voluptatum distinctio commodi quasi eaque. Et earum pariatur animi consequatur et officiis perspiciatis alias. Minima consequatur sint voluptatibus veritatis odit.', 'Omnis harum deserunt repellat in quas commodi. Dolor repellendus consequuntur consequatur voluptas. Architecto sunt reiciendis at quasi.', 0, 0, '1984-11-03 22:18:54', '1976-04-28 00:02:29');
INSERT INTO `messages` (`id`, `from_user_id`, `to_user_id`, `message_header`, `message_body`, `is_delivered`, `was_edited`, `created_at`, `updated_at`) VALUES (48, 76, 24, 'Quia impedit suscipit ipsam unde provident. Consequuntur est reprehenderit sed tenetur. Recusandae eum ad recusandae aliquid ut voluptas molestiae. Delectus itaque iste voluptatem deserunt recusandae sapiente tempore.', 'Quo et alias voluptatem ab. Possimus nostrum harum qui est non alias. Voluptatem soluta expedita occaecati quaerat omnis non. Nulla et qui amet aut.', 0, 0, '1979-04-04 08:19:00', '1996-02-25 11:28:43');
INSERT INTO `messages` (`id`, `from_user_id`, `to_user_id`, `message_header`, `message_body`, `is_delivered`, `was_edited`, `created_at`, `updated_at`) VALUES (49, 81, 41, 'Occaecati autem ad quo rerum sit ut dolorem. Quo quia sapiente doloremque consequatur suscipit et doloremque. Iure molestiae illo enim qui nihil est. Et cumque ipsum voluptas aut dolore eum magnam.', 'Atque molestiae est ut eaque id laborum culpa voluptas. Aspernatur et aut quia quis porro laborum. Quaerat nisi rerum corrupti omnis quae sequi dolores. Perspiciatis sequi ut exercitationem quia corporis tempora.', 0, 0, '1977-03-01 04:03:53', '1998-03-22 14:27:59');
INSERT INTO `messages` (`id`, `from_user_id`, `to_user_id`, `message_header`, `message_body`, `is_delivered`, `was_edited`, `created_at`, `updated_at`) VALUES (50, 84, 60, 'Molestiae cupiditate impedit enim quo eos. Dolores dolorem et eos numquam. Unde ex sint dolores maiores assumenda. Soluta aliquid culpa eos.', 'Aut et occaecati impedit laborum rerum accusamus earum minus. Quidem ducimus rerum eaque iusto amet vel. Et quia quod nostrum doloribus voluptatibus blanditiis voluptatum.', 1, 0, '1985-06-04 18:34:57', '1979-09-28 15:14:27');
INSERT INTO `messages` (`id`, `from_user_id`, `to_user_id`, `message_header`, `message_body`, `is_delivered`, `was_edited`, `created_at`, `updated_at`) VALUES (51, 49, 28, 'Maxime itaque consectetur quibusdam molestiae. Distinctio autem sit necessitatibus quibusdam id sed ullam. Eos eos vel et hic sed quia ipsa et. Quis sint iure sed in magnam rem a.', 'Aut cupiditate et dolorem a dolorem quasi. Est a tempore odit facilis. Qui aspernatur doloribus non tempora eveniet. Amet quaerat a id inventore consequatur. Aut pariatur hic aut neque.', 1, 0, '1999-01-26 14:55:23', '2002-10-27 11:20:51');
INSERT INTO `messages` (`id`, `from_user_id`, `to_user_id`, `message_header`, `message_body`, `is_delivered`, `was_edited`, `created_at`, `updated_at`) VALUES (52, 48, 73, 'Quae rem voluptates aut officiis dicta velit error. Odio consequuntur explicabo enim. Voluptas dolor praesentium quis est. Aut et aut ab dolorum iste laboriosam esse.', 'Et aut ut beatae non modi. Excepturi in ipsa error et ipsam dignissimos animi. Quae doloremque magnam officiis dolore a quibusdam aut. Provident omnis hic autem itaque ex itaque.', 0, 0, '2009-08-06 00:44:55', '2018-10-26 23:42:28');
INSERT INTO `messages` (`id`, `from_user_id`, `to_user_id`, `message_header`, `message_body`, `is_delivered`, `was_edited`, `created_at`, `updated_at`) VALUES (53, 8, 86, 'Qui voluptatem non sed numquam. Reiciendis et voluptates necessitatibus consequatur et. Minus architecto laborum aut totam aspernatur nihil. Aut blanditiis consectetur facilis itaque cupiditate sapiente.', 'Possimus sed numquam earum. Ad aut quod nobis ex. Eligendi corrupti sit exercitationem adipisci aut architecto.', 1, 0, '2006-05-03 06:18:36', '2003-10-30 07:42:14');
INSERT INTO `messages` (`id`, `from_user_id`, `to_user_id`, `message_header`, `message_body`, `is_delivered`, `was_edited`, `created_at`, `updated_at`) VALUES (54, 34, 86, 'Dignissimos quia dignissimos non ad. A ipsum adipisci minima quod quam sit mollitia. Officia voluptatem aut quaerat optio consequuntur dolores repellat.', 'Fuga totam deleniti ad repellendus amet incidunt vel. Suscipit nostrum ea quos et in pariatur illum. Distinctio vitae cumque odit eos amet voluptatem. Molestiae autem quae qui illo illo magnam rem.', 0, 0, '1993-02-03 06:50:28', '2012-11-25 15:48:08');
INSERT INTO `messages` (`id`, `from_user_id`, `to_user_id`, `message_header`, `message_body`, `is_delivered`, `was_edited`, `created_at`, `updated_at`) VALUES (55, 94, 41, 'Consequuntur quo et sunt autem a. Et eos eius quia harum iusto consequatur. Sint voluptatem error voluptatem voluptas et nesciunt aspernatur.', 'Recusandae neque aut quis est enim. Aliquid commodi velit sint itaque id qui dicta.', 0, 0, '1975-09-12 07:09:32', '2006-10-31 18:29:56');
INSERT INTO `messages` (`id`, `from_user_id`, `to_user_id`, `message_header`, `message_body`, `is_delivered`, `was_edited`, `created_at`, `updated_at`) VALUES (56, 31, 8, 'Quis rerum cupiditate voluptate et unde veniam. Quidem eveniet est dolore eum rerum totam consectetur. Ducimus magni et molestiae iure ut accusantium molestiae. Quis debitis et cum sunt ducimus at. Quia quo facilis enim qui quasi totam.', 'Labore repellendus sint est nobis magnam. Et sit fugiat sunt tempora nobis minus rerum est.', 1, 0, '2006-11-26 06:04:15', '1991-12-31 19:51:19');
INSERT INTO `messages` (`id`, `from_user_id`, `to_user_id`, `message_header`, `message_body`, `is_delivered`, `was_edited`, `created_at`, `updated_at`) VALUES (57, 64, 71, 'Nobis et esse aut hic praesentium est voluptas. Et et id ex aut.', 'Qui voluptate necessitatibus nihil quas voluptas est voluptas. Laudantium sit praesentium unde cum eos. Recusandae asperiores eveniet rerum consequatur porro minus. Ipsum sint perferendis voluptas odio dolorem.', 1, 0, '1998-06-06 03:39:57', '1979-08-07 17:13:05');
INSERT INTO `messages` (`id`, `from_user_id`, `to_user_id`, `message_header`, `message_body`, `is_delivered`, `was_edited`, `created_at`, `updated_at`) VALUES (58, 100, 16, 'Ea ullam officiis repudiandae et. Porro vel in enim eius ex. Officiis cumque dicta iste nobis cumque dolorum ea. Molestiae veniam modi numquam quasi.', 'Ipsa impedit quod voluptates omnis suscipit eius. Eligendi fugit quam perferendis in enim vitae. Dolorem fugiat inventore odio officiis molestias et aut. Sunt non accusamus eveniet fuga quis suscipit. Sed ducimus aut enim minima placeat.', 0, 0, '2002-03-13 22:30:59', '1986-11-07 21:48:11');
INSERT INTO `messages` (`id`, `from_user_id`, `to_user_id`, `message_header`, `message_body`, `is_delivered`, `was_edited`, `created_at`, `updated_at`) VALUES (59, 68, 83, 'Aspernatur aperiam ex dolorem asperiores qui harum quisquam. Sed voluptatem rerum eum. Exercitationem voluptatem aut sunt accusamus sed harum. Consequuntur sit eos ullam.', 'Ut aut perferendis temporibus ipsum illo in sint. Odio natus voluptas repellendus sint sed aut. Explicabo sequi aut sapiente consequatur voluptate fugiat voluptatem. Sunt iure aut consequatur nam aut esse voluptates.', 1, 0, '2009-05-12 01:21:21', '2005-01-21 05:30:46');
INSERT INTO `messages` (`id`, `from_user_id`, `to_user_id`, `message_header`, `message_body`, `is_delivered`, `was_edited`, `created_at`, `updated_at`) VALUES (60, 12, 88, 'Veritatis est sed ullam dolor sit nisi. Aperiam quo qui velit dolores. Quaerat ad doloremque corrupti vel eveniet maiores quis at. Iste accusamus illum qui eligendi ut magnam.', 'Rerum rerum aperiam eos laboriosam molestiae eos sint enim. Officia et qui officia omnis aut voluptatem. Sint sint blanditiis exercitationem incidunt adipisci repellendus quis. Soluta dicta et rerum facilis maiores.', 0, 0, '2007-08-01 13:21:58', '2011-02-08 03:32:28');
INSERT INTO `messages` (`id`, `from_user_id`, `to_user_id`, `message_header`, `message_body`, `is_delivered`, `was_edited`, `created_at`, `updated_at`) VALUES (61, 91, 99, 'Velit architecto molestiae distinctio ea vel. Ut excepturi officia nemo possimus molestias praesentium labore dolorum. Possimus molestiae dolorum possimus qui natus impedit rem.', 'Sed libero quisquam sapiente quo. Officiis voluptate aperiam et qui dolores placeat. Illum amet blanditiis consequatur totam est explicabo maxime ipsam.', 0, 0, '2002-10-04 14:01:27', '1981-03-17 17:19:55');
INSERT INTO `messages` (`id`, `from_user_id`, `to_user_id`, `message_header`, `message_body`, `is_delivered`, `was_edited`, `created_at`, `updated_at`) VALUES (62, 26, 81, 'Sint iste sit maxime quibusdam error. Id omnis eum sit aliquam culpa modi. Qui occaecati consequatur sit. Dolores dolore non fugiat asperiores et velit.', 'Iure magnam sed culpa error ea autem eius. Consequuntur veniam facere expedita incidunt. Perspiciatis dolores harum odit.', 1, 0, '1992-04-05 23:34:33', '1983-04-19 22:38:57');
INSERT INTO `messages` (`id`, `from_user_id`, `to_user_id`, `message_header`, `message_body`, `is_delivered`, `was_edited`, `created_at`, `updated_at`) VALUES (63, 58, 1, 'Rem fugit vitae similique vel voluptatem voluptatibus corrupti. Consequuntur earum et laudantium velit ipsam eos ut eius. Voluptatum aut sit aut iste labore quia aut. Sunt repellendus ipsa minus pariatur beatae aut omnis. Similique eum qui nihil velit des', 'Dolor aperiam deserunt neque culpa. Recusandae voluptatem nihil corporis tenetur. Ipsam ipsum repellat velit dicta quos vel. Consequatur quae mollitia adipisci alias eligendi iste.', 1, 0, '2017-10-20 01:44:19', '2001-07-10 18:48:53');
INSERT INTO `messages` (`id`, `from_user_id`, `to_user_id`, `message_header`, `message_body`, `is_delivered`, `was_edited`, `created_at`, `updated_at`) VALUES (64, 5, 39, 'Est dolor eaque asperiores minima blanditiis dignissimos qui. Dignissimos laborum unde voluptates repellendus. Nihil aut quaerat soluta. Qui excepturi quo facere repudiandae vero molestiae facilis.', 'Ad nam qui necessitatibus dignissimos qui nemo similique. Occaecati consequatur ratione aut id. Excepturi aliquid est voluptatem. Est impedit exercitationem labore nesciunt officiis sint quo.', 0, 0, '2019-06-27 22:25:41', '1981-02-21 18:08:42');
INSERT INTO `messages` (`id`, `from_user_id`, `to_user_id`, `message_header`, `message_body`, `is_delivered`, `was_edited`, `created_at`, `updated_at`) VALUES (65, 41, 88, 'Perferendis modi architecto quasi debitis. Perferendis quod distinctio qui sapiente eligendi. Sint vitae accusantium atque in. Sed earum natus inventore optio quaerat ut accusamus nesciunt.', 'Eveniet est necessitatibus quos. Ea et aut omnis minima. Incidunt consectetur et repudiandae saepe incidunt.', 1, 0, '1970-08-21 06:47:04', '1980-11-08 16:52:38');
INSERT INTO `messages` (`id`, `from_user_id`, `to_user_id`, `message_header`, `message_body`, `is_delivered`, `was_edited`, `created_at`, `updated_at`) VALUES (66, 98, 89, 'Expedita repellendus sapiente voluptate in placeat veritatis. Laborum nam voluptates similique voluptas. Quaerat est debitis quidem quibusdam aut eius repellat repellendus. Nesciunt reprehenderit sapiente pariatur.', 'Ut dolorem explicabo et accusamus est. Ducimus nemo totam et dolor. Exercitationem et ratione pariatur aut id exercitationem dolor soluta.', 1, 0, '1971-07-03 08:45:50', '2019-07-06 19:26:36');
INSERT INTO `messages` (`id`, `from_user_id`, `to_user_id`, `message_header`, `message_body`, `is_delivered`, `was_edited`, `created_at`, `updated_at`) VALUES (67, 16, 46, 'Quibusdam amet sint error fugit quia perferendis. Autem modi ea in. Eum impedit rerum sint.', 'Sint ut eveniet ut et eaque beatae. Et quae dolore enim incidunt tempore a saepe.', 0, 0, '2009-03-27 01:01:01', '2010-02-14 21:56:43');
INSERT INTO `messages` (`id`, `from_user_id`, `to_user_id`, `message_header`, `message_body`, `is_delivered`, `was_edited`, `created_at`, `updated_at`) VALUES (68, 62, 23, 'Quis atque corrupti consequatur quis. Recusandae mollitia saepe nobis et aut consectetur. Eum et provident excepturi consectetur. Minima ipsam iusto aut cumque impedit sit.', 'Unde non molestiae incidunt et hic. Voluptatibus sunt quos consequatur laboriosam reprehenderit. Dolorem voluptates qui harum modi.', 0, 0, '1981-04-17 20:23:01', '1980-03-16 23:46:40');
INSERT INTO `messages` (`id`, `from_user_id`, `to_user_id`, `message_header`, `message_body`, `is_delivered`, `was_edited`, `created_at`, `updated_at`) VALUES (69, 31, 96, 'Nesciunt quidem voluptatibus neque tempore placeat quia. Accusantium dolor porro accusantium asperiores sapiente recusandae rerum sunt. Praesentium error eius magni enim delectus. Fugiat ipsum mollitia dolorem cumque amet repellat dolore.', 'Est sequi dolorum voluptatem sit non. Dicta aut dicta modi tempora magnam molestiae. Dolore laborum tenetur eos sit quia magnam. Quam corporis repellat voluptate iure quas.', 1, 0, '2005-08-05 15:13:20', '1995-01-04 16:29:43');
INSERT INTO `messages` (`id`, `from_user_id`, `to_user_id`, `message_header`, `message_body`, `is_delivered`, `was_edited`, `created_at`, `updated_at`) VALUES (70, 9, 25, 'Omnis est inventore aperiam non veritatis dolorum. Vero totam temporibus ut voluptatem nihil asperiores aliquam. Quis provident consequatur nostrum minima maxime. Ut quibusdam eum ea dolorum consequatur sunt officiis.', 'Eum voluptas sit repellendus est pariatur quia temporibus. Sequi id ex non vero. Et ea dicta aut quasi necessitatibus qui consequatur.', 0, 0, '1979-02-03 11:36:13', '1986-07-26 14:19:21');
INSERT INTO `messages` (`id`, `from_user_id`, `to_user_id`, `message_header`, `message_body`, `is_delivered`, `was_edited`, `created_at`, `updated_at`) VALUES (71, 37, 39, 'Nesciunt aliquam odio non in et doloremque. Omnis quia hic ullam magnam minima. Earum inventore quod rerum repudiandae possimus.', 'Voluptatum vel facere laborum qui commodi aliquid aut. Quidem qui sed temporibus et consequatur. Nesciunt non ut omnis quia at id. Aut aut alias voluptas voluptate.', 0, 0, '2013-09-03 02:11:05', '2017-02-17 00:28:42');
INSERT INTO `messages` (`id`, `from_user_id`, `to_user_id`, `message_header`, `message_body`, `is_delivered`, `was_edited`, `created_at`, `updated_at`) VALUES (72, 33, 1, 'Amet illum expedita eos sed explicabo voluptatum porro. Odio consequatur doloremque unde nobis. Quo maxime itaque cum debitis. Vel consequatur eum voluptatibus eveniet illum commodi. Ex nihil eius temporibus qui enim voluptate aut.', 'Iste voluptates nisi magni. Et accusamus qui molestiae esse sit possimus vel. Excepturi perspiciatis doloremque et ipsum minus tempora.', 1, 0, '1985-05-01 00:07:29', '1987-03-29 13:18:10');
INSERT INTO `messages` (`id`, `from_user_id`, `to_user_id`, `message_header`, `message_body`, `is_delivered`, `was_edited`, `created_at`, `updated_at`) VALUES (73, 10, 33, 'Voluptatum veniam cupiditate et in dolor quasi aut. Sunt eligendi ratione iste. Alias nesciunt possimus ullam. Est in pariatur et modi aut quisquam corporis. Est quae magnam velit voluptatem ipsum.', 'Odit omnis accusantium quis dolor. Et reprehenderit perferendis fuga suscipit. Numquam libero quasi pariatur aut et. Sit voluptas nemo veniam quo et fuga eveniet.', 1, 0, '2007-05-28 07:49:48', '2002-10-05 20:13:08');
INSERT INTO `messages` (`id`, `from_user_id`, `to_user_id`, `message_header`, `message_body`, `is_delivered`, `was_edited`, `created_at`, `updated_at`) VALUES (74, 16, 78, 'Asperiores earum in perspiciatis. Ratione voluptatum repellat inventore nihil. Quia officiis ut aliquid sit. Eos assumenda quis ut maiores nostrum consequatur. Qui impedit ipsum qui optio qui ab quae.', 'Fuga nulla quaerat est sit rem est. Molestias inventore nulla cumque voluptatem et officiis. Quae quos ipsam consequuntur temporibus tempora rerum et numquam. Facere illo voluptatem ut perspiciatis quia.', 1, 0, '1980-11-22 03:51:14', '2004-11-20 07:36:14');
INSERT INTO `messages` (`id`, `from_user_id`, `to_user_id`, `message_header`, `message_body`, `is_delivered`, `was_edited`, `created_at`, `updated_at`) VALUES (75, 15, 27, 'Recusandae nihil quo aut ipsam. Saepe odio ratione earum eveniet. Quo cupiditate nulla nisi. Qui eum excepturi cum ducimus.', 'Quisquam sed rem et voluptas excepturi quia excepturi. Inventore qui enim magnam fugiat perspiciatis. Quam qui aut et est dolore non.', 1, 0, '1978-12-24 06:21:25', '2015-06-01 18:31:17');
INSERT INTO `messages` (`id`, `from_user_id`, `to_user_id`, `message_header`, `message_body`, `is_delivered`, `was_edited`, `created_at`, `updated_at`) VALUES (76, 65, 6, 'Culpa optio voluptatem ut et tempore illum aut est. Ullam et voluptatem non laborum. Consequatur inventore praesentium adipisci nulla. Voluptas repellat ullam et rem adipisci vel optio harum.', 'Suscipit necessitatibus aspernatur perspiciatis quas asperiores id non. Quis id magnam aliquam non et. Architecto molestias et repudiandae aut ullam tempore.', 0, 0, '1972-10-22 00:08:52', '2019-06-24 06:02:08');
INSERT INTO `messages` (`id`, `from_user_id`, `to_user_id`, `message_header`, `message_body`, `is_delivered`, `was_edited`, `created_at`, `updated_at`) VALUES (77, 26, 91, 'Enim sint eligendi autem ut accusamus sed qui voluptatem. Amet ducimus mollitia ipsum nisi minima. Non modi modi suscipit et omnis. Consequuntur molestias maxime quo id.', 'Voluptatem perferendis qui maiores consequatur quam maiores voluptatem quo. Quibusdam quia reiciendis error dolorem illum dolor. Dolorem accusamus consequatur quis sit nemo sequi. Unde deleniti incidunt iure expedita ipsa perferendis.', 1, 0, '2021-06-04 20:47:54', '2009-08-07 14:21:58');
INSERT INTO `messages` (`id`, `from_user_id`, `to_user_id`, `message_header`, `message_body`, `is_delivered`, `was_edited`, `created_at`, `updated_at`) VALUES (78, 87, 83, 'Harum qui aut sit animi aut tenetur. Illum saepe quia quia iure totam. Libero esse non dolorum enim exercitationem ducimus dolores illum. Quos ad laboriosam suscipit earum.', 'Aut debitis sit nam asperiores iure aut. Voluptas magnam vel qui rem. Neque modi qui aut omnis repellendus. Reiciendis aut debitis est aut quisquam velit ipsum.', 0, 0, '1984-06-02 13:51:30', '2001-03-16 09:51:17');
INSERT INTO `messages` (`id`, `from_user_id`, `to_user_id`, `message_header`, `message_body`, `is_delivered`, `was_edited`, `created_at`, `updated_at`) VALUES (79, 91, 91, 'Illum corrupti autem placeat quia alias. Odio enim voluptatem voluptatum porro. Earum delectus atque quo ut. Quaerat eaque ea voluptatem dolor earum est est.', 'Maxime blanditiis odit molestias maiores ad. Doloribus sapiente ut voluptatem quos sapiente qui perferendis. Est ut in recusandae occaecati.', 1, 0, '1990-04-18 08:31:51', '1978-08-18 05:13:31');
INSERT INTO `messages` (`id`, `from_user_id`, `to_user_id`, `message_header`, `message_body`, `is_delivered`, `was_edited`, `created_at`, `updated_at`) VALUES (80, 22, 31, 'Delectus dolor quis ipsam facilis. Sed quis totam voluptatum dicta est. Quia corporis distinctio eos voluptas facilis consequatur. Unde assumenda et quas facilis hic. Voluptas error vel et similique voluptatem voluptas reprehenderit dolorem.', 'Doloremque atque praesentium possimus. Repellat quod rerum voluptas. Modi inventore aspernatur est. Et dolore asperiores qui quia voluptatem totam saepe. Omnis voluptatem natus veritatis iusto odit adipisci a sunt.', 0, 0, '1981-12-04 14:22:24', '2019-02-17 09:12:15');
INSERT INTO `messages` (`id`, `from_user_id`, `to_user_id`, `message_header`, `message_body`, `is_delivered`, `was_edited`, `created_at`, `updated_at`) VALUES (81, 79, 19, 'Et sunt et voluptas assumenda. Sed accusamus tempore odit repellat ut optio qui impedit. Sit vel facilis fugit sint deleniti sunt dolorem.', 'Dignissimos fugiat voluptatem quae architecto fugit voluptas. Voluptatem laboriosam maiores eius rerum. Numquam quasi eos animi ex repudiandae laudantium. Id consequatur placeat labore quod.', 0, 0, '1977-08-05 05:35:40', '1982-12-19 01:30:38');
INSERT INTO `messages` (`id`, `from_user_id`, `to_user_id`, `message_header`, `message_body`, `is_delivered`, `was_edited`, `created_at`, `updated_at`) VALUES (82, 20, 94, 'Dicta excepturi enim deleniti est eos ipsa. Id ipsa in repellat dignissimos. Quasi cumque laborum ipsum assumenda doloremque. Voluptas sunt suscipit quia unde nesciunt consectetur et.', 'Amet unde natus eius nostrum assumenda. Incidunt id soluta rerum recusandae expedita dolor quidem expedita. Distinctio itaque nostrum iusto corporis. Excepturi deleniti debitis modi esse sit veritatis reprehenderit.', 1, 0, '2004-02-28 04:17:45', '2020-06-07 08:47:24');
INSERT INTO `messages` (`id`, `from_user_id`, `to_user_id`, `message_header`, `message_body`, `is_delivered`, `was_edited`, `created_at`, `updated_at`) VALUES (83, 64, 82, 'Iusto quae facilis consequatur aliquam ipsum. Qui molestiae blanditiis iste vel. Dignissimos assumenda est impedit ea alias est. Placeat et delectus iste magnam.', 'Debitis saepe ut voluptas voluptatem a explicabo explicabo impedit. Rerum quos qui consequatur commodi ullam deserunt. Itaque aut quas est nihil cum.', 0, 0, '2011-09-02 19:21:01', '2007-10-27 06:30:13');
INSERT INTO `messages` (`id`, `from_user_id`, `to_user_id`, `message_header`, `message_body`, `is_delivered`, `was_edited`, `created_at`, `updated_at`) VALUES (84, 17, 95, 'Quas temporibus iste aliquid quam. Earum eum maxime sit laborum. Consequatur in ab eaque aut et tempore voluptates.', 'Maiores molestiae optio voluptatem doloremque et eos. Corporis quo qui eligendi deleniti expedita sit. Quia quia temporibus qui id eum dolores quas.', 0, 0, '1995-09-08 11:18:08', '2010-02-01 19:57:34');
INSERT INTO `messages` (`id`, `from_user_id`, `to_user_id`, `message_header`, `message_body`, `is_delivered`, `was_edited`, `created_at`, `updated_at`) VALUES (85, 78, 25, 'Quis architecto voluptate numquam nobis ut. Consectetur voluptas quia dolore et. Rerum veritatis qui quo quia maiores non corporis.', 'Facere deserunt sint animi quam. Ex rem quidem ullam a autem. Minima expedita et dolore sit illo et. Fugit officiis quaerat ut possimus molestiae nisi et.', 0, 0, '1984-02-27 06:01:18', '1979-04-04 03:12:06');
INSERT INTO `messages` (`id`, `from_user_id`, `to_user_id`, `message_header`, `message_body`, `is_delivered`, `was_edited`, `created_at`, `updated_at`) VALUES (86, 19, 14, 'Non aspernatur quas iure et. Velit quas omnis illum veniam aut.', 'Est iure dolorum repellendus asperiores odit tempora voluptas distinctio. Hic aspernatur voluptatem ducimus. Omnis nemo eos voluptatibus occaecati in natus enim.', 0, 0, '2002-03-22 15:30:31', '2013-11-23 07:55:07');
INSERT INTO `messages` (`id`, `from_user_id`, `to_user_id`, `message_header`, `message_body`, `is_delivered`, `was_edited`, `created_at`, `updated_at`) VALUES (87, 64, 51, 'Atque vitae et eveniet libero. Qui laborum dicta velit qui. Molestiae non rerum in sunt recusandae.', 'Enim optio cum eos itaque rerum. Quasi animi incidunt ipsa eligendi deleniti est. Est enim laborum vel expedita id inventore necessitatibus. Rerum ut nisi ipsum iste eum quae laudantium consequatur.', 0, 0, '1996-03-01 14:18:31', '2002-07-24 15:54:59');
INSERT INTO `messages` (`id`, `from_user_id`, `to_user_id`, `message_header`, `message_body`, `is_delivered`, `was_edited`, `created_at`, `updated_at`) VALUES (88, 14, 73, 'Illum rerum laboriosam sit vitae quaerat ut. Deserunt itaque mollitia et dolores. Illum omnis porro est velit libero. Similique consequatur amet ut aut. Incidunt possimus dolore cupiditate id dolores.', 'Dolorem voluptates nemo iure quae sed nihil voluptatibus. Debitis eaque eius expedita nam eum rerum. Aut necessitatibus odio qui et nam similique.', 0, 0, '1995-05-27 20:44:43', '1985-05-06 20:43:39');
INSERT INTO `messages` (`id`, `from_user_id`, `to_user_id`, `message_header`, `message_body`, `is_delivered`, `was_edited`, `created_at`, `updated_at`) VALUES (89, 83, 30, 'Dicta corrupti maxime sed velit ab sequi sunt tempore. Tempore sapiente id voluptatum pariatur quam accusamus. Dolore dolorum ullam ipsam vel architecto voluptatum magnam. Voluptate aut laudantium facilis ut velit.', 'Magnam fugit rem laboriosam nulla nihil deserunt vero. Optio voluptate veniam iure. Molestiae aliquam praesentium dignissimos iste vel quo.', 0, 0, '1977-12-02 01:25:46', '1999-01-22 12:30:03');
INSERT INTO `messages` (`id`, `from_user_id`, `to_user_id`, `message_header`, `message_body`, `is_delivered`, `was_edited`, `created_at`, `updated_at`) VALUES (90, 51, 98, 'Laborum sapiente occaecati porro ab. Voluptatem numquam consequuntur nam qui asperiores ut. Sint eos culpa eaque perferendis cumque. Consectetur voluptatibus velit sint harum.', 'Libero aut et ducimus rerum eum voluptas corporis. Voluptate ut quas minus eum et.', 0, 0, '1997-09-27 17:36:22', '2006-11-08 15:42:08');
INSERT INTO `messages` (`id`, `from_user_id`, `to_user_id`, `message_header`, `message_body`, `is_delivered`, `was_edited`, `created_at`, `updated_at`) VALUES (91, 57, 16, 'Consequatur occaecati explicabo illo aliquid exercitationem officia. Vel autem est sint voluptatem nihil vero et. Inventore non aut consectetur voluptatem nam maiores.', 'Nemo unde repudiandae ab qui. Provident assumenda neque voluptatem officiis. Ea aperiam sapiente nisi voluptates. Aut non mollitia consequatur aperiam.', 1, 0, '1983-06-21 21:41:52', '1996-08-24 00:18:13');
INSERT INTO `messages` (`id`, `from_user_id`, `to_user_id`, `message_header`, `message_body`, `is_delivered`, `was_edited`, `created_at`, `updated_at`) VALUES (92, 3, 82, 'Et necessitatibus debitis explicabo nisi porro nemo ea. Dicta dolorem dolorem eos quis sit eveniet.', 'Exercitationem et voluptas sed vitae esse sunt. Voluptas voluptatem est sed rem quis. Facere ad voluptas voluptatem dolor eveniet in.', 1, 0, '2014-04-07 07:32:44', '1996-04-23 17:18:05');
INSERT INTO `messages` (`id`, `from_user_id`, `to_user_id`, `message_header`, `message_body`, `is_delivered`, `was_edited`, `created_at`, `updated_at`) VALUES (93, 6, 89, 'Ut est voluptates alias ipsum id. Et et harum sunt omnis nisi saepe. Autem cupiditate consequatur quia qui similique. Fugiat at ea quis laboriosam aperiam perferendis.', 'Adipisci recusandae ducimus illum aliquid et. Pariatur et id explicabo cumque. Vel quibusdam blanditiis dolor dolor voluptas.', 1, 0, '2009-11-03 00:00:14', '2002-03-10 20:13:22');
INSERT INTO `messages` (`id`, `from_user_id`, `to_user_id`, `message_header`, `message_body`, `is_delivered`, `was_edited`, `created_at`, `updated_at`) VALUES (94, 65, 96, 'Dolore est eligendi illo iure. Ea maiores debitis sit aliquam praesentium accusamus cumque impedit. At aliquam hic rerum illo dolores.', 'Quo maxime tempore fuga. Est suscipit quis alias laborum labore et aliquam iusto. Pariatur non autem reiciendis minima.', 1, 0, '1989-06-26 13:36:09', '2004-01-20 13:47:18');
INSERT INTO `messages` (`id`, `from_user_id`, `to_user_id`, `message_header`, `message_body`, `is_delivered`, `was_edited`, `created_at`, `updated_at`) VALUES (95, 80, 86, 'Facere ut quod consequuntur hic iste dolore non. Qui autem velit id. Similique quia ut quis reiciendis qui.', 'Et aliquid ipsam maxime quia ratione. Inventore ipsum modi dicta minus. Eligendi ab quia ut error ut necessitatibus. Sit laborum veritatis quia soluta inventore et.', 1, 0, '2015-02-25 04:49:25', '1971-07-22 20:29:51');
INSERT INTO `messages` (`id`, `from_user_id`, `to_user_id`, `message_header`, `message_body`, `is_delivered`, `was_edited`, `created_at`, `updated_at`) VALUES (96, 27, 58, 'Voluptatem ea nisi sunt accusantium harum dignissimos. Recusandae exercitationem qui nihil soluta laudantium sed vero. Explicabo nihil fuga sint nam impedit autem et. Ut qui minima ut quia. Voluptatem temporibus asperiores non quia qui autem corporis.', 'Libero rerum et quod esse saepe possimus sed rerum. Dicta voluptate exercitationem alias nemo architecto quae inventore. Dolorum libero voluptatem illo quo error est quod. Recusandae voluptatem cum quaerat sapiente aperiam voluptas. Fuga animi quia quis vel nihil inventore perferendis quibusdam.', 1, 0, '1970-11-07 03:11:34', '2012-07-13 20:35:27');
INSERT INTO `messages` (`id`, `from_user_id`, `to_user_id`, `message_header`, `message_body`, `is_delivered`, `was_edited`, `created_at`, `updated_at`) VALUES (97, 5, 46, 'Harum in numquam est minus molestiae eaque amet. Qui quae minus ut minima et. Qui non qui est voluptatibus ullam voluptatibus quis. Nihil adipisci repellendus consequatur minima culpa et.', 'Cumque excepturi nihil enim exercitationem ipsam et optio. Aut velit voluptatibus rerum debitis iste nobis. Maiores est doloremque vero nisi et dolorem omnis nobis.', 0, 0, '2003-07-12 03:51:03', '1972-09-03 19:00:19');
INSERT INTO `messages` (`id`, `from_user_id`, `to_user_id`, `message_header`, `message_body`, `is_delivered`, `was_edited`, `created_at`, `updated_at`) VALUES (98, 51, 69, 'Dolor porro aut ipsum mollitia. Laborum consequatur qui facilis exercitationem. Nihil dolores eos sequi id.', 'Expedita ab voluptatibus cum beatae ullam eos beatae. Porro dolorem totam aut quia rerum qui doloremque aut. Sequi veniam alias animi accusantium assumenda.', 0, 0, '1985-08-20 13:07:40', '1987-08-02 19:27:17');
INSERT INTO `messages` (`id`, `from_user_id`, `to_user_id`, `message_header`, `message_body`, `is_delivered`, `was_edited`, `created_at`, `updated_at`) VALUES (99, 28, 68, 'Adipisci deserunt quia voluptatem accusantium. Impedit deserunt corporis consequatur eum maiores. Beatae ut quas reprehenderit quis sint iure. Perferendis nam saepe quisquam est.', 'Mollitia commodi ut quasi dolores in cumque. Natus et et sunt optio porro aut. Nesciunt porro quam assumenda qui veniam. Quidem consectetur est labore.', 0, 0, '1999-09-14 21:36:56', '2012-04-22 08:59:48');
INSERT INTO `messages` (`id`, `from_user_id`, `to_user_id`, `message_header`, `message_body`, `is_delivered`, `was_edited`, `created_at`, `updated_at`) VALUES (100, 63, 5, 'Cum voluptates dolorem quasi omnis atque. Totam quo quasi et quisquam earum. Saepe quidem esse optio minus optio unde. Autem est necessitatibus omnis omnis.', 'Et temporibus provident quo sed illo. Expedita dolorem et voluptate delectus reprehenderit nam. Aut doloribus error molestias ut consequuntur deserunt qui. Deserunt ipsum est numquam non qui laboriosam. Ipsum qui exercitationem maiores velit consequatur quo sint.', 1, 0, '2015-08-17 18:21:50', '1976-04-24 03:24:41');
INSERT INTO `messages` (`id`, `from_user_id`, `to_user_id`, `message_header`, `message_body`, `is_delivered`, `was_edited`, `created_at`, `updated_at`) VALUES (101, 92, 82, 'Rem illo amet minus nihil quo excepturi. Incidunt odit optio molestias fugiat aut sint in. Dolore fugit pariatur beatae sunt rerum.', 'Quibusdam inventore aut cum officia dolorum. Non sit accusamus provident rerum veniam. Itaque reprehenderit natus quis enim.', 0, 0, '2015-10-27 08:25:40', '1988-09-09 04:34:42');
INSERT INTO `messages` (`id`, `from_user_id`, `to_user_id`, `message_header`, `message_body`, `is_delivered`, `was_edited`, `created_at`, `updated_at`) VALUES (102, 19, 55, 'Autem in dolores temporibus aspernatur sint porro id sed. Ab rem nam culpa ut enim rerum voluptate omnis.', 'Rerum id laboriosam autem voluptatem impedit. Dignissimos qui suscipit sed officia nemo. Quia cum eaque ducimus rerum at provident iste.', 0, 0, '2013-06-26 05:27:24', '1981-12-08 01:04:25');
INSERT INTO `messages` (`id`, `from_user_id`, `to_user_id`, `message_header`, `message_body`, `is_delivered`, `was_edited`, `created_at`, `updated_at`) VALUES (103, 33, 33, 'Veritatis autem esse ut officiis. Provident nemo error nemo recusandae voluptas possimus. Aut corrupti voluptatibus asperiores delectus explicabo. Fuga sit necessitatibus quos tenetur. Omnis aut nostrum ipsa ipsum maiores impedit dolor incidunt.', 'Veniam totam nisi exercitationem ut et asperiores. Blanditiis non qui nemo animi dolores error debitis. Culpa consequatur non a cumque esse.', 1, 0, '2004-12-13 01:16:31', '2010-03-29 19:17:57');
INSERT INTO `messages` (`id`, `from_user_id`, `to_user_id`, `message_header`, `message_body`, `is_delivered`, `was_edited`, `created_at`, `updated_at`) VALUES (104, 28, 16, 'Omnis repellat est aut ullam. Quis sit dolor deleniti accusantium quia. Eos incidunt dolorem aut omnis cumque. Molestias tempore nemo voluptas quia esse quis aut.', 'Magnam autem voluptate amet aliquam. Quam velit a vero minima et eos. Quis non est pariatur cumque quibusdam. Unde rerum dolore quae asperiores doloribus illo.', 0, 0, '2018-12-02 04:01:18', '1974-02-26 22:42:36');
INSERT INTO `messages` (`id`, `from_user_id`, `to_user_id`, `message_header`, `message_body`, `is_delivered`, `was_edited`, `created_at`, `updated_at`) VALUES (105, 62, 78, 'Dolor nobis aut nulla natus possimus voluptatum. Rerum similique quia quia nam dolore voluptas est minus. Ut recusandae eligendi officiis id ullam.', 'Aperiam veritatis aut fugiat eaque possimus molestias eos. Laborum nesciunt maxime earum magni voluptas sunt vero. Qui vero necessitatibus eos alias cumque nesciunt. Voluptatum quia hic quia et molestiae.', 0, 0, '2011-06-06 22:22:15', '1981-08-26 19:06:24');
INSERT INTO `messages` (`id`, `from_user_id`, `to_user_id`, `message_header`, `message_body`, `is_delivered`, `was_edited`, `created_at`, `updated_at`) VALUES (106, 13, 19, 'Nostrum et impedit ea temporibus. Expedita tempore nam in eveniet exercitationem sunt nam ut. Impedit et quis vel. Laborum sit non impedit necessitatibus aut.', 'Commodi autem magnam saepe amet maxime mollitia dicta. Aperiam dolorum velit optio dolores dolores. Quaerat vel autem doloribus consectetur ea. At facere cupiditate alias et nesciunt. Illo exercitationem autem non reiciendis.', 1, 0, '1981-01-25 05:39:10', '2014-01-27 01:40:33');
INSERT INTO `messages` (`id`, `from_user_id`, `to_user_id`, `message_header`, `message_body`, `is_delivered`, `was_edited`, `created_at`, `updated_at`) VALUES (107, 93, 16, 'Cupiditate tenetur illo sequi voluptas facilis eius modi qui. Aut facilis praesentium omnis nobis quia. Repellendus quia quis aut necessitatibus placeat quisquam.', 'Dignissimos ipsum consequatur nesciunt labore suscipit nisi ut. Necessitatibus et ducimus ad sit totam eum saepe. Dignissimos blanditiis rerum quia cum eos architecto sunt.', 0, 0, '2014-12-19 20:39:32', '2011-08-29 06:08:59');
INSERT INTO `messages` (`id`, `from_user_id`, `to_user_id`, `message_header`, `message_body`, `is_delivered`, `was_edited`, `created_at`, `updated_at`) VALUES (108, 100, 98, 'Iure veniam perspiciatis eligendi laborum natus voluptas excepturi excepturi. Iste sed iusto qui aut laboriosam voluptatem. Aperiam ut mollitia voluptatem aliquid.', 'Numquam voluptate ut error ea explicabo corporis. Facilis eius nobis deleniti ipsa explicabo qui. Aut exercitationem consequuntur est non rerum.', 1, 0, '2015-02-16 09:18:26', '2001-12-26 01:39:37');
INSERT INTO `messages` (`id`, `from_user_id`, `to_user_id`, `message_header`, `message_body`, `is_delivered`, `was_edited`, `created_at`, `updated_at`) VALUES (109, 5, 65, 'Deserunt qui et totam amet sit et omnis qui. Id quae qui nam provident est ullam laudantium. Iste qui possimus natus illo omnis blanditiis.', 'Sed voluptatem facere doloremque facilis et ea aliquid laudantium. Non quos maxime dignissimos eveniet itaque praesentium. Voluptatibus harum sed et nam minus minima.', 0, 0, '1978-12-17 20:18:57', '2003-06-28 12:59:10');
INSERT INTO `messages` (`id`, `from_user_id`, `to_user_id`, `message_header`, `message_body`, `is_delivered`, `was_edited`, `created_at`, `updated_at`) VALUES (110, 93, 84, 'Itaque fugiat ut laboriosam. Ut et dolore voluptatem iusto dolor. Sed accusantium quaerat et sit voluptas sunt. Aliquid fugit illum eaque delectus est cum.', 'Laboriosam ipsa deserunt maxime voluptatem placeat aut sed. Reiciendis facilis fugit ea ex dolore amet rerum molestiae. Quod odio adipisci quis odio eos excepturi.', 1, 0, '2009-07-14 04:46:05', '1993-04-19 19:04:16');
INSERT INTO `messages` (`id`, `from_user_id`, `to_user_id`, `message_header`, `message_body`, `is_delivered`, `was_edited`, `created_at`, `updated_at`) VALUES (111, 51, 19, 'Repellat quidem molestiae quia tempora aut. Quam porro est doloremque omnis vel suscipit minus.', 'Officiis minus ut dolorem doloribus fugit ullam. Et repellat et maxime. Error sequi sit facilis nihil velit ab.', 1, 0, '1976-05-07 07:46:59', '2005-03-27 14:26:57');
INSERT INTO `messages` (`id`, `from_user_id`, `to_user_id`, `message_header`, `message_body`, `is_delivered`, `was_edited`, `created_at`, `updated_at`) VALUES (112, 42, 55, 'Rem qui sed ex dolor totam perferendis numquam accusantium. A deserunt vel nostrum accusantium aspernatur. Quisquam rerum quo voluptas perferendis vel animi.', 'Repudiandae totam repudiandae animi eaque eum mollitia. Id quae id et. Quisquam corrupti consequuntur necessitatibus quos et ut.', 1, 0, '2013-07-28 13:53:43', '2002-01-20 19:56:23');
INSERT INTO `messages` (`id`, `from_user_id`, `to_user_id`, `message_header`, `message_body`, `is_delivered`, `was_edited`, `created_at`, `updated_at`) VALUES (113, 65, 92, 'Dolorem eligendi quod aut eaque. Earum ut rerum ea tempore possimus explicabo qui.', 'Nobis dolorem et aliquam omnis non. Id rerum rerum adipisci amet quo dicta. Voluptatem odio nisi vel sunt. Et dolores nam ullam temporibus.', 1, 0, '2019-04-17 00:15:23', '2020-01-23 13:34:35');
INSERT INTO `messages` (`id`, `from_user_id`, `to_user_id`, `message_header`, `message_body`, `is_delivered`, `was_edited`, `created_at`, `updated_at`) VALUES (114, 23, 93, 'Error commodi voluptate incidunt labore id. Illum officia cumque aut ab adipisci. Porro sapiente veritatis enim rem odio. Unde dolores occaecati animi qui expedita et.', 'Molestiae nisi rerum possimus ad dolores. Aperiam mollitia quia doloribus iure impedit sint. Non expedita harum nisi aut fuga. Quidem nihil id error.', 0, 0, '1992-08-31 14:51:23', '1984-06-11 19:36:13');
INSERT INTO `messages` (`id`, `from_user_id`, `to_user_id`, `message_header`, `message_body`, `is_delivered`, `was_edited`, `created_at`, `updated_at`) VALUES (115, 59, 86, 'Est in numquam ab voluptatum ut ipsam. Reprehenderit perferendis aut et similique quia nulla. Iusto natus incidunt tempora deserunt qui impedit nulla. Non esse dicta neque perferendis aspernatur vero molestiae dolores.', 'Esse perferendis qui aliquid facere velit. Dolorem illo aperiam nesciunt. Inventore quibusdam ab eveniet et. Quia et blanditiis dicta impedit.', 0, 0, '2013-01-29 03:55:54', '1978-10-14 06:36:43');
INSERT INTO `messages` (`id`, `from_user_id`, `to_user_id`, `message_header`, `message_body`, `is_delivered`, `was_edited`, `created_at`, `updated_at`) VALUES (116, 97, 51, 'Quis molestiae dignissimos perferendis perspiciatis. Corrupti sit aspernatur qui in qui. Natus impedit error quas velit quos eaque explicabo.', 'Atque maiores ullam minus eum id ut ut. Ipsam minus porro vero nobis molestiae nesciunt aliquid. Veritatis dolore quaerat laudantium voluptatum qui ea optio inventore.', 1, 0, '1988-10-14 05:15:19', '1992-06-10 10:12:53');
INSERT INTO `messages` (`id`, `from_user_id`, `to_user_id`, `message_header`, `message_body`, `is_delivered`, `was_edited`, `created_at`, `updated_at`) VALUES (117, 67, 16, 'Omnis sit est minus. Quaerat nemo aliquid et sit optio. In nemo excepturi earum quis. Consequatur impedit et sed eveniet vero.', 'Assumenda asperiores iure porro fuga. Iste dolorum voluptatem dicta tempore sint animi. Architecto est ab saepe eligendi.', 0, 0, '1999-06-21 04:04:42', '1993-05-25 22:43:52');
INSERT INTO `messages` (`id`, `from_user_id`, `to_user_id`, `message_header`, `message_body`, `is_delivered`, `was_edited`, `created_at`, `updated_at`) VALUES (118, 5, 99, 'Voluptate nulla qui magni debitis vitae. Qui perspiciatis magni eius temporibus. Maxime quo ullam et earum repellendus. Doloremque itaque labore deleniti. Laborum quaerat accusantium vel iusto et ea.', 'Alias et animi dolor sunt eligendi et quidem molestiae. A magnam omnis excepturi quia qui accusamus quod aut. Incidunt alias quo et impedit qui. Laudantium soluta ipsam tempore reiciendis blanditiis odio.', 1, 0, '1987-01-03 08:02:17', '2017-02-17 19:45:10');
INSERT INTO `messages` (`id`, `from_user_id`, `to_user_id`, `message_header`, `message_body`, `is_delivered`, `was_edited`, `created_at`, `updated_at`) VALUES (119, 48, 32, 'Voluptatem qui voluptate debitis dolores dolorum. Placeat qui voluptatem iure qui quo exercitationem. Fugiat velit sed sed ut quia omnis beatae ut. Minima earum accusantium animi voluptate. Laudantium voluptatem ullam qui sequi molestiae.', 'Qui dolorem non repudiandae. Sunt aut voluptas dolorem earum voluptas explicabo. Rerum unde veniam incidunt quia. Neque delectus aut adipisci voluptatem corporis sapiente dolorum. Sapiente sit sunt nostrum corporis dolores.', 1, 0, '1999-03-11 00:15:20', '2011-09-14 22:02:38');
INSERT INTO `messages` (`id`, `from_user_id`, `to_user_id`, `message_header`, `message_body`, `is_delivered`, `was_edited`, `created_at`, `updated_at`) VALUES (120, 14, 9, 'Aut dolorem officia amet ducimus aut nemo eaque sunt. Est totam eum nemo repellendus eius qui.', 'Sunt quia dolores atque. Architecto consequatur debitis saepe atque sed occaecati. Laboriosam magnam quos sint voluptas autem illo.', 1, 0, '2011-05-20 05:48:07', '2012-11-27 15:41:25');
INSERT INTO `messages` (`id`, `from_user_id`, `to_user_id`, `message_header`, `message_body`, `is_delivered`, `was_edited`, `created_at`, `updated_at`) VALUES (121, 9, 27, 'Sit dolore molestiae in et. Et facilis aspernatur libero. Voluptatem fuga odit nobis minus.', 'Eos totam enim voluptates saepe. Omnis cumque odit dicta corrupti nostrum a. Natus aut quis omnis error maxime voluptatibus et.', 1, 0, '1988-07-18 18:07:58', '2002-04-03 05:59:46');
INSERT INTO `messages` (`id`, `from_user_id`, `to_user_id`, `message_header`, `message_body`, `is_delivered`, `was_edited`, `created_at`, `updated_at`) VALUES (122, 28, 1, 'Ducimus consequatur quae enim qui laboriosam ad quis magni. Quia sed provident nihil possimus. Exercitationem dolor perferendis deleniti.', 'Rerum reprehenderit quia vero velit omnis. Quasi est quo est sunt placeat. Iusto at consequatur nobis expedita earum.', 0, 0, '2019-01-10 02:10:54', '1984-12-06 12:53:08');
INSERT INTO `messages` (`id`, `from_user_id`, `to_user_id`, `message_header`, `message_body`, `is_delivered`, `was_edited`, `created_at`, `updated_at`) VALUES (123, 42, 27, 'Aliquam autem dolor nesciunt quia earum qui. Dolor necessitatibus alias ut facilis asperiores mollitia. Debitis voluptas odio vitae magnam sed sint nihil neque.', 'Laborum dolores corrupti minus ducimus. Et voluptatibus ut atque ut sunt. Est optio numquam quos. Excepturi in sed officia quia minus.', 0, 0, '1978-01-29 15:44:11', '2014-07-26 10:48:41');
INSERT INTO `messages` (`id`, `from_user_id`, `to_user_id`, `message_header`, `message_body`, `is_delivered`, `was_edited`, `created_at`, `updated_at`) VALUES (124, 99, 46, 'Aut voluptas totam unde qui sint at unde ab. Dolorem ipsum blanditiis facere.', 'Aut et porro quas natus culpa voluptas iusto. Reprehenderit ut illum beatae et. Rerum voluptatum inventore et dolorum corrupti aut id doloribus.', 0, 0, '2017-04-04 03:00:27', '2012-08-03 15:12:04');
INSERT INTO `messages` (`id`, `from_user_id`, `to_user_id`, `message_header`, `message_body`, `is_delivered`, `was_edited`, `created_at`, `updated_at`) VALUES (125, 92, 91, 'Impedit voluptatum rerum architecto assumenda. Fugiat in occaecati et dolore est rerum. Et ea fuga rem incidunt error veritatis enim.', 'Voluptatem illo error quam totam. Non mollitia amet rem et deleniti impedit. Ipsam consequuntur vel tenetur.', 1, 0, '1983-12-08 23:01:01', '1983-07-06 20:20:11');
INSERT INTO `messages` (`id`, `from_user_id`, `to_user_id`, `message_header`, `message_body`, `is_delivered`, `was_edited`, `created_at`, `updated_at`) VALUES (126, 30, 42, 'Vero autem totam animi sit ut molestias. Distinctio saepe quo est amet autem sint et. Repudiandae nam quia in mollitia. Et est consectetur veniam aut.', 'Aliquid sit rerum aut atque minima. Distinctio minus et doloremque magnam voluptatem voluptatem sed qui. Est eum corporis voluptatem. Culpa dolores sed itaque iusto ut nihil quaerat et.', 0, 0, '1983-08-08 03:15:40', '1993-05-28 21:13:28');
INSERT INTO `messages` (`id`, `from_user_id`, `to_user_id`, `message_header`, `message_body`, `is_delivered`, `was_edited`, `created_at`, `updated_at`) VALUES (127, 10, 71, 'Ea consectetur autem sunt eum. Et aut repellat quo et quia natus dignissimos explicabo. Cum dolor non eos debitis quibusdam. Ipsam et dolores quo ipsum dolorum.', 'Recusandae est eius officiis sit. Optio non velit debitis ea. At consequatur consequatur est animi aliquam saepe.', 1, 0, '2003-10-07 09:17:01', '2003-03-15 14:26:51');
INSERT INTO `messages` (`id`, `from_user_id`, `to_user_id`, `message_header`, `message_body`, `is_delivered`, `was_edited`, `created_at`, `updated_at`) VALUES (128, 96, 74, 'Molestias sed ut aliquid nobis mollitia dolorem. Atque eum saepe est dolorem eum.', 'Alias ipsa ullam veritatis aut. Maiores vel totam qui eligendi doloribus. Earum eaque consequatur quis ut. Illo et recusandae tempora.', 1, 0, '2004-11-13 18:19:45', '1985-07-22 01:01:48');
INSERT INTO `messages` (`id`, `from_user_id`, `to_user_id`, `message_header`, `message_body`, `is_delivered`, `was_edited`, `created_at`, `updated_at`) VALUES (129, 63, 19, 'Id tempore optio eaque doloremque deleniti quasi. Magnam cumque alias sit illo. Quidem officiis optio et est sed aspernatur.', 'Alias nulla voluptatem qui voluptates magnam perferendis. Quia placeat optio aliquam qui. Ipsa delectus fugiat illum ab corrupti. Iste cupiditate dignissimos est veniam labore.', 1, 0, '1994-03-30 01:26:05', '1977-07-04 01:17:57');
INSERT INTO `messages` (`id`, `from_user_id`, `to_user_id`, `message_header`, `message_body`, `is_delivered`, `was_edited`, `created_at`, `updated_at`) VALUES (130, 66, 21, 'Et quis eius molestiae quisquam. Iste libero omnis sint fugiat. Voluptate mollitia et sint ullam quos nulla numquam. Nostrum mollitia sapiente consectetur temporibus similique.', 'Molestias non et voluptas dolorem minima qui. Nihil fugit adipisci aut dicta. Sit est harum nihil. Magnam sunt ducimus laborum ipsa quia.', 0, 0, '1994-11-05 00:34:47', '1979-04-14 23:47:10');
INSERT INTO `messages` (`id`, `from_user_id`, `to_user_id`, `message_header`, `message_body`, `is_delivered`, `was_edited`, `created_at`, `updated_at`) VALUES (131, 4, 63, 'Nesciunt cum eveniet voluptatum et voluptas quia deleniti et. Dignissimos voluptas rem iure accusamus odit est. Optio cupiditate hic reprehenderit ipsam asperiores.', 'Maxime sit ex aliquid velit. Quos ut perspiciatis necessitatibus doloremque. Eum quas quos minima molestias. Libero molestiae molestias similique quia explicabo repellat. At nihil itaque tempora ut cupiditate necessitatibus voluptatibus.', 0, 0, '2017-02-10 15:10:55', '2021-02-25 05:00:57');
INSERT INTO `messages` (`id`, `from_user_id`, `to_user_id`, `message_header`, `message_body`, `is_delivered`, `was_edited`, `created_at`, `updated_at`) VALUES (132, 72, 71, 'Vitae et cumque aliquid quis. Sed illum odio dolore id quasi illo tempore magni. Ut sit facere totam ipsum et quasi. Et error voluptatem quis.', 'Eum maiores iste inventore consequatur ex dolorum. Alias incidunt deserunt ut quibusdam debitis ut architecto. At perspiciatis rerum eveniet non provident et ipsam. Incidunt ea placeat ipsam et.', 1, 0, '2007-09-26 02:47:12', '1990-10-15 23:28:59');
INSERT INTO `messages` (`id`, `from_user_id`, `to_user_id`, `message_header`, `message_body`, `is_delivered`, `was_edited`, `created_at`, `updated_at`) VALUES (133, 78, 76, 'Rerum aliquam rerum quas voluptatem ut voluptatem. Est aut sed non in praesentium mollitia. Incidunt excepturi libero numquam eum.', 'Dolor possimus et reprehenderit aut laudantium veritatis quae. Quo asperiores vitae odio aut saepe molestias. Sed quis fugiat voluptas delectus rerum qui distinctio.', 0, 0, '1993-11-10 17:19:03', '1974-03-01 17:13:14');
INSERT INTO `messages` (`id`, `from_user_id`, `to_user_id`, `message_header`, `message_body`, `is_delivered`, `was_edited`, `created_at`, `updated_at`) VALUES (134, 69, 26, 'Rerum ut incidunt reprehenderit dolor. Et veritatis sunt in laudantium. Temporibus eum debitis nesciunt quisquam. Fugiat cum facilis voluptates et et repudiandae vel.', 'Sunt sunt tempora quidem. Nemo expedita velit accusamus. Consectetur odio et quaerat. Adipisci consequatur vel odit cupiditate ipsam rerum veritatis.', 1, 0, '2007-09-06 17:11:35', '1973-01-08 09:02:26');
INSERT INTO `messages` (`id`, `from_user_id`, `to_user_id`, `message_header`, `message_body`, `is_delivered`, `was_edited`, `created_at`, `updated_at`) VALUES (135, 8, 83, 'Nihil vitae voluptas itaque non. Recusandae impedit quod vel fugiat molestiae. Itaque quae voluptatem iste tempore tempora recusandae blanditiis blanditiis.', 'Reiciendis tenetur aut cumque quis maxime quas quisquam voluptate. Sed vitae excepturi quas architecto aut.', 1, 0, '1996-10-02 09:58:26', '2021-01-26 07:05:44');
INSERT INTO `messages` (`id`, `from_user_id`, `to_user_id`, `message_header`, `message_body`, `is_delivered`, `was_edited`, `created_at`, `updated_at`) VALUES (136, 35, 17, 'Qui rerum et et porro quas est. Cum qui voluptate fugiat in. Numquam et ad alias cumque omnis. Modi in assumenda ut consequatur ut facilis.', 'Id occaecati illum totam quo et mollitia cumque. Sapiente repellat dolores ad doloribus cum voluptatem. Dicta quasi asperiores pariatur tenetur numquam officia et doloremque. Ad optio enim nostrum voluptates illum.', 0, 0, '1995-08-06 06:00:38', '1976-08-16 13:10:51');
INSERT INTO `messages` (`id`, `from_user_id`, `to_user_id`, `message_header`, `message_body`, `is_delivered`, `was_edited`, `created_at`, `updated_at`) VALUES (137, 9, 62, 'Sapiente sed molestiae rerum ea debitis. Nobis alias animi rem rerum et. Molestias porro id asperiores sed necessitatibus cupiditate.', 'Qui est sed ut et corrupti quod aut. Tenetur alias iste maxime. Qui perferendis eos blanditiis aut in est.', 1, 0, '1982-11-02 06:43:30', '2006-12-19 00:46:19');
INSERT INTO `messages` (`id`, `from_user_id`, `to_user_id`, `message_header`, `message_body`, `is_delivered`, `was_edited`, `created_at`, `updated_at`) VALUES (138, 18, 50, 'Id atque quisquam voluptatem consequuntur ipsa nemo. Modi ut rem sit. Id voluptates eum fuga in tempore minus excepturi.', 'Qui impedit reiciendis voluptatum voluptates atque laboriosam excepturi. Aut illo quaerat libero reprehenderit. Illo quam voluptatibus quia sit.', 1, 0, '1991-09-26 14:55:54', '1976-02-02 00:13:39');
INSERT INTO `messages` (`id`, `from_user_id`, `to_user_id`, `message_header`, `message_body`, `is_delivered`, `was_edited`, `created_at`, `updated_at`) VALUES (139, 89, 16, 'Voluptatem sint odio optio non corporis placeat esse. Ipsam voluptatem recusandae dolorem incidunt. Repudiandae minima quaerat voluptatum consequatur.', 'Sed possimus accusantium ut voluptatem atque quia. Fugit saepe omnis alias fugit odio sed. Sed pariatur voluptatibus quia blanditiis aut debitis. Facere et sit assumenda temporibus id voluptatem error.', 1, 0, '2019-01-02 20:57:55', '2012-02-14 20:48:02');
INSERT INTO `messages` (`id`, `from_user_id`, `to_user_id`, `message_header`, `message_body`, `is_delivered`, `was_edited`, `created_at`, `updated_at`) VALUES (140, 96, 80, 'Voluptatibus odit dolore commodi sed et facere. Illo magni non unde tempora.', 'Unde iure id dolores fuga totam sed est quia. Quia dicta quia quos minima non. Vero minus eaque eos alias voluptas doloremque.', 0, 0, '2010-08-19 01:16:46', '2012-09-27 06:56:04');
INSERT INTO `messages` (`id`, `from_user_id`, `to_user_id`, `message_header`, `message_body`, `is_delivered`, `was_edited`, `created_at`, `updated_at`) VALUES (141, 7, 25, 'Hic aliquid consequatur omnis commodi impedit ducimus quae. Non architecto tempore error adipisci. Ea harum tenetur adipisci.', 'Odit et est est sint voluptatem magni enim. Voluptas distinctio minus dolorem fugit. Voluptates et repellat architecto qui ea aliquid consectetur. Aliquam veniam quia soluta iste et. Dolore magni dolorum sint et et quidem.', 1, 0, '1997-07-14 07:35:11', '2004-05-28 18:50:04');
INSERT INTO `messages` (`id`, `from_user_id`, `to_user_id`, `message_header`, `message_body`, `is_delivered`, `was_edited`, `created_at`, `updated_at`) VALUES (142, 21, 16, 'Repellat deleniti eum ipsam deserunt. Doloribus est soluta aliquid earum dolores ducimus. Ut veritatis soluta numquam aspernatur laudantium sint. Et culpa aut hic cum rerum sed in. Qui praesentium officiis ut aut est odit.', 'Occaecati amet et est excepturi reprehenderit. Saepe omnis reiciendis animi ipsa dolores. Qui quod dolore ut nostrum qui. A recusandae fugiat sapiente eum voluptas praesentium. Minima optio cupiditate assumenda nostrum magni.', 1, 0, '2021-05-23 20:13:23', '2009-03-29 22:16:18');
INSERT INTO `messages` (`id`, `from_user_id`, `to_user_id`, `message_header`, `message_body`, `is_delivered`, `was_edited`, `created_at`, `updated_at`) VALUES (143, 95, 17, 'Est placeat voluptatibus enim esse soluta voluptatem id. Fugit quam culpa consequatur. Aut alias quibusdam vel voluptatem voluptatem dolores dolorem.', 'Eum placeat quasi quidem amet blanditiis. Et sint eius dolore est. Laboriosam at officia harum et. Ratione rerum perferendis incidunt non laborum. Mollitia in autem consequatur harum non.', 0, 0, '1979-01-01 15:08:55', '1976-12-26 09:51:45');
INSERT INTO `messages` (`id`, `from_user_id`, `to_user_id`, `message_header`, `message_body`, `is_delivered`, `was_edited`, `created_at`, `updated_at`) VALUES (144, 89, 57, 'Non quo autem adipisci dolor et labore rerum. Eos et porro distinctio saepe voluptatem fuga. Quia nisi nihil cupiditate commodi.', 'Et rem beatae voluptatibus dolores. Ea natus provident est ab perferendis. Ut magni libero ipsam sint quia eos.', 0, 0, '2000-01-23 05:26:00', '1988-08-23 01:54:09');
INSERT INTO `messages` (`id`, `from_user_id`, `to_user_id`, `message_header`, `message_body`, `is_delivered`, `was_edited`, `created_at`, `updated_at`) VALUES (145, 35, 55, 'Provident sunt perferendis occaecati pariatur. Possimus dolore qui doloremque libero atque. Porro ut iusto voluptatibus saepe sequi asperiores et.', 'Veritatis et ab sed odio occaecati nisi. Occaecati velit dolores quidem quidem. Dolores quaerat asperiores saepe quia debitis neque perferendis. Eos esse nisi eaque consequuntur adipisci repudiandae.', 1, 0, '2021-06-20 05:15:11', '2006-10-16 02:47:44');
INSERT INTO `messages` (`id`, `from_user_id`, `to_user_id`, `message_header`, `message_body`, `is_delivered`, `was_edited`, `created_at`, `updated_at`) VALUES (146, 78, 39, 'Ut voluptas ducimus qui. Et rerum dolorem quasi et. Tempore dolor quo occaecati ab rerum est. Cumque impedit aspernatur labore in culpa velit facilis.', 'Excepturi vel asperiores quia quisquam adipisci et. Dolores vitae saepe hic velit omnis quam molestiae. Molestiae numquam sit id qui. Nobis qui veniam dolore eveniet architecto et.', 1, 0, '1981-06-02 01:48:23', '1990-12-10 13:29:38');
INSERT INTO `messages` (`id`, `from_user_id`, `to_user_id`, `message_header`, `message_body`, `is_delivered`, `was_edited`, `created_at`, `updated_at`) VALUES (147, 18, 49, 'Et voluptates et voluptas nulla et aut. Dolorum ut quas dolorem numquam consequatur. Est dolor rerum sint et saepe amet qui error.', 'Pariatur explicabo id numquam ut est voluptatum. Quibusdam sit libero et labore vero consequatur omnis fugit. Quibusdam quidem est sequi ab mollitia deserunt. Quae molestiae ut corrupti nulla.', 0, 0, '1981-01-09 13:38:51', '2009-08-19 20:07:12');
INSERT INTO `messages` (`id`, `from_user_id`, `to_user_id`, `message_header`, `message_body`, `is_delivered`, `was_edited`, `created_at`, `updated_at`) VALUES (148, 9, 96, 'Ex expedita quia voluptas dolorem. Qui aut aut incidunt et rerum minima et. Aspernatur neque commodi molestiae quae quasi et.', 'Omnis exercitationem delectus voluptatem aut sequi. Non harum porro eius corporis qui. Corporis nulla qui omnis omnis id assumenda quia rem. Rem doloremque dolores accusantium odit et consequatur hic.', 1, 0, '1989-03-21 12:53:27', '2016-09-09 10:14:36');
INSERT INTO `messages` (`id`, `from_user_id`, `to_user_id`, `message_header`, `message_body`, `is_delivered`, `was_edited`, `created_at`, `updated_at`) VALUES (149, 25, 78, 'Enim quia assumenda est aut id voluptatem. Rerum neque voluptas aut quia. Doloremque aut ea aut ut doloremque.', 'Ea et ipsa cupiditate est sit voluptas ut. Odit tempore nisi maxime fugiat. Ea accusamus necessitatibus deserunt.', 0, 0, '1979-02-27 06:00:45', '1972-10-01 23:39:21');
INSERT INTO `messages` (`id`, `from_user_id`, `to_user_id`, `message_header`, `message_body`, `is_delivered`, `was_edited`, `created_at`, `updated_at`) VALUES (150, 21, 33, 'Et et dignissimos occaecati inventore ipsa. Ea consequatur distinctio reiciendis ipsam. Excepturi nostrum ut id accusamus. Est atque magni molestiae eius magnam sed temporibus.', 'Aut est voluptas veritatis doloribus ut hic sapiente. Magni repellat accusamus et sed. Fuga corrupti asperiores nihil reiciendis vel placeat. Rerum molestiae reprehenderit deserunt.', 1, 0, '1989-04-05 23:54:15', '2009-03-31 20:01:30');
INSERT INTO `messages` (`id`, `from_user_id`, `to_user_id`, `message_header`, `message_body`, `is_delivered`, `was_edited`, `created_at`, `updated_at`) VALUES (151, 61, 55, 'Aut soluta suscipit est fugit. Nemo molestiae in praesentium. Est libero nisi nisi modi laudantium.', 'Ut est illo id nulla veritatis. Voluptatem voluptatem aliquam voluptatem iure. Dicta praesentium sed est.', 1, 0, '1980-05-18 11:32:00', '2019-11-01 11:01:37');
INSERT INTO `messages` (`id`, `from_user_id`, `to_user_id`, `message_header`, `message_body`, `is_delivered`, `was_edited`, `created_at`, `updated_at`) VALUES (152, 49, 69, 'Inventore impedit omnis saepe asperiores voluptatibus. Enim fugiat a earum ex. Autem odio expedita veritatis voluptatem et.', 'Voluptates ut et commodi voluptas aut. Quae sit ab maxime nesciunt id fugit aut inventore. Eveniet qui perspiciatis aut commodi aliquid libero consequatur. Quo placeat nulla facere omnis magni.', 1, 0, '2003-07-27 23:08:27', '1993-01-07 14:23:42');
INSERT INTO `messages` (`id`, `from_user_id`, `to_user_id`, `message_header`, `message_body`, `is_delivered`, `was_edited`, `created_at`, `updated_at`) VALUES (153, 16, 66, 'Nulla ea rem ea aut in ex saepe. Nobis vel recusandae natus. Rerum iste ea suscipit atque rerum aliquid.', 'Mollitia laborum qui omnis repellat doloribus quis a aut. Odio voluptates labore eaque voluptatum. Autem sint quae modi aut nihil optio. Fugit velit reprehenderit vel minus non optio repudiandae.', 1, 0, '1992-11-23 08:21:16', '2011-03-19 13:40:39');
INSERT INTO `messages` (`id`, `from_user_id`, `to_user_id`, `message_header`, `message_body`, `is_delivered`, `was_edited`, `created_at`, `updated_at`) VALUES (154, 19, 4, 'Delectus repellendus non quia eius. Officia corporis voluptatem reprehenderit nihil autem pariatur odit. Culpa illum optio esse perferendis. Sit esse ea fuga occaecati qui eligendi.', 'Libero recusandae tenetur qui molestias iusto id autem. Sint voluptates ut magni cum recusandae. Velit quis quia sit quo qui.', 1, 0, '1970-06-19 23:07:35', '1992-12-31 11:55:20');
INSERT INTO `messages` (`id`, `from_user_id`, `to_user_id`, `message_header`, `message_body`, `is_delivered`, `was_edited`, `created_at`, `updated_at`) VALUES (155, 82, 14, 'Minima earum quis quisquam adipisci dolorem et esse. Dolore occaecati dignissimos et et dolores laborum qui. Sed dolorum ducimus provident laboriosam eaque. Iste est quos voluptatibus maxime qui provident.', 'Repellendus aspernatur laboriosam et a ut in consequatur accusantium. Veritatis est dolor nemo dolorum. Aspernatur voluptates aut ipsum excepturi.', 0, 0, '1984-03-27 11:53:39', '1974-06-27 15:39:45');
INSERT INTO `messages` (`id`, `from_user_id`, `to_user_id`, `message_header`, `message_body`, `is_delivered`, `was_edited`, `created_at`, `updated_at`) VALUES (156, 84, 88, 'Et inventore neque veniam quas doloribus blanditiis asperiores. Aut voluptate earum nobis voluptatem sed. Sit itaque vitae optio minima eum.', 'Atque et quaerat quam vero in. Nam rem nulla quo. Et numquam aut ut nesciunt eius dolore inventore. Quia explicabo voluptates aut adipisci veniam voluptatum.', 1, 0, '2009-12-14 19:43:13', '2012-07-08 19:13:07');
INSERT INTO `messages` (`id`, `from_user_id`, `to_user_id`, `message_header`, `message_body`, `is_delivered`, `was_edited`, `created_at`, `updated_at`) VALUES (157, 39, 4, 'Eum earum sunt aut consequatur vel. Ut aut necessitatibus nam qui velit et. Sint blanditiis dolorem maiores qui.', 'Dolorem sunt voluptates sint et facilis ad natus quos. Commodi voluptatem facere in voluptatem provident nostrum modi. Suscipit impedit omnis ut molestias.', 1, 0, '1988-04-15 07:41:23', '1971-06-21 10:02:02');
INSERT INTO `messages` (`id`, `from_user_id`, `to_user_id`, `message_header`, `message_body`, `is_delivered`, `was_edited`, `created_at`, `updated_at`) VALUES (158, 3, 33, 'Est fuga aspernatur fugiat cupiditate impedit sint ut. Perferendis quidem alias fugiat et et.', 'Amet qui reiciendis voluptas occaecati quos unde eos. Officiis repellendus voluptas labore ut. Et quisquam sunt voluptas deserunt necessitatibus. Voluptas culpa adipisci minus quia at officiis dolores.', 0, 0, '1977-09-20 17:45:35', '1998-10-27 16:38:57');
INSERT INTO `messages` (`id`, `from_user_id`, `to_user_id`, `message_header`, `message_body`, `is_delivered`, `was_edited`, `created_at`, `updated_at`) VALUES (159, 21, 92, 'Amet et vitae ab iusto. Eum quibusdam itaque voluptatibus et. Voluptatem inventore quia expedita atque. Ipsa quos non ducimus et.', 'Aut recusandae dolor corporis voluptas qui occaecati praesentium. Velit et quibusdam velit repellendus. Vel consequatur nemo quidem iure quisquam non. Ducimus itaque laboriosam laborum eligendi magni. Sed quia ut vel eos ullam.', 0, 0, '2009-07-09 00:30:40', '1999-10-31 07:19:49');
INSERT INTO `messages` (`id`, `from_user_id`, `to_user_id`, `message_header`, `message_body`, `is_delivered`, `was_edited`, `created_at`, `updated_at`) VALUES (160, 90, 55, 'Quia voluptatem earum perferendis. Eum in provident corrupti qui sed. Praesentium eos dolores qui expedita voluptatibus. Et quod et facere vero hic voluptas aliquam. Nulla temporibus sit qui aut.', 'Libero tempore ratione inventore qui quod dolorem. Numquam autem in dicta quas. Ratione esse molestiae in assumenda accusantium nemo exercitationem qui. Possimus ut labore omnis vero.', 0, 0, '1978-03-30 07:13:24', '2012-10-05 10:35:46');
INSERT INTO `messages` (`id`, `from_user_id`, `to_user_id`, `message_header`, `message_body`, `is_delivered`, `was_edited`, `created_at`, `updated_at`) VALUES (161, 47, 68, 'Aut dicta iure quam nisi et ut. Totam voluptas rerum cum consequatur. Inventore quo porro quia eaque et non iste.', 'Veritatis dolor perferendis enim pariatur dolorem culpa. Itaque et voluptatem iure eius omnis repudiandae. Itaque et recusandae consequatur id voluptate.', 0, 0, '1984-04-29 19:26:03', '1993-06-08 09:38:52');
INSERT INTO `messages` (`id`, `from_user_id`, `to_user_id`, `message_header`, `message_body`, `is_delivered`, `was_edited`, `created_at`, `updated_at`) VALUES (162, 94, 64, 'Necessitatibus numquam non sed enim explicabo et porro et. Soluta et deleniti unde. Dolorem sed quaerat quia itaque molestiae est corporis. Molestiae inventore quae quod reiciendis repudiandae nihil consequatur.', 'Odit similique maxime dicta rerum aliquam. Quos odio tempora soluta enim. Autem non minus rerum dolorum ipsa.', 0, 0, '1988-07-06 08:36:52', '1983-03-13 01:36:17');
INSERT INTO `messages` (`id`, `from_user_id`, `to_user_id`, `message_header`, `message_body`, `is_delivered`, `was_edited`, `created_at`, `updated_at`) VALUES (163, 17, 3, 'Id maiores ex et. Dicta assumenda hic sint itaque architecto veniam.', 'Ea sed incidunt rerum aut iusto et. Autem voluptatem animi aut nesciunt. Debitis hic omnis delectus et alias.', 0, 0, '1976-12-24 07:11:40', '1970-08-21 04:48:47');
INSERT INTO `messages` (`id`, `from_user_id`, `to_user_id`, `message_header`, `message_body`, `is_delivered`, `was_edited`, `created_at`, `updated_at`) VALUES (164, 59, 41, 'Beatae animi id voluptatem. Quibusdam aspernatur rerum ratione est. Repellendus ea saepe iure harum quas amet. Ut cupiditate ea rem enim quisquam.', 'Veniam nostrum quis perferendis. Asperiores commodi cupiditate aut corporis. Aut suscipit sint earum porro assumenda laboriosam.', 1, 0, '2002-10-08 20:02:55', '1985-03-02 23:09:34');
INSERT INTO `messages` (`id`, `from_user_id`, `to_user_id`, `message_header`, `message_body`, `is_delivered`, `was_edited`, `created_at`, `updated_at`) VALUES (165, 81, 80, 'Autem voluptatem expedita alias omnis cum. Autem alias quibusdam vitae natus.', 'Distinctio dolore aut et modi et enim quibusdam quaerat. Corrupti sit esse eos ut maxime culpa similique. Sequi in vel hic officiis fugiat. Quaerat itaque quis porro soluta et sed quibusdam.', 0, 0, '2001-01-21 13:54:59', '2016-11-27 13:07:16');
INSERT INTO `messages` (`id`, `from_user_id`, `to_user_id`, `message_header`, `message_body`, `is_delivered`, `was_edited`, `created_at`, `updated_at`) VALUES (166, 74, 41, 'Itaque voluptate et nihil esse est aut esse. Quidem id sed voluptas aut optio blanditiis eos. Ullam provident inventore natus.', 'Omnis molestiae qui voluptatem quibusdam voluptas explicabo. Qui ut quo ipsam beatae ea cupiditate odio. Ab ut est neque exercitationem eaque est. Impedit ullam id dolore aut aut et molestiae. Omnis iste ipsam qui consequatur culpa quia quo sed.', 1, 0, '2012-03-17 23:45:55', '1970-11-03 01:23:34');
INSERT INTO `messages` (`id`, `from_user_id`, `to_user_id`, `message_header`, `message_body`, `is_delivered`, `was_edited`, `created_at`, `updated_at`) VALUES (167, 34, 22, 'Et perferendis totam ea laboriosam culpa velit autem. Quidem est repellendus voluptatum. Dolore eligendi omnis necessitatibus. Occaecati laudantium ut consequuntur vero maxime consequatur neque nostrum.', 'Nihil unde perferendis et itaque excepturi totam. Rem rem voluptas animi. Doloribus facere tenetur ut quae.', 0, 0, '1991-01-05 00:10:50', '1988-01-29 02:08:48');
INSERT INTO `messages` (`id`, `from_user_id`, `to_user_id`, `message_header`, `message_body`, `is_delivered`, `was_edited`, `created_at`, `updated_at`) VALUES (168, 9, 50, 'Vitae provident voluptate illum quo porro voluptas. A magnam sequi officia deserunt qui. Qui error unde odit repellat et ratione. Et rerum harum beatae ducimus aut.', 'Quis ad qui at sit esse odit. A qui alias cupiditate ut porro in. Dolorum repellendus voluptatem qui odit dolor possimus. Quibusdam omnis perferendis sint expedita incidunt.', 1, 0, '2009-06-21 12:31:54', '2020-05-18 07:26:20');
INSERT INTO `messages` (`id`, `from_user_id`, `to_user_id`, `message_header`, `message_body`, `is_delivered`, `was_edited`, `created_at`, `updated_at`) VALUES (169, 88, 28, 'Ut eligendi quia excepturi maxime laudantium ut. Asperiores deserunt et ut exercitationem voluptatibus.', 'Nemo reiciendis ut quis consectetur voluptas facilis qui. Id nemo qui hic et explicabo ratione ducimus.', 1, 0, '1993-03-03 05:43:45', '2018-06-25 09:41:03');
INSERT INTO `messages` (`id`, `from_user_id`, `to_user_id`, `message_header`, `message_body`, `is_delivered`, `was_edited`, `created_at`, `updated_at`) VALUES (170, 54, 69, 'Vitae exercitationem aut iusto exercitationem. Molestias veniam est et quisquam aliquam vero nihil. Id voluptatem velit et quia eveniet inventore.', 'Quaerat voluptas tempore ipsam impedit laborum. Vero est sit optio tenetur. Eum totam eligendi blanditiis qui voluptatem voluptas officia. Est aliquid enim facilis quo recusandae voluptatem ab non. Est eaque odit enim nostrum rem eveniet.', 0, 0, '2021-05-26 03:01:23', '1996-05-14 19:13:00');
INSERT INTO `messages` (`id`, `from_user_id`, `to_user_id`, `message_header`, `message_body`, `is_delivered`, `was_edited`, `created_at`, `updated_at`) VALUES (171, 41, 37, 'Odit et voluptatem et quam possimus iusto ipsum ad. Necessitatibus cumque omnis illo fugiat voluptatem cum. Ea rerum ea et. Molestiae sit cupiditate velit hic mollitia qui.', 'Est reiciendis ab rerum quis et assumenda rerum. Aut fugiat modi eaque aliquid quam. Sit id quis consequatur ut voluptas quam. Enim laborum nisi error voluptas pariatur aliquam.', 0, 0, '1980-07-18 01:43:37', '2019-02-04 00:20:27');
INSERT INTO `messages` (`id`, `from_user_id`, `to_user_id`, `message_header`, `message_body`, `is_delivered`, `was_edited`, `created_at`, `updated_at`) VALUES (172, 57, 80, 'Velit quod magnam fugit odit. Magnam ut voluptatem facere necessitatibus velit ut. Fuga libero nihil voluptatem.', 'Harum possimus esse voluptatem voluptatem enim. Assumenda veritatis non dolores tempora dolorem omnis. Sed dolores asperiores et quas. Recusandae non sint autem provident.', 1, 0, '1988-04-11 20:09:13', '1999-01-13 00:08:14');
INSERT INTO `messages` (`id`, `from_user_id`, `to_user_id`, `message_header`, `message_body`, `is_delivered`, `was_edited`, `created_at`, `updated_at`) VALUES (173, 40, 59, 'Et magnam est officia est magni voluptatem beatae eum. Dolorum enim rerum recusandae voluptatem repellat. Ut ab voluptas qui unde recusandae vel rerum consectetur. Aut voluptatem nam qui aut. Id doloribus vel ut omnis laudantium blanditiis assumenda.', 'Est quae eum itaque ut placeat. Ipsam nihil nihil quas sed. Quo laboriosam aspernatur voluptatem ad aut veritatis necessitatibus. Neque quam doloremque ut.', 1, 0, '1972-09-14 00:13:39', '2005-12-05 11:37:29');
INSERT INTO `messages` (`id`, `from_user_id`, `to_user_id`, `message_header`, `message_body`, `is_delivered`, `was_edited`, `created_at`, `updated_at`) VALUES (174, 13, 60, 'Officia architecto dicta velit et magnam et eos. Assumenda omnis facere vel minima voluptatibus molestiae. Quaerat eum aut dolorem tempore odio.', 'Necessitatibus laudantium omnis autem dolores molestiae rem. Cumque blanditiis sint ea. Sit molestias doloremque alias quasi. Culpa aliquid non voluptatem et et. Omnis distinctio qui velit ad.', 1, 0, '2004-02-05 07:59:04', '2018-12-28 15:23:25');
INSERT INTO `messages` (`id`, `from_user_id`, `to_user_id`, `message_header`, `message_body`, `is_delivered`, `was_edited`, `created_at`, `updated_at`) VALUES (175, 51, 2, 'Dolore nulla quia est consequatur vitae quo saepe. Eum optio aliquid eaque maiores. Sequi cum reiciendis omnis magnam doloribus.', 'Libero reprehenderit culpa ratione eligendi veniam. Velit earum repellendus sint aut temporibus possimus nesciunt esse. Incidunt illo omnis sit eos.', 1, 0, '1985-11-10 16:59:48', '1976-11-14 19:02:33');
INSERT INTO `messages` (`id`, `from_user_id`, `to_user_id`, `message_header`, `message_body`, `is_delivered`, `was_edited`, `created_at`, `updated_at`) VALUES (176, 15, 97, 'Consectetur nostrum voluptas deleniti facilis. Voluptatem inventore sint et. Inventore eveniet qui quae qui odit.', 'Voluptatum vitae reiciendis est non vero accusamus voluptatum. Nobis nihil minima iure ea ab modi. Mollitia modi occaecati earum modi necessitatibus.', 0, 0, '2014-12-28 18:15:31', '1987-02-27 19:46:01');
INSERT INTO `messages` (`id`, `from_user_id`, `to_user_id`, `message_header`, `message_body`, `is_delivered`, `was_edited`, `created_at`, `updated_at`) VALUES (177, 70, 9, 'Suscipit ut in aut voluptas rerum ea suscipit. Aut deserunt sit aliquid rerum odit. Ut molestias est tenetur consequatur impedit. Et est ut ipsa et.', 'Dicta suscipit sit voluptate repellendus. Et aut et quia voluptatem perspiciatis. Asperiores tempora ullam placeat ipsa nam omnis distinctio. Soluta distinctio et maiores.', 0, 0, '2016-11-27 05:13:37', '2017-11-17 12:51:20');
INSERT INTO `messages` (`id`, `from_user_id`, `to_user_id`, `message_header`, `message_body`, `is_delivered`, `was_edited`, `created_at`, `updated_at`) VALUES (178, 61, 86, 'Deserunt aperiam qui et accusamus magni numquam quidem. Accusamus enim incidunt voluptates. Consequatur voluptates ut repellendus quia quae. Veniam possimus id accusamus et perferendis.', 'Iste eius et cupiditate dolores. Aut minima sit et ab. Corrupti aspernatur non dolorum harum nesciunt quam.', 1, 0, '1987-06-01 15:32:24', '1983-05-25 15:21:32');
INSERT INTO `messages` (`id`, `from_user_id`, `to_user_id`, `message_header`, `message_body`, `is_delivered`, `was_edited`, `created_at`, `updated_at`) VALUES (179, 12, 19, 'Perspiciatis voluptas corporis inventore laudantium quo hic sint. Vel nihil fugiat dolorem non iste aut et non. Nihil consequuntur nesciunt vero expedita delectus. Minus ullam assumenda maxime aut doloremque. Quos esse praesentium consectetur animi quia q', 'Aut repudiandae qui aliquam nam est vel. Dolor facere exercitationem occaecati repudiandae tenetur sunt. Ut culpa consequuntur aliquid animi.', 1, 0, '2011-10-18 12:18:59', '2010-11-27 17:16:42');
INSERT INTO `messages` (`id`, `from_user_id`, `to_user_id`, `message_header`, `message_body`, `is_delivered`, `was_edited`, `created_at`, `updated_at`) VALUES (180, 26, 92, 'Nulla dignissimos et itaque sint est. Accusantium pariatur molestiae consectetur. Maxime maiores voluptatum et.', 'Odit suscipit cumque dolorem occaecati quis iste. Omnis voluptatem repellendus voluptatem nihil similique non similique. Nesciunt recusandae tenetur voluptatum dolorum alias. Sapiente nobis suscipit sed consectetur est id.', 1, 0, '2006-03-04 02:19:24', '1975-06-28 23:21:00');
INSERT INTO `messages` (`id`, `from_user_id`, `to_user_id`, `message_header`, `message_body`, `is_delivered`, `was_edited`, `created_at`, `updated_at`) VALUES (181, 99, 99, 'Occaecati iste ad similique dolorum. Omnis exercitationem non harum exercitationem ipsa. Et qui soluta aut repellat beatae eaque beatae vel. Ipsa necessitatibus est at nemo reprehenderit labore deleniti.', 'Alias quaerat animi voluptatum est. Ad debitis ad numquam.', 0, 0, '2000-02-06 19:04:56', '2017-10-13 17:14:10');
INSERT INTO `messages` (`id`, `from_user_id`, `to_user_id`, `message_header`, `message_body`, `is_delivered`, `was_edited`, `created_at`, `updated_at`) VALUES (182, 32, 32, 'Ad soluta voluptas dolor nobis. Et eum nemo dicta. Ipsum nihil aut dolor consequatur et. Ut qui quod reiciendis eaque. Voluptas ut reiciendis molestiae minus omnis.', 'Reiciendis velit similique eligendi voluptas. Consequatur autem cupiditate consectetur adipisci ut. Doloribus doloribus voluptas dolorem id est maiores.', 0, 0, '1982-01-05 18:17:04', '1999-08-05 07:35:55');
INSERT INTO `messages` (`id`, `from_user_id`, `to_user_id`, `message_header`, `message_body`, `is_delivered`, `was_edited`, `created_at`, `updated_at`) VALUES (183, 21, 41, 'Et ut vel optio quia harum aut. Dolor error veritatis expedita sapiente et. Laborum deleniti adipisci asperiores. Dicta sit hic qui totam neque quia placeat doloribus.', 'Fuga vero excepturi et similique quo provident. Et soluta amet natus ex illo est unde. Eum nulla id culpa est cumque culpa.', 0, 0, '1971-09-01 16:39:41', '1984-04-11 06:40:57');
INSERT INTO `messages` (`id`, `from_user_id`, `to_user_id`, `message_header`, `message_body`, `is_delivered`, `was_edited`, `created_at`, `updated_at`) VALUES (184, 82, 9, 'Temporibus consequatur eaque veniam. Facere aut iste optio. Omnis hic odit maiores nobis et illo ab.', 'Dolorem non illo qui quia animi quis quae. Non similique sit fuga vel non rem asperiores.', 1, 0, '1984-03-08 04:37:12', '2007-04-11 14:32:28');
INSERT INTO `messages` (`id`, `from_user_id`, `to_user_id`, `message_header`, `message_body`, `is_delivered`, `was_edited`, `created_at`, `updated_at`) VALUES (185, 68, 35, 'Et laboriosam cupiditate nihil est temporibus aspernatur fuga. Doloribus mollitia facilis modi illum excepturi. Unde autem accusamus ipsum. Facilis est soluta quisquam non soluta recusandae. Quae laborum ipsam nihil perferendis reiciendis saepe.', 'Tempora praesentium fuga cumque facilis nemo eius asperiores. Suscipit nam eos quas consequatur dignissimos explicabo.', 0, 0, '1972-08-09 16:53:38', '1972-05-18 04:09:12');
INSERT INTO `messages` (`id`, `from_user_id`, `to_user_id`, `message_header`, `message_body`, `is_delivered`, `was_edited`, `created_at`, `updated_at`) VALUES (186, 77, 9, 'Eius debitis rem fugiat corrupti. Quis hic quos repellendus consequatur dolor aut voluptatem. Neque voluptas quidem ducimus facere qui ratione. Ad est maxime est id. Nobis explicabo ut est.', 'Neque explicabo repellendus ratione qui aliquid autem. Non perspiciatis quis voluptatibus laboriosam nostrum aperiam iure. Amet consequatur ea vel dolor consequatur voluptas velit.', 1, 0, '1999-08-30 02:24:54', '2014-05-01 00:57:36');
INSERT INTO `messages` (`id`, `from_user_id`, `to_user_id`, `message_header`, `message_body`, `is_delivered`, `was_edited`, `created_at`, `updated_at`) VALUES (187, 71, 34, 'Nihil quia quam quae eveniet pariatur voluptates in. Soluta officiis molestias saepe. Voluptatem vel repellat sint saepe.', 'Ut sit nisi voluptas architecto ut molestias fugiat. Ut dicta ut occaecati. Doloribus maxime ea velit. Esse vel et saepe nobis.', 0, 0, '2014-03-16 23:11:28', '1996-05-05 09:57:06');
INSERT INTO `messages` (`id`, `from_user_id`, `to_user_id`, `message_header`, `message_body`, `is_delivered`, `was_edited`, `created_at`, `updated_at`) VALUES (188, 88, 11, 'Exercitationem est aut aut aut. Ea similique ipsum vero sit rem sed sapiente. Hic reprehenderit veritatis nostrum a.', 'Et dicta quo animi nostrum culpa. Quisquam officiis voluptatem voluptatem commodi doloremque incidunt. Et ullam non sint consequatur voluptatem in et. Minima a excepturi distinctio aut.', 1, 0, '1970-03-25 02:19:33', '1982-05-27 23:14:41');
INSERT INTO `messages` (`id`, `from_user_id`, `to_user_id`, `message_header`, `message_body`, `is_delivered`, `was_edited`, `created_at`, `updated_at`) VALUES (189, 92, 100, 'Ea nesciunt sequi voluptatum atque rerum. Autem quia dolorem aliquid vel. Et nihil optio ut blanditiis sunt incidunt.', 'Et dicta consequatur ut. Impedit animi voluptatem unde aspernatur. Ratione corrupti eius numquam voluptatem.', 1, 0, '1974-11-05 02:35:31', '1989-10-24 08:22:55');
INSERT INTO `messages` (`id`, `from_user_id`, `to_user_id`, `message_header`, `message_body`, `is_delivered`, `was_edited`, `created_at`, `updated_at`) VALUES (190, 71, 42, 'Hic autem quaerat minus eius ut. Similique harum iste fuga.', 'Quidem quasi quo officiis vel. Consequuntur quia dolor enim voluptatem. Nam facere ratione dolorem unde harum quo.', 1, 0, '1973-12-22 08:45:58', '2019-12-18 07:57:39');
INSERT INTO `messages` (`id`, `from_user_id`, `to_user_id`, `message_header`, `message_body`, `is_delivered`, `was_edited`, `created_at`, `updated_at`) VALUES (191, 2, 86, 'Dolores quia aliquid enim quo minus praesentium dignissimos. Ratione quam maxime qui dolores qui veniam nisi nihil. Ipsa quo aut quia facere est ad. Amet omnis est blanditiis exercitationem rerum qui.', 'Molestiae minus mollitia aut est aut et. Accusamus ea fuga molestiae hic voluptatem ut rem omnis. Aperiam non porro id sapiente laborum cupiditate.', 0, 0, '1985-05-22 10:35:59', '1981-08-17 08:09:36');
INSERT INTO `messages` (`id`, `from_user_id`, `to_user_id`, `message_header`, `message_body`, `is_delivered`, `was_edited`, `created_at`, `updated_at`) VALUES (192, 39, 71, 'Incidunt sit ea necessitatibus. Iure quis autem voluptatem laudantium. Vel esse doloremque ducimus necessitatibus.', 'Inventore veniam autem est molestias perferendis eveniet ea. Mollitia sit odit magnam reiciendis voluptas similique ad. Dolore omnis dicta molestiae dolorem accusantium voluptatem enim. Ducimus non pariatur quia.', 0, 0, '1970-04-20 08:35:34', '1974-12-15 05:33:42');
INSERT INTO `messages` (`id`, `from_user_id`, `to_user_id`, `message_header`, `message_body`, `is_delivered`, `was_edited`, `created_at`, `updated_at`) VALUES (193, 94, 99, 'Sed voluptates ut rem sint suscipit sed. Quidem laudantium nisi qui assumenda et harum. Eos magni modi quas libero. A accusantium id a est nobis.', 'Exercitationem vel quod tempore doloremque. Sunt possimus excepturi labore at nobis. Tenetur qui consectetur voluptatem exercitationem. Et et suscipit reiciendis asperiores ipsam vero.', 0, 0, '2012-04-28 06:13:36', '1971-11-10 17:29:09');
INSERT INTO `messages` (`id`, `from_user_id`, `to_user_id`, `message_header`, `message_body`, `is_delivered`, `was_edited`, `created_at`, `updated_at`) VALUES (194, 56, 5, 'Rerum voluptas nisi harum earum. Est cumque veniam aliquid nihil quas animi. Sint voluptatum eum qui ut. Aliquam fugit eius quas et maiores quia totam.', 'Et praesentium consequatur ad suscipit. Numquam suscipit quo et dicta placeat totam. Et deleniti iure soluta et eum maiores.', 1, 0, '1997-12-12 03:46:00', '2009-08-16 18:48:09');
INSERT INTO `messages` (`id`, `from_user_id`, `to_user_id`, `message_header`, `message_body`, `is_delivered`, `was_edited`, `created_at`, `updated_at`) VALUES (195, 18, 82, 'Consequatur voluptas quae ut corrupti minima ipsa. Harum explicabo cupiditate ratione alias in. Aut amet ut voluptas eos veritatis fuga culpa.', 'Et voluptas impedit error in sit non sunt ut. Sit qui dolorem perferendis perspiciatis necessitatibus sapiente nesciunt excepturi. Quos necessitatibus nostrum est ut.', 1, 0, '1982-05-24 17:20:42', '2014-04-28 13:41:59');
INSERT INTO `messages` (`id`, `from_user_id`, `to_user_id`, `message_header`, `message_body`, `is_delivered`, `was_edited`, `created_at`, `updated_at`) VALUES (196, 97, 16, 'Magni cumque deserunt quia et. Voluptatum minima sint autem non ut. Nihil ut sed inventore. Quisquam numquam est mollitia laudantium non mollitia harum. Et ut nam ut autem excepturi quia.', 'Illum aspernatur omnis maxime voluptatum. Voluptas aspernatur nihil nisi assumenda nostrum odio et.', 0, 0, '1975-10-14 18:23:54', '1993-03-19 03:49:55');
INSERT INTO `messages` (`id`, `from_user_id`, `to_user_id`, `message_header`, `message_body`, `is_delivered`, `was_edited`, `created_at`, `updated_at`) VALUES (197, 81, 28, 'Voluptatem aut ab saepe sed. Asperiores dolor qui deleniti debitis mollitia beatae. Ut iste dolorem dignissimos unde commodi vero ut.', 'In sunt illum eum ex consequatur possimus. Error vero vel in sequi. Nihil omnis aspernatur aut est sint ut.', 1, 0, '2013-05-12 07:10:43', '1992-10-25 12:55:46');
INSERT INTO `messages` (`id`, `from_user_id`, `to_user_id`, `message_header`, `message_body`, `is_delivered`, `was_edited`, `created_at`, `updated_at`) VALUES (198, 48, 2, 'Doloribus et nemo et ipsum. Autem nemo nam quibusdam veniam. Amet molestiae odit minus est.', 'Natus odio pariatur sed vero pariatur reprehenderit. Consequatur dignissimos amet dolor. Debitis eos architecto in. Facilis natus odit modi laudantium aspernatur recusandae dignissimos.', 1, 0, '2011-07-23 10:08:01', '2001-06-16 19:22:47');
INSERT INTO `messages` (`id`, `from_user_id`, `to_user_id`, `message_header`, `message_body`, `is_delivered`, `was_edited`, `created_at`, `updated_at`) VALUES (199, 68, 29, 'Fuga ratione quam vitae minus ullam repudiandae omnis. Sed eius pariatur commodi iure possimus.', 'Sit distinctio reprehenderit dolores cupiditate est. Architecto voluptatibus ut impedit ut qui cum velit. Atque minima velit odio alias dignissimos.', 0, 0, '2003-08-13 01:48:14', '1988-04-04 19:35:52');
INSERT INTO `messages` (`id`, `from_user_id`, `to_user_id`, `message_header`, `message_body`, `is_delivered`, `was_edited`, `created_at`, `updated_at`) VALUES (200, 10, 35, 'Eos ut dignissimos a consequatur nulla autem a. Nihil nisi error sunt quod eos similique. Officiis pariatur quo impedit explicabo nam magnam cum.', 'Consequuntur molestiae suscipit et quos quia voluptatem et. Non ratione repudiandae voluptates quia possimus voluptates architecto. Dolore aliquam repellat rerum quibusdam incidunt sit. Consequatur quis soluta voluptas nihil possimus enim in.', 0, 0, '2004-07-29 21:01:04', '2001-10-13 08:33:43');

INSERT INTO `messages_media` (`message_id`, `media_id`, `created_at`, `updated_at`) VALUES (2, 36, '2010-09-13 21:56:33', '2020-11-14 15:20:30');
INSERT INTO `messages_media` (`message_id`, `media_id`, `created_at`, `updated_at`) VALUES (4, 31, '1998-09-05 11:56:16', '2005-10-08 18:13:16');
INSERT INTO `messages_media` (`message_id`, `media_id`, `created_at`, `updated_at`) VALUES (5, 32, '1995-06-06 03:11:24', '1996-08-17 10:36:23');
INSERT INTO `messages_media` (`message_id`, `media_id`, `created_at`, `updated_at`) VALUES (5, 49, '1982-03-11 08:53:52', '2007-06-25 17:28:58');
INSERT INTO `messages_media` (`message_id`, `media_id`, `created_at`, `updated_at`) VALUES (5, 86, '1978-06-18 23:51:02', '1975-01-24 09:02:51');
INSERT INTO `messages_media` (`message_id`, `media_id`, `created_at`, `updated_at`) VALUES (9, 14, '1987-05-19 14:30:20', '2015-11-28 20:50:45');
INSERT INTO `messages_media` (`message_id`, `media_id`, `created_at`, `updated_at`) VALUES (13, 71, '2006-06-30 07:49:14', '2006-01-02 03:36:30');
INSERT INTO `messages_media` (`message_id`, `media_id`, `created_at`, `updated_at`) VALUES (16, 56, '1983-09-22 02:52:56', '1976-08-09 01:24:02');
INSERT INTO `messages_media` (`message_id`, `media_id`, `created_at`, `updated_at`) VALUES (21, 72, '1991-09-07 14:17:07', '2002-01-29 01:15:43');
INSERT INTO `messages_media` (`message_id`, `media_id`, `created_at`, `updated_at`) VALUES (31, 16, '2017-05-20 20:15:18', '2020-06-10 08:32:37');
INSERT INTO `messages_media` (`message_id`, `media_id`, `created_at`, `updated_at`) VALUES (32, 80, '2005-06-20 01:17:16', '2015-09-02 15:36:54');
INSERT INTO `messages_media` (`message_id`, `media_id`, `created_at`, `updated_at`) VALUES (33, 46, '2012-08-16 11:36:10', '1992-08-03 05:09:26');
INSERT INTO `messages_media` (`message_id`, `media_id`, `created_at`, `updated_at`) VALUES (34, 22, '2011-10-04 14:08:00', '2002-01-31 10:24:25');
INSERT INTO `messages_media` (`message_id`, `media_id`, `created_at`, `updated_at`) VALUES (38, 62, '2018-02-13 05:10:24', '1982-12-22 04:58:29');
INSERT INTO `messages_media` (`message_id`, `media_id`, `created_at`, `updated_at`) VALUES (40, 95, '1981-08-05 08:08:54', '1986-02-22 00:24:09');
INSERT INTO `messages_media` (`message_id`, `media_id`, `created_at`, `updated_at`) VALUES (44, 38, '2006-10-23 21:32:48', '1987-09-27 03:44:32');
INSERT INTO `messages_media` (`message_id`, `media_id`, `created_at`, `updated_at`) VALUES (46, 38, '1989-11-26 04:36:14', '1974-02-15 13:51:20');
INSERT INTO `messages_media` (`message_id`, `media_id`, `created_at`, `updated_at`) VALUES (49, 4, '1999-05-21 05:23:49', '2018-12-15 19:06:10');
INSERT INTO `messages_media` (`message_id`, `media_id`, `created_at`, `updated_at`) VALUES (52, 19, '2004-11-22 05:12:40', '1985-07-17 01:01:38');
INSERT INTO `messages_media` (`message_id`, `media_id`, `created_at`, `updated_at`) VALUES (52, 20, '1972-08-19 08:38:31', '1985-02-22 23:30:53');
INSERT INTO `messages_media` (`message_id`, `media_id`, `created_at`, `updated_at`) VALUES (52, 91, '2002-04-04 07:55:08', '1976-09-11 18:54:30');
INSERT INTO `messages_media` (`message_id`, `media_id`, `created_at`, `updated_at`) VALUES (55, 37, '1988-01-15 01:12:50', '1990-09-24 15:20:21');
INSERT INTO `messages_media` (`message_id`, `media_id`, `created_at`, `updated_at`) VALUES (55, 76, '2019-02-12 18:32:40', '2021-06-04 01:43:36');
INSERT INTO `messages_media` (`message_id`, `media_id`, `created_at`, `updated_at`) VALUES (56, 78, '1974-08-01 09:40:26', '2003-10-06 04:34:53');
INSERT INTO `messages_media` (`message_id`, `media_id`, `created_at`, `updated_at`) VALUES (56, 90, '2003-06-22 20:51:07', '2015-09-22 03:39:41');
INSERT INTO `messages_media` (`message_id`, `media_id`, `created_at`, `updated_at`) VALUES (57, 12, '2003-03-14 14:38:36', '1986-12-19 14:20:29');
INSERT INTO `messages_media` (`message_id`, `media_id`, `created_at`, `updated_at`) VALUES (58, 67, '2006-11-12 10:07:17', '1987-09-23 08:21:02');
INSERT INTO `messages_media` (`message_id`, `media_id`, `created_at`, `updated_at`) VALUES (58, 81, '1985-06-23 20:16:22', '1978-01-15 18:30:22');
INSERT INTO `messages_media` (`message_id`, `media_id`, `created_at`, `updated_at`) VALUES (59, 58, '1995-05-18 18:49:01', '1996-03-26 06:11:58');
INSERT INTO `messages_media` (`message_id`, `media_id`, `created_at`, `updated_at`) VALUES (64, 96, '1986-08-07 03:40:19', '2009-07-06 04:03:21');
INSERT INTO `messages_media` (`message_id`, `media_id`, `created_at`, `updated_at`) VALUES (68, 60, '1981-05-12 02:01:29', '2008-05-28 02:09:39');
INSERT INTO `messages_media` (`message_id`, `media_id`, `created_at`, `updated_at`) VALUES (70, 44, '2001-01-22 06:36:55', '2002-09-28 08:44:38');
INSERT INTO `messages_media` (`message_id`, `media_id`, `created_at`, `updated_at`) VALUES (72, 40, '2001-07-15 21:17:57', '2013-05-13 05:25:48');
INSERT INTO `messages_media` (`message_id`, `media_id`, `created_at`, `updated_at`) VALUES (73, 86, '1992-05-28 23:15:45', '2002-05-28 21:08:55');
INSERT INTO `messages_media` (`message_id`, `media_id`, `created_at`, `updated_at`) VALUES (74, 63, '2013-08-31 11:08:57', '1983-06-21 12:53:55');
INSERT INTO `messages_media` (`message_id`, `media_id`, `created_at`, `updated_at`) VALUES (74, 70, '1988-09-12 02:43:18', '2012-11-05 04:17:43');
INSERT INTO `messages_media` (`message_id`, `media_id`, `created_at`, `updated_at`) VALUES (74, 72, '2009-01-03 00:50:47', '1990-04-17 07:19:54');
INSERT INTO `messages_media` (`message_id`, `media_id`, `created_at`, `updated_at`) VALUES (75, 46, '1977-12-03 06:16:33', '2001-03-31 02:30:06');
INSERT INTO `messages_media` (`message_id`, `media_id`, `created_at`, `updated_at`) VALUES (75, 99, '2005-09-09 08:45:37', '2003-03-07 18:35:59');
INSERT INTO `messages_media` (`message_id`, `media_id`, `created_at`, `updated_at`) VALUES (79, 68, '1988-10-12 10:09:43', '2008-04-04 12:04:55');
INSERT INTO `messages_media` (`message_id`, `media_id`, `created_at`, `updated_at`) VALUES (79, 87, '1978-02-21 18:57:44', '1986-02-06 01:56:37');
INSERT INTO `messages_media` (`message_id`, `media_id`, `created_at`, `updated_at`) VALUES (81, 3, '1985-08-11 21:36:26', '2011-02-13 10:17:44');
INSERT INTO `messages_media` (`message_id`, `media_id`, `created_at`, `updated_at`) VALUES (83, 46, '2002-04-06 00:20:01', '1989-04-17 18:27:22');
INSERT INTO `messages_media` (`message_id`, `media_id`, `created_at`, `updated_at`) VALUES (83, 100, '1998-03-18 01:12:55', '2015-08-09 05:28:05');
INSERT INTO `messages_media` (`message_id`, `media_id`, `created_at`, `updated_at`) VALUES (84, 44, '2001-08-22 18:52:43', '1985-09-30 15:06:35');
INSERT INTO `messages_media` (`message_id`, `media_id`, `created_at`, `updated_at`) VALUES (84, 49, '2004-12-04 22:09:39', '1980-11-18 17:40:47');
INSERT INTO `messages_media` (`message_id`, `media_id`, `created_at`, `updated_at`) VALUES (87, 23, '2001-01-14 14:05:36', '1986-10-13 00:38:32');
INSERT INTO `messages_media` (`message_id`, `media_id`, `created_at`, `updated_at`) VALUES (87, 81, '2012-01-17 01:33:54', '1983-03-20 16:24:06');
INSERT INTO `messages_media` (`message_id`, `media_id`, `created_at`, `updated_at`) VALUES (88, 85, '1970-02-21 03:35:20', '1981-04-17 18:54:57');
INSERT INTO `messages_media` (`message_id`, `media_id`, `created_at`, `updated_at`) VALUES (96, 51, '1991-07-30 15:03:32', '1997-05-31 22:45:28');
INSERT INTO `messages_media` (`message_id`, `media_id`, `created_at`, `updated_at`) VALUES (96, 89, '1991-04-10 18:59:21', '1999-12-12 05:09:26');
INSERT INTO `messages_media` (`message_id`, `media_id`, `created_at`, `updated_at`) VALUES (100, 81, '1998-05-14 20:44:07', '1982-11-16 05:09:42');
INSERT INTO `messages_media` (`message_id`, `media_id`, `created_at`, `updated_at`) VALUES (104, 74, '1987-10-20 03:38:50', '2021-05-05 03:14:20');
INSERT INTO `messages_media` (`message_id`, `media_id`, `created_at`, `updated_at`) VALUES (108, 2, '2010-01-29 02:59:21', '2000-01-03 11:52:33');
INSERT INTO `messages_media` (`message_id`, `media_id`, `created_at`, `updated_at`) VALUES (108, 66, '2012-07-10 21:47:00', '1978-03-22 22:18:54');
INSERT INTO `messages_media` (`message_id`, `media_id`, `created_at`, `updated_at`) VALUES (111, 11, '2021-02-09 21:45:18', '2016-10-26 20:39:29');
INSERT INTO `messages_media` (`message_id`, `media_id`, `created_at`, `updated_at`) VALUES (113, 93, '1994-10-22 19:22:46', '2018-07-27 14:25:06');
INSERT INTO `messages_media` (`message_id`, `media_id`, `created_at`, `updated_at`) VALUES (114, 34, '2001-04-07 01:27:19', '2012-02-16 09:59:37');
INSERT INTO `messages_media` (`message_id`, `media_id`, `created_at`, `updated_at`) VALUES (117, 15, '1978-06-21 12:10:38', '1992-05-11 07:57:41');
INSERT INTO `messages_media` (`message_id`, `media_id`, `created_at`, `updated_at`) VALUES (118, 69, '2011-12-13 10:14:36', '2014-12-10 04:12:46');
INSERT INTO `messages_media` (`message_id`, `media_id`, `created_at`, `updated_at`) VALUES (118, 84, '1970-10-20 01:01:00', '2001-08-13 05:48:21');
INSERT INTO `messages_media` (`message_id`, `media_id`, `created_at`, `updated_at`) VALUES (119, 4, '2001-11-15 09:50:12', '1994-09-08 16:38:23');
INSERT INTO `messages_media` (`message_id`, `media_id`, `created_at`, `updated_at`) VALUES (121, 94, '2002-10-05 22:46:50', '1983-08-13 15:17:59');
INSERT INTO `messages_media` (`message_id`, `media_id`, `created_at`, `updated_at`) VALUES (122, 61, '2008-04-16 15:14:55', '1972-01-15 12:35:25');
INSERT INTO `messages_media` (`message_id`, `media_id`, `created_at`, `updated_at`) VALUES (128, 100, '2000-06-04 06:32:53', '1990-08-15 18:54:55');
INSERT INTO `messages_media` (`message_id`, `media_id`, `created_at`, `updated_at`) VALUES (132, 100, '2001-07-29 03:16:48', '1972-03-25 21:28:50');
INSERT INTO `messages_media` (`message_id`, `media_id`, `created_at`, `updated_at`) VALUES (136, 29, '1993-05-10 19:54:24', '1980-06-18 19:31:01');
INSERT INTO `messages_media` (`message_id`, `media_id`, `created_at`, `updated_at`) VALUES (138, 11, '1988-03-18 07:25:39', '2010-06-14 06:35:27');
INSERT INTO `messages_media` (`message_id`, `media_id`, `created_at`, `updated_at`) VALUES (138, 40, '1994-09-12 21:22:11', '2015-07-17 19:11:33');
INSERT INTO `messages_media` (`message_id`, `media_id`, `created_at`, `updated_at`) VALUES (140, 96, '1989-03-13 19:01:55', '2020-03-15 00:09:48');
INSERT INTO `messages_media` (`message_id`, `media_id`, `created_at`, `updated_at`) VALUES (143, 63, '1980-12-23 20:39:40', '1973-04-25 22:57:13');
INSERT INTO `messages_media` (`message_id`, `media_id`, `created_at`, `updated_at`) VALUES (145, 34, '1989-08-12 13:53:55', '2005-12-09 22:31:17');
INSERT INTO `messages_media` (`message_id`, `media_id`, `created_at`, `updated_at`) VALUES (146, 22, '1974-03-19 01:43:29', '2009-05-12 15:56:28');
INSERT INTO `messages_media` (`message_id`, `media_id`, `created_at`, `updated_at`) VALUES (146, 90, '1979-03-07 01:13:32', '1999-12-14 09:32:11');
INSERT INTO `messages_media` (`message_id`, `media_id`, `created_at`, `updated_at`) VALUES (148, 45, '1989-01-25 19:38:32', '2004-02-03 05:38:04');
INSERT INTO `messages_media` (`message_id`, `media_id`, `created_at`, `updated_at`) VALUES (149, 18, '1997-11-08 11:44:11', '2000-05-30 13:23:18');
INSERT INTO `messages_media` (`message_id`, `media_id`, `created_at`, `updated_at`) VALUES (154, 9, '1989-09-06 10:43:43', '1973-12-10 08:43:22');
INSERT INTO `messages_media` (`message_id`, `media_id`, `created_at`, `updated_at`) VALUES (154, 50, '1999-02-24 06:16:28', '2011-06-27 08:51:09');
INSERT INTO `messages_media` (`message_id`, `media_id`, `created_at`, `updated_at`) VALUES (156, 26, '1999-03-26 13:14:31', '1980-11-05 23:17:45');
INSERT INTO `messages_media` (`message_id`, `media_id`, `created_at`, `updated_at`) VALUES (160, 27, '2002-02-13 05:24:27', '2013-12-11 18:28:37');
INSERT INTO `messages_media` (`message_id`, `media_id`, `created_at`, `updated_at`) VALUES (166, 22, '2011-02-17 21:05:18', '1987-05-05 19:06:09');
INSERT INTO `messages_media` (`message_id`, `media_id`, `created_at`, `updated_at`) VALUES (166, 95, '1981-06-07 10:38:13', '1977-04-23 08:30:28');
INSERT INTO `messages_media` (`message_id`, `media_id`, `created_at`, `updated_at`) VALUES (168, 1, '1975-02-19 05:51:53', '1991-09-13 14:22:46');
INSERT INTO `messages_media` (`message_id`, `media_id`, `created_at`, `updated_at`) VALUES (169, 74, '1985-11-21 18:15:29', '1999-03-13 20:08:38');
INSERT INTO `messages_media` (`message_id`, `media_id`, `created_at`, `updated_at`) VALUES (171, 48, '1972-04-08 08:28:54', '1995-12-18 15:59:16');
INSERT INTO `messages_media` (`message_id`, `media_id`, `created_at`, `updated_at`) VALUES (172, 36, '2018-11-13 14:16:45', '2019-09-27 02:31:42');
INSERT INTO `messages_media` (`message_id`, `media_id`, `created_at`, `updated_at`) VALUES (172, 87, '2018-06-22 13:33:42', '1976-12-23 15:40:10');
INSERT INTO `messages_media` (`message_id`, `media_id`, `created_at`, `updated_at`) VALUES (173, 15, '1972-10-22 11:04:03', '1996-06-13 01:50:51');
INSERT INTO `messages_media` (`message_id`, `media_id`, `created_at`, `updated_at`) VALUES (177, 32, '1980-10-24 07:38:22', '1994-05-12 04:54:18');
INSERT INTO `messages_media` (`message_id`, `media_id`, `created_at`, `updated_at`) VALUES (179, 57, '1985-10-18 17:37:42', '1983-06-09 11:28:02');
INSERT INTO `messages_media` (`message_id`, `media_id`, `created_at`, `updated_at`) VALUES (181, 27, '1980-01-14 08:26:29', '2015-10-06 23:57:07');
INSERT INTO `messages_media` (`message_id`, `media_id`, `created_at`, `updated_at`) VALUES (184, 46, '1985-01-01 21:52:21', '2016-04-10 04:15:52');
INSERT INTO `messages_media` (`message_id`, `media_id`, `created_at`, `updated_at`) VALUES (189, 1, '2018-07-03 07:11:30', '1991-02-21 04:24:54');
INSERT INTO `messages_media` (`message_id`, `media_id`, `created_at`, `updated_at`) VALUES (189, 95, '2020-05-06 12:32:35', '1986-04-29 20:24:54');
INSERT INTO `messages_media` (`message_id`, `media_id`, `created_at`, `updated_at`) VALUES (190, 60, '2010-04-16 04:02:04', '2007-12-03 21:13:37');
INSERT INTO `messages_media` (`message_id`, `media_id`, `created_at`, `updated_at`) VALUES (190, 91, '2014-11-24 00:00:01', '2008-06-15 16:13:46');
INSERT INTO `messages_media` (`message_id`, `media_id`, `created_at`, `updated_at`) VALUES (193, 86, '1985-07-10 14:32:33', '2015-06-14 12:04:10');
INSERT INTO `messages_media` (`message_id`, `media_id`, `created_at`, `updated_at`) VALUES (194, 91, '2021-03-13 21:12:19', '1999-03-16 07:26:54');
INSERT INTO `messages_media` (`message_id`, `media_id`, `created_at`, `updated_at`) VALUES (197, 55, '2005-11-27 00:10:56', '1972-05-06 20:18:56');
INSERT INTO `messages_media` (`message_id`, `media_id`, `created_at`, `updated_at`) VALUES (197, 87, '1979-03-06 03:56:09', '2008-09-30 16:46:06');

INSERT INTO `visibility` (`value`) VALUES (' hidden');
INSERT INTO `visibility` (`value`) VALUES (' private');
INSERT INTO `visibility` (`value`) VALUES ('visible');

INSERT INTO `posts` (`id`, `user_id`, `community_id`, `post_content`, `visibility`, `created_at`, `updated_at`) VALUES (1, NULL, 76, 'quod', ' hidden', '2021-03-17 06:39:49', '1986-01-22 23:44:07');
INSERT INTO `posts` (`id`, `user_id`, `community_id`, `post_content`, `visibility`, `created_at`, `updated_at`) VALUES (2, NULL, 18, 'facere', ' private', '1978-04-23 17:09:42', '2019-01-24 13:28:57');
INSERT INTO `posts` (`id`, `user_id`, `community_id`, `post_content`, `visibility`, `created_at`, `updated_at`) VALUES (3, NULL, 22, 'quasi', 'visible', '1990-10-29 08:27:40', '2013-12-16 18:08:27');
INSERT INTO `posts` (`id`, `user_id`, `community_id`, `post_content`, `visibility`, `created_at`, `updated_at`) VALUES (4, NULL, 90, 'aut', ' hidden', '1989-04-23 17:13:06', '2015-05-20 07:26:45');
INSERT INTO `posts` (`id`, `user_id`, `community_id`, `post_content`, `visibility`, `created_at`, `updated_at`) VALUES (5, NULL, 11, 'expedita', ' private', '2019-06-07 04:43:17', '1991-08-23 08:49:15');
INSERT INTO `posts` (`id`, `user_id`, `community_id`, `post_content`, `visibility`, `created_at`, `updated_at`) VALUES (6, NULL, 32, 'architecto', 'visible', '2020-02-07 00:41:25', '2003-08-25 05:15:34');
INSERT INTO `posts` (`id`, `user_id`, `community_id`, `post_content`, `visibility`, `created_at`, `updated_at`) VALUES (7, NULL, 85, 'repudiandae', ' hidden', '1982-10-04 22:55:44', '1976-10-25 17:55:10');
INSERT INTO `posts` (`id`, `user_id`, `community_id`, `post_content`, `visibility`, `created_at`, `updated_at`) VALUES (8, NULL, 5, 'neque', ' private', '1994-09-02 06:01:15', '1971-05-16 04:57:14');
INSERT INTO `posts` (`id`, `user_id`, `community_id`, `post_content`, `visibility`, `created_at`, `updated_at`) VALUES (9, NULL, 68, 'ut', 'visible', '1970-08-28 21:29:20', '1976-05-21 16:16:51');
INSERT INTO `posts` (`id`, `user_id`, `community_id`, `post_content`, `visibility`, `created_at`, `updated_at`) VALUES (10, NULL, 66, 'in', ' hidden', '1986-05-19 18:08:50', '2008-02-17 07:18:20');
INSERT INTO `posts` (`id`, `user_id`, `community_id`, `post_content`, `visibility`, `created_at`, `updated_at`) VALUES (11, NULL, 94, 'ipsam', ' private', '1971-12-29 09:31:23', '1988-11-09 17:04:11');
INSERT INTO `posts` (`id`, `user_id`, `community_id`, `post_content`, `visibility`, `created_at`, `updated_at`) VALUES (12, NULL, 62, 'nostrum', 'visible', '1988-12-01 23:09:58', '1988-08-22 05:18:34');
INSERT INTO `posts` (`id`, `user_id`, `community_id`, `post_content`, `visibility`, `created_at`, `updated_at`) VALUES (13, NULL, 7, 'ex', ' hidden', '2016-01-08 01:56:34', '2013-08-12 23:52:21');
INSERT INTO `posts` (`id`, `user_id`, `community_id`, `post_content`, `visibility`, `created_at`, `updated_at`) VALUES (14, NULL, 72, 'doloremque', ' private', '2013-03-02 04:57:21', '2020-07-06 03:51:28');
INSERT INTO `posts` (`id`, `user_id`, `community_id`, `post_content`, `visibility`, `created_at`, `updated_at`) VALUES (15, NULL, 45, 'omnis', 'visible', '2014-04-09 20:48:36', '1975-10-10 19:37:53');
INSERT INTO `posts` (`id`, `user_id`, `community_id`, `post_content`, `visibility`, `created_at`, `updated_at`) VALUES (16, NULL, 45, 'quam', ' hidden', '1985-05-11 03:01:47', '2020-04-03 14:37:52');
INSERT INTO `posts` (`id`, `user_id`, `community_id`, `post_content`, `visibility`, `created_at`, `updated_at`) VALUES (17, NULL, 31, 'ut', ' private', '2002-09-15 18:39:38', '1994-02-22 04:01:47');
INSERT INTO `posts` (`id`, `user_id`, `community_id`, `post_content`, `visibility`, `created_at`, `updated_at`) VALUES (18, NULL, 59, 'qui', 'visible', '1974-04-11 03:15:10', '2008-01-19 00:10:34');
INSERT INTO `posts` (`id`, `user_id`, `community_id`, `post_content`, `visibility`, `created_at`, `updated_at`) VALUES (19, NULL, 42, 'recusandae', ' hidden', '1972-06-30 10:28:42', '1996-11-09 18:54:08');
INSERT INTO `posts` (`id`, `user_id`, `community_id`, `post_content`, `visibility`, `created_at`, `updated_at`) VALUES (20, NULL, 92, 'voluptate', ' private', '2017-09-02 05:51:23', '1981-05-18 19:47:36');
INSERT INTO `posts` (`id`, `user_id`, `community_id`, `post_content`, `visibility`, `created_at`, `updated_at`) VALUES (21, NULL, 84, 'officiis', 'visible', '1998-07-09 10:18:00', '1977-08-26 07:51:15');
INSERT INTO `posts` (`id`, `user_id`, `community_id`, `post_content`, `visibility`, `created_at`, `updated_at`) VALUES (22, NULL, 37, 'maiores', ' hidden', '1998-06-09 21:58:35', '1989-12-08 07:03:50');
INSERT INTO `posts` (`id`, `user_id`, `community_id`, `post_content`, `visibility`, `created_at`, `updated_at`) VALUES (23, NULL, 26, 'est', ' private', '2015-07-21 19:52:26', '2000-04-21 22:58:25');
INSERT INTO `posts` (`id`, `user_id`, `community_id`, `post_content`, `visibility`, `created_at`, `updated_at`) VALUES (24, NULL, 28, 'doloribus', 'visible', '2014-03-28 09:05:28', '2014-01-01 02:59:00');
INSERT INTO `posts` (`id`, `user_id`, `community_id`, `post_content`, `visibility`, `created_at`, `updated_at`) VALUES (25, NULL, 84, 'in', ' hidden', '2020-05-04 07:25:05', '1979-09-03 16:33:22');
INSERT INTO `posts` (`id`, `user_id`, `community_id`, `post_content`, `visibility`, `created_at`, `updated_at`) VALUES (26, NULL, 76, 'voluptas', ' private', '1980-04-18 08:10:25', '1989-07-20 00:43:12');
INSERT INTO `posts` (`id`, `user_id`, `community_id`, `post_content`, `visibility`, `created_at`, `updated_at`) VALUES (27, NULL, 66, 'recusandae', 'visible', '2007-04-08 18:17:05', '2012-10-12 21:45:17');
INSERT INTO `posts` (`id`, `user_id`, `community_id`, `post_content`, `visibility`, `created_at`, `updated_at`) VALUES (28, NULL, 19, 'tempore', ' hidden', '2017-10-02 15:04:13', '1977-05-16 03:13:00');
INSERT INTO `posts` (`id`, `user_id`, `community_id`, `post_content`, `visibility`, `created_at`, `updated_at`) VALUES (29, NULL, 31, 'beatae', ' private', '1973-07-26 13:40:12', '2018-04-30 17:45:17');
INSERT INTO `posts` (`id`, `user_id`, `community_id`, `post_content`, `visibility`, `created_at`, `updated_at`) VALUES (30, NULL, 67, 'nihil', 'visible', '1994-04-19 12:08:32', '2005-03-01 08:03:04');
INSERT INTO `posts` (`id`, `user_id`, `community_id`, `post_content`, `visibility`, `created_at`, `updated_at`) VALUES (31, NULL, 26, 'voluptas', ' hidden', '2000-02-11 08:39:02', '2001-03-06 00:46:19');
INSERT INTO `posts` (`id`, `user_id`, `community_id`, `post_content`, `visibility`, `created_at`, `updated_at`) VALUES (32, NULL, 97, 'pariatur', ' private', '1971-08-08 23:19:15', '2012-03-01 09:00:00');
INSERT INTO `posts` (`id`, `user_id`, `community_id`, `post_content`, `visibility`, `created_at`, `updated_at`) VALUES (33, NULL, 73, 'libero', 'visible', '2017-06-04 11:54:00', '2001-01-22 07:05:34');
INSERT INTO `posts` (`id`, `user_id`, `community_id`, `post_content`, `visibility`, `created_at`, `updated_at`) VALUES (34, NULL, 8, 'ut', ' hidden', '1996-11-20 19:34:01', '1992-12-24 23:07:50');
INSERT INTO `posts` (`id`, `user_id`, `community_id`, `post_content`, `visibility`, `created_at`, `updated_at`) VALUES (35, NULL, 4, 'blanditiis', ' private', '2002-06-27 22:26:29', '1982-09-12 00:23:23');
INSERT INTO `posts` (`id`, `user_id`, `community_id`, `post_content`, `visibility`, `created_at`, `updated_at`) VALUES (36, NULL, 66, 'ipsam', 'visible', '1974-08-23 18:03:13', '2013-07-31 15:47:56');
INSERT INTO `posts` (`id`, `user_id`, `community_id`, `post_content`, `visibility`, `created_at`, `updated_at`) VALUES (37, NULL, 23, 'temporibus', ' hidden', '1977-05-16 22:52:45', '2016-10-31 11:05:32');
INSERT INTO `posts` (`id`, `user_id`, `community_id`, `post_content`, `visibility`, `created_at`, `updated_at`) VALUES (38, NULL, 56, 'et', ' private', '1980-09-16 22:10:27', '1973-01-02 07:44:15');
INSERT INTO `posts` (`id`, `user_id`, `community_id`, `post_content`, `visibility`, `created_at`, `updated_at`) VALUES (39, NULL, 44, 'non', 'visible', '2012-08-06 19:32:10', '2013-06-28 05:43:27');
INSERT INTO `posts` (`id`, `user_id`, `community_id`, `post_content`, `visibility`, `created_at`, `updated_at`) VALUES (40, NULL, 41, 'occaecati', ' hidden', '1973-01-21 04:57:18', '2009-12-14 15:12:26');
INSERT INTO `posts` (`id`, `user_id`, `community_id`, `post_content`, `visibility`, `created_at`, `updated_at`) VALUES (41, NULL, 78, 'et', ' private', '1982-08-20 20:34:44', '2000-06-23 04:06:23');
INSERT INTO `posts` (`id`, `user_id`, `community_id`, `post_content`, `visibility`, `created_at`, `updated_at`) VALUES (42, NULL, 5, 'reiciendis', 'visible', '1994-04-02 22:20:51', '2008-11-08 16:37:32');
INSERT INTO `posts` (`id`, `user_id`, `community_id`, `post_content`, `visibility`, `created_at`, `updated_at`) VALUES (43, NULL, 52, 'cupiditate', ' hidden', '1976-05-24 14:13:02', '1991-02-28 05:31:07');
INSERT INTO `posts` (`id`, `user_id`, `community_id`, `post_content`, `visibility`, `created_at`, `updated_at`) VALUES (44, NULL, 15, 'et', ' private', '2007-05-30 21:37:20', '2009-05-23 01:04:22');
INSERT INTO `posts` (`id`, `user_id`, `community_id`, `post_content`, `visibility`, `created_at`, `updated_at`) VALUES (45, NULL, 13, 'exercitationem', 'visible', '2009-01-01 19:48:29', '1986-04-18 01:30:33');
INSERT INTO `posts` (`id`, `user_id`, `community_id`, `post_content`, `visibility`, `created_at`, `updated_at`) VALUES (46, NULL, 59, 'doloremque', ' hidden', '1984-09-03 13:22:28', '1990-07-04 00:17:40');
INSERT INTO `posts` (`id`, `user_id`, `community_id`, `post_content`, `visibility`, `created_at`, `updated_at`) VALUES (47, NULL, 92, 'tempora', ' private', '2021-03-11 20:15:25', '1988-12-07 05:44:54');
INSERT INTO `posts` (`id`, `user_id`, `community_id`, `post_content`, `visibility`, `created_at`, `updated_at`) VALUES (48, NULL, 94, 'id', 'visible', '2017-09-29 18:19:04', '1988-01-27 00:20:22');
INSERT INTO `posts` (`id`, `user_id`, `community_id`, `post_content`, `visibility`, `created_at`, `updated_at`) VALUES (49, NULL, 10, 'aut', ' hidden', '1975-09-02 04:13:56', '2001-05-25 21:45:49');
INSERT INTO `posts` (`id`, `user_id`, `community_id`, `post_content`, `visibility`, `created_at`, `updated_at`) VALUES (50, NULL, 78, 'error', ' private', '1993-12-27 09:12:50', '1980-09-30 08:00:29');
INSERT INTO `posts` (`id`, `user_id`, `community_id`, `post_content`, `visibility`, `created_at`, `updated_at`) VALUES (51, NULL, 1, 'explicabo', 'visible', '2021-06-22 23:17:49', '2021-01-03 11:52:13');
INSERT INTO `posts` (`id`, `user_id`, `community_id`, `post_content`, `visibility`, `created_at`, `updated_at`) VALUES (52, NULL, 1, 'quo', ' hidden', '2021-04-18 06:09:01', '1979-03-24 15:13:45');
INSERT INTO `posts` (`id`, `user_id`, `community_id`, `post_content`, `visibility`, `created_at`, `updated_at`) VALUES (53, NULL, 46, 'iste', ' private', '2006-01-29 23:56:00', '1979-04-08 09:19:28');
INSERT INTO `posts` (`id`, `user_id`, `community_id`, `post_content`, `visibility`, `created_at`, `updated_at`) VALUES (54, NULL, 72, 'qui', 'visible', '2011-10-25 06:07:20', '2000-06-07 13:36:51');
INSERT INTO `posts` (`id`, `user_id`, `community_id`, `post_content`, `visibility`, `created_at`, `updated_at`) VALUES (55, NULL, 40, 'nisi', ' hidden', '2006-01-31 04:03:44', '2009-11-26 23:51:16');
INSERT INTO `posts` (`id`, `user_id`, `community_id`, `post_content`, `visibility`, `created_at`, `updated_at`) VALUES (56, NULL, 17, 'error', ' private', '2005-01-28 00:03:18', '1982-05-09 21:24:56');
INSERT INTO `posts` (`id`, `user_id`, `community_id`, `post_content`, `visibility`, `created_at`, `updated_at`) VALUES (57, NULL, 27, 'aut', 'visible', '2005-04-17 18:07:38', '1976-01-24 06:07:58');
INSERT INTO `posts` (`id`, `user_id`, `community_id`, `post_content`, `visibility`, `created_at`, `updated_at`) VALUES (58, NULL, 60, 'neque', ' hidden', '1976-10-26 15:34:26', '2008-04-01 08:54:24');
INSERT INTO `posts` (`id`, `user_id`, `community_id`, `post_content`, `visibility`, `created_at`, `updated_at`) VALUES (59, NULL, 44, 'nihil', ' private', '1994-05-19 12:43:12', '1972-09-23 08:59:54');
INSERT INTO `posts` (`id`, `user_id`, `community_id`, `post_content`, `visibility`, `created_at`, `updated_at`) VALUES (60, NULL, 62, 'id', 'visible', '1973-11-14 04:27:17', '1993-07-18 04:44:45');
INSERT INTO `posts` (`id`, `user_id`, `community_id`, `post_content`, `visibility`, `created_at`, `updated_at`) VALUES (61, NULL, 55, 'aut', ' hidden', '2012-08-10 09:16:21', '2017-09-17 17:08:26');
INSERT INTO `posts` (`id`, `user_id`, `community_id`, `post_content`, `visibility`, `created_at`, `updated_at`) VALUES (62, NULL, 94, 'quia', ' private', '1999-07-26 05:58:55', '1990-11-06 15:50:14');
INSERT INTO `posts` (`id`, `user_id`, `community_id`, `post_content`, `visibility`, `created_at`, `updated_at`) VALUES (63, NULL, 76, 'iusto', 'visible', '2005-07-23 02:25:14', '1991-11-24 13:11:06');
INSERT INTO `posts` (`id`, `user_id`, `community_id`, `post_content`, `visibility`, `created_at`, `updated_at`) VALUES (64, NULL, 10, 'laboriosam', ' hidden', '1985-11-08 01:04:47', '1998-02-08 10:41:03');
INSERT INTO `posts` (`id`, `user_id`, `community_id`, `post_content`, `visibility`, `created_at`, `updated_at`) VALUES (65, NULL, 89, 'nisi', ' private', '1978-01-02 07:53:46', '1997-05-14 06:33:28');
INSERT INTO `posts` (`id`, `user_id`, `community_id`, `post_content`, `visibility`, `created_at`, `updated_at`) VALUES (66, NULL, 98, 'possimus', 'visible', '2017-05-23 00:37:32', '2011-01-27 06:30:35');
INSERT INTO `posts` (`id`, `user_id`, `community_id`, `post_content`, `visibility`, `created_at`, `updated_at`) VALUES (67, NULL, 30, 'et', ' hidden', '1986-11-14 07:30:59', '2015-07-11 20:06:44');
INSERT INTO `posts` (`id`, `user_id`, `community_id`, `post_content`, `visibility`, `created_at`, `updated_at`) VALUES (68, NULL, 12, 'id', ' private', '1971-11-07 11:32:15', '2008-03-30 17:12:27');
INSERT INTO `posts` (`id`, `user_id`, `community_id`, `post_content`, `visibility`, `created_at`, `updated_at`) VALUES (69, NULL, 54, 'soluta', 'visible', '1987-06-15 02:08:02', '1985-11-11 14:37:33');
INSERT INTO `posts` (`id`, `user_id`, `community_id`, `post_content`, `visibility`, `created_at`, `updated_at`) VALUES (70, NULL, 66, 'nesciunt', ' hidden', '1988-05-13 07:48:49', '2016-03-01 20:51:15');
INSERT INTO `posts` (`id`, `user_id`, `community_id`, `post_content`, `visibility`, `created_at`, `updated_at`) VALUES (71, NULL, 95, 'delectus', ' private', '2000-12-02 19:35:25', '2002-12-16 23:51:37');
INSERT INTO `posts` (`id`, `user_id`, `community_id`, `post_content`, `visibility`, `created_at`, `updated_at`) VALUES (72, NULL, 10, 'voluptatibus', 'visible', '1976-06-04 11:40:43', '1979-05-02 19:29:26');
INSERT INTO `posts` (`id`, `user_id`, `community_id`, `post_content`, `visibility`, `created_at`, `updated_at`) VALUES (73, NULL, 3, 'expedita', ' hidden', '2002-01-12 05:31:02', '1985-12-23 17:24:38');
INSERT INTO `posts` (`id`, `user_id`, `community_id`, `post_content`, `visibility`, `created_at`, `updated_at`) VALUES (74, NULL, 100, 'dolore', ' private', '1975-09-03 22:11:42', '1975-10-17 08:30:47');
INSERT INTO `posts` (`id`, `user_id`, `community_id`, `post_content`, `visibility`, `created_at`, `updated_at`) VALUES (75, NULL, 44, 'nisi', 'visible', '2017-10-18 04:52:01', '2015-05-23 06:52:25');
INSERT INTO `posts` (`id`, `user_id`, `community_id`, `post_content`, `visibility`, `created_at`, `updated_at`) VALUES (76, NULL, 2, 'blanditiis', ' hidden', '2005-11-17 13:12:09', '2011-08-07 23:22:21');
INSERT INTO `posts` (`id`, `user_id`, `community_id`, `post_content`, `visibility`, `created_at`, `updated_at`) VALUES (77, NULL, 81, 'quia', ' private', '2000-02-08 18:00:51', '2010-04-28 15:31:59');
INSERT INTO `posts` (`id`, `user_id`, `community_id`, `post_content`, `visibility`, `created_at`, `updated_at`) VALUES (78, NULL, 44, 'voluptas', 'visible', '2015-12-12 23:21:09', '2001-09-13 00:47:11');
INSERT INTO `posts` (`id`, `user_id`, `community_id`, `post_content`, `visibility`, `created_at`, `updated_at`) VALUES (79, NULL, 83, 'repellat', ' hidden', '2000-09-21 13:51:17', '1991-05-01 13:14:13');
INSERT INTO `posts` (`id`, `user_id`, `community_id`, `post_content`, `visibility`, `created_at`, `updated_at`) VALUES (80, NULL, 41, 'natus', ' private', '2003-03-07 00:01:58', '2009-01-03 22:05:35');
INSERT INTO `posts` (`id`, `user_id`, `community_id`, `post_content`, `visibility`, `created_at`, `updated_at`) VALUES (81, NULL, 40, 'eveniet', 'visible', '2018-12-03 18:22:46', '2015-04-28 10:40:14');
INSERT INTO `posts` (`id`, `user_id`, `community_id`, `post_content`, `visibility`, `created_at`, `updated_at`) VALUES (82, NULL, 60, 'voluptas', ' hidden', '2004-12-30 07:37:20', '2004-12-31 11:35:52');
INSERT INTO `posts` (`id`, `user_id`, `community_id`, `post_content`, `visibility`, `created_at`, `updated_at`) VALUES (83, NULL, 36, 'mollitia', ' private', '1991-05-22 09:14:09', '1987-03-13 04:43:55');
INSERT INTO `posts` (`id`, `user_id`, `community_id`, `post_content`, `visibility`, `created_at`, `updated_at`) VALUES (84, NULL, 46, 'excepturi', 'visible', '1990-08-26 08:03:40', '2009-04-24 12:22:45');
INSERT INTO `posts` (`id`, `user_id`, `community_id`, `post_content`, `visibility`, `created_at`, `updated_at`) VALUES (85, NULL, 54, 'assumenda', ' hidden', '1998-01-21 15:15:27', '1986-03-10 07:04:39');
INSERT INTO `posts` (`id`, `user_id`, `community_id`, `post_content`, `visibility`, `created_at`, `updated_at`) VALUES (86, NULL, 83, 'harum', ' private', '2019-07-29 02:46:33', '2005-02-01 00:20:54');
INSERT INTO `posts` (`id`, `user_id`, `community_id`, `post_content`, `visibility`, `created_at`, `updated_at`) VALUES (87, NULL, 93, 'qui', 'visible', '1996-04-07 20:57:59', '1975-11-13 06:13:12');
INSERT INTO `posts` (`id`, `user_id`, `community_id`, `post_content`, `visibility`, `created_at`, `updated_at`) VALUES (88, NULL, 69, 'quia', ' hidden', '2014-05-02 11:29:30', '2001-11-16 19:55:51');
INSERT INTO `posts` (`id`, `user_id`, `community_id`, `post_content`, `visibility`, `created_at`, `updated_at`) VALUES (89, NULL, 63, 'sunt', ' private', '1970-10-06 04:41:43', '2004-03-04 17:26:08');
INSERT INTO `posts` (`id`, `user_id`, `community_id`, `post_content`, `visibility`, `created_at`, `updated_at`) VALUES (90, NULL, 41, 'sapiente', 'visible', '1990-05-20 11:45:33', '1982-06-14 01:43:00');
INSERT INTO `posts` (`id`, `user_id`, `community_id`, `post_content`, `visibility`, `created_at`, `updated_at`) VALUES (91, NULL, 29, 'et', ' hidden', '2011-12-18 16:39:35', '1972-03-05 07:44:23');
INSERT INTO `posts` (`id`, `user_id`, `community_id`, `post_content`, `visibility`, `created_at`, `updated_at`) VALUES (92, NULL, 4, 'et', ' private', '1986-12-01 10:44:31', '2014-09-09 01:50:11');
INSERT INTO `posts` (`id`, `user_id`, `community_id`, `post_content`, `visibility`, `created_at`, `updated_at`) VALUES (93, NULL, 37, 'autem', 'visible', '1974-06-05 05:22:55', '1985-02-16 04:01:05');
INSERT INTO `posts` (`id`, `user_id`, `community_id`, `post_content`, `visibility`, `created_at`, `updated_at`) VALUES (94, NULL, 65, 'eveniet', ' hidden', '2012-04-18 00:17:03', '1988-04-10 06:43:13');
INSERT INTO `posts` (`id`, `user_id`, `community_id`, `post_content`, `visibility`, `created_at`, `updated_at`) VALUES (95, NULL, 100, 'nihil', ' private', '2007-02-23 20:19:44', '1971-03-28 21:07:13');
INSERT INTO `posts` (`id`, `user_id`, `community_id`, `post_content`, `visibility`, `created_at`, `updated_at`) VALUES (96, NULL, 90, 'ut', 'visible', '1993-03-06 13:51:09', '1975-12-03 09:13:30');
INSERT INTO `posts` (`id`, `user_id`, `community_id`, `post_content`, `visibility`, `created_at`, `updated_at`) VALUES (97, NULL, 44, 'animi', ' hidden', '2015-06-02 09:05:47', '1970-03-17 03:23:29');
INSERT INTO `posts` (`id`, `user_id`, `community_id`, `post_content`, `visibility`, `created_at`, `updated_at`) VALUES (98, NULL, 9, 'provident', ' private', '1999-02-15 17:05:05', '1991-01-01 08:54:29');
INSERT INTO `posts` (`id`, `user_id`, `community_id`, `post_content`, `visibility`, `created_at`, `updated_at`) VALUES (99, NULL, 20, 'vitae', 'visible', '1978-01-01 10:46:51', '2018-06-30 21:14:37');
INSERT INTO `posts` (`id`, `user_id`, `community_id`, `post_content`, `visibility`, `created_at`, `updated_at`) VALUES (100, NULL, 69, 'cum', ' hidden', '2013-09-06 12:51:18', '1986-01-29 03:35:06');

INSERT INTO `posts_media` (`post_id`, `media_id`, `created_at`, `updated_at`) VALUES (2, 6, '1997-05-30 23:00:06', '1990-07-08 16:46:43');
INSERT INTO `posts_media` (`post_id`, `media_id`, `created_at`, `updated_at`) VALUES (2, 64, '1990-06-24 02:24:29', '1986-09-23 01:24:55');
INSERT INTO `posts_media` (`post_id`, `media_id`, `created_at`, `updated_at`) VALUES (3, 14, '1982-02-12 15:19:50', '1997-10-12 07:24:09');
INSERT INTO `posts_media` (`post_id`, `media_id`, `created_at`, `updated_at`) VALUES (3, 75, '1991-03-20 06:09:55', '2013-10-16 21:16:08');
INSERT INTO `posts_media` (`post_id`, `media_id`, `created_at`, `updated_at`) VALUES (4, 29, '1976-04-24 21:22:57', '2019-10-16 11:20:53');
INSERT INTO `posts_media` (`post_id`, `media_id`, `created_at`, `updated_at`) VALUES (7, 2, '1973-02-28 22:14:44', '1971-12-20 04:37:27');
INSERT INTO `posts_media` (`post_id`, `media_id`, `created_at`, `updated_at`) VALUES (8, 65, '1970-02-12 00:39:14', '1974-02-28 23:08:41');
INSERT INTO `posts_media` (`post_id`, `media_id`, `created_at`, `updated_at`) VALUES (9, 73, '1977-10-18 03:26:59', '2015-09-20 16:54:31');
INSERT INTO `posts_media` (`post_id`, `media_id`, `created_at`, `updated_at`) VALUES (9, 91, '1977-05-03 21:28:34', '2003-08-30 04:23:05');
INSERT INTO `posts_media` (`post_id`, `media_id`, `created_at`, `updated_at`) VALUES (10, 27, '2006-03-22 19:30:58', '2021-05-03 09:56:56');
INSERT INTO `posts_media` (`post_id`, `media_id`, `created_at`, `updated_at`) VALUES (11, 2, '1980-05-01 06:46:14', '2013-11-04 17:32:58');
INSERT INTO `posts_media` (`post_id`, `media_id`, `created_at`, `updated_at`) VALUES (11, 85, '2012-01-24 06:59:51', '1999-02-14 09:20:25');
INSERT INTO `posts_media` (`post_id`, `media_id`, `created_at`, `updated_at`) VALUES (12, 16, '2008-06-26 00:05:18', '2018-10-26 08:49:43');
INSERT INTO `posts_media` (`post_id`, `media_id`, `created_at`, `updated_at`) VALUES (12, 28, '1991-11-25 04:19:04', '1992-11-22 19:48:58');
INSERT INTO `posts_media` (`post_id`, `media_id`, `created_at`, `updated_at`) VALUES (12, 31, '2005-03-23 07:22:09', '1971-02-09 22:43:19');
INSERT INTO `posts_media` (`post_id`, `media_id`, `created_at`, `updated_at`) VALUES (12, 74, '2003-05-05 04:26:46', '2017-01-09 08:27:48');
INSERT INTO `posts_media` (`post_id`, `media_id`, `created_at`, `updated_at`) VALUES (12, 86, '1979-08-11 12:18:16', '1971-09-19 14:24:43');
INSERT INTO `posts_media` (`post_id`, `media_id`, `created_at`, `updated_at`) VALUES (13, 9, '1984-02-21 10:05:27', '2014-08-13 13:42:16');
INSERT INTO `posts_media` (`post_id`, `media_id`, `created_at`, `updated_at`) VALUES (13, 51, '2015-09-27 18:53:33', '1998-01-16 07:35:20');
INSERT INTO `posts_media` (`post_id`, `media_id`, `created_at`, `updated_at`) VALUES (14, 6, '1987-10-16 12:22:21', '2002-09-05 17:16:01');
INSERT INTO `posts_media` (`post_id`, `media_id`, `created_at`, `updated_at`) VALUES (15, 33, '2005-02-26 11:43:17', '1985-03-01 07:43:26');
INSERT INTO `posts_media` (`post_id`, `media_id`, `created_at`, `updated_at`) VALUES (16, 47, '1972-03-20 08:11:56', '2009-03-17 22:24:47');
INSERT INTO `posts_media` (`post_id`, `media_id`, `created_at`, `updated_at`) VALUES (17, 7, '2012-02-10 09:44:33', '1997-05-09 13:41:26');
INSERT INTO `posts_media` (`post_id`, `media_id`, `created_at`, `updated_at`) VALUES (17, 22, '2003-02-28 04:53:48', '2017-01-30 21:07:23');
INSERT INTO `posts_media` (`post_id`, `media_id`, `created_at`, `updated_at`) VALUES (18, 11, '1978-08-12 09:39:53', '1987-01-16 16:39:47');
INSERT INTO `posts_media` (`post_id`, `media_id`, `created_at`, `updated_at`) VALUES (20, 30, '1977-10-11 16:58:03', '2001-11-03 20:08:03');
INSERT INTO `posts_media` (`post_id`, `media_id`, `created_at`, `updated_at`) VALUES (20, 66, '1988-01-14 15:48:46', '1979-05-20 18:14:37');
INSERT INTO `posts_media` (`post_id`, `media_id`, `created_at`, `updated_at`) VALUES (21, 53, '1986-10-24 01:08:29', '2021-05-23 19:57:11');
INSERT INTO `posts_media` (`post_id`, `media_id`, `created_at`, `updated_at`) VALUES (23, 53, '1999-03-04 04:35:04', '1990-04-17 06:03:17');
INSERT INTO `posts_media` (`post_id`, `media_id`, `created_at`, `updated_at`) VALUES (24, 36, '1989-04-30 04:03:37', '1990-12-17 12:55:29');
INSERT INTO `posts_media` (`post_id`, `media_id`, `created_at`, `updated_at`) VALUES (25, 49, '2007-04-10 23:33:42', '2003-08-15 11:09:38');
INSERT INTO `posts_media` (`post_id`, `media_id`, `created_at`, `updated_at`) VALUES (29, 60, '1998-06-16 00:06:28', '1999-04-03 16:11:03');
INSERT INTO `posts_media` (`post_id`, `media_id`, `created_at`, `updated_at`) VALUES (33, 26, '1976-04-01 17:21:09', '1995-09-08 20:01:27');
INSERT INTO `posts_media` (`post_id`, `media_id`, `created_at`, `updated_at`) VALUES (36, 13, '1978-05-18 15:03:40', '2000-03-25 16:27:28');
INSERT INTO `posts_media` (`post_id`, `media_id`, `created_at`, `updated_at`) VALUES (36, 14, '1995-12-16 23:13:15', '1991-08-07 01:19:38');
INSERT INTO `posts_media` (`post_id`, `media_id`, `created_at`, `updated_at`) VALUES (37, 48, '1993-08-19 20:03:13', '1994-05-17 16:02:26');
INSERT INTO `posts_media` (`post_id`, `media_id`, `created_at`, `updated_at`) VALUES (37, 77, '1995-09-19 18:26:47', '2011-04-17 21:19:42');
INSERT INTO `posts_media` (`post_id`, `media_id`, `created_at`, `updated_at`) VALUES (38, 100, '2016-03-22 18:28:56', '1982-02-08 18:36:21');
INSERT INTO `posts_media` (`post_id`, `media_id`, `created_at`, `updated_at`) VALUES (39, 42, '2014-09-15 19:17:20', '1972-01-17 06:02:35');
INSERT INTO `posts_media` (`post_id`, `media_id`, `created_at`, `updated_at`) VALUES (39, 75, '1987-08-28 06:50:41', '2019-06-29 17:47:19');
INSERT INTO `posts_media` (`post_id`, `media_id`, `created_at`, `updated_at`) VALUES (40, 60, '2003-08-13 05:48:03', '1999-01-17 23:45:47');
INSERT INTO `posts_media` (`post_id`, `media_id`, `created_at`, `updated_at`) VALUES (41, 83, '1987-10-17 14:41:58', '1989-12-06 13:46:52');
INSERT INTO `posts_media` (`post_id`, `media_id`, `created_at`, `updated_at`) VALUES (43, 29, '1987-07-26 14:44:35', '2008-07-08 00:13:33');
INSERT INTO `posts_media` (`post_id`, `media_id`, `created_at`, `updated_at`) VALUES (43, 31, '2013-02-06 07:50:08', '1973-02-22 09:52:52');
INSERT INTO `posts_media` (`post_id`, `media_id`, `created_at`, `updated_at`) VALUES (43, 88, '1970-03-08 11:53:27', '2004-06-23 08:12:43');
INSERT INTO `posts_media` (`post_id`, `media_id`, `created_at`, `updated_at`) VALUES (45, 57, '1976-06-27 14:15:00', '1997-05-23 15:16:58');
INSERT INTO `posts_media` (`post_id`, `media_id`, `created_at`, `updated_at`) VALUES (46, 12, '2013-04-14 18:34:41', '1986-01-24 20:13:43');
INSERT INTO `posts_media` (`post_id`, `media_id`, `created_at`, `updated_at`) VALUES (46, 77, '1978-07-26 17:20:02', '1991-07-23 04:45:50');
INSERT INTO `posts_media` (`post_id`, `media_id`, `created_at`, `updated_at`) VALUES (48, 65, '2000-05-25 12:29:58', '1973-07-19 23:49:07');
INSERT INTO `posts_media` (`post_id`, `media_id`, `created_at`, `updated_at`) VALUES (49, 73, '1990-12-04 22:42:19', '1989-01-07 20:11:49');
INSERT INTO `posts_media` (`post_id`, `media_id`, `created_at`, `updated_at`) VALUES (51, 6, '1971-05-29 13:18:44', '1981-09-25 19:23:50');
INSERT INTO `posts_media` (`post_id`, `media_id`, `created_at`, `updated_at`) VALUES (51, 68, '1973-05-03 21:36:12', '1999-09-23 23:34:22');
INSERT INTO `posts_media` (`post_id`, `media_id`, `created_at`, `updated_at`) VALUES (53, 1, '1984-01-10 07:30:07', '1989-04-13 12:50:37');
INSERT INTO `posts_media` (`post_id`, `media_id`, `created_at`, `updated_at`) VALUES (54, 72, '1975-04-06 11:16:57', '1987-05-28 19:12:11');
INSERT INTO `posts_media` (`post_id`, `media_id`, `created_at`, `updated_at`) VALUES (55, 35, '2003-07-01 22:31:36', '2005-01-29 00:23:30');
INSERT INTO `posts_media` (`post_id`, `media_id`, `created_at`, `updated_at`) VALUES (56, 19, '1995-03-20 03:31:25', '1971-11-29 09:57:50');
INSERT INTO `posts_media` (`post_id`, `media_id`, `created_at`, `updated_at`) VALUES (58, 17, '1982-05-13 06:31:07', '1982-08-27 03:06:12');
INSERT INTO `posts_media` (`post_id`, `media_id`, `created_at`, `updated_at`) VALUES (58, 19, '1974-05-08 19:24:17', '1985-11-07 09:23:09');
INSERT INTO `posts_media` (`post_id`, `media_id`, `created_at`, `updated_at`) VALUES (58, 25, '1980-03-05 20:17:42', '2005-05-08 03:33:49');
INSERT INTO `posts_media` (`post_id`, `media_id`, `created_at`, `updated_at`) VALUES (61, 10, '2021-03-27 01:31:26', '1994-02-27 06:14:45');
INSERT INTO `posts_media` (`post_id`, `media_id`, `created_at`, `updated_at`) VALUES (65, 7, '2008-11-20 19:54:45', '1974-04-03 15:40:01');
INSERT INTO `posts_media` (`post_id`, `media_id`, `created_at`, `updated_at`) VALUES (65, 63, '2010-08-15 14:15:50', '2000-05-31 02:09:50');
INSERT INTO `posts_media` (`post_id`, `media_id`, `created_at`, `updated_at`) VALUES (66, 61, '1995-09-05 11:28:18', '1997-09-28 06:59:08');
INSERT INTO `posts_media` (`post_id`, `media_id`, `created_at`, `updated_at`) VALUES (68, 19, '1990-08-20 19:26:23', '2015-02-11 23:04:20');
INSERT INTO `posts_media` (`post_id`, `media_id`, `created_at`, `updated_at`) VALUES (68, 22, '2004-05-07 16:56:50', '1979-08-09 08:23:36');
INSERT INTO `posts_media` (`post_id`, `media_id`, `created_at`, `updated_at`) VALUES (68, 54, '2003-10-25 15:44:38', '1995-11-22 10:05:57');
INSERT INTO `posts_media` (`post_id`, `media_id`, `created_at`, `updated_at`) VALUES (70, 79, '1972-11-18 04:14:32', '1996-05-30 03:00:24');
INSERT INTO `posts_media` (`post_id`, `media_id`, `created_at`, `updated_at`) VALUES (73, 92, '1996-07-12 02:10:01', '1985-12-04 22:27:22');
INSERT INTO `posts_media` (`post_id`, `media_id`, `created_at`, `updated_at`) VALUES (74, 10, '1971-08-25 08:57:50', '1990-10-18 22:20:30');
INSERT INTO `posts_media` (`post_id`, `media_id`, `created_at`, `updated_at`) VALUES (74, 24, '2003-10-27 23:36:03', '2013-09-26 04:02:09');
INSERT INTO `posts_media` (`post_id`, `media_id`, `created_at`, `updated_at`) VALUES (74, 92, '1981-12-15 00:45:31', '1982-11-21 20:36:58');
INSERT INTO `posts_media` (`post_id`, `media_id`, `created_at`, `updated_at`) VALUES (75, 2, '2012-06-06 22:51:27', '2014-08-11 19:03:59');
INSERT INTO `posts_media` (`post_id`, `media_id`, `created_at`, `updated_at`) VALUES (75, 52, '1976-03-27 16:49:12', '2011-04-30 17:51:09');
INSERT INTO `posts_media` (`post_id`, `media_id`, `created_at`, `updated_at`) VALUES (75, 80, '1982-01-12 16:49:32', '1976-11-18 08:24:11');
INSERT INTO `posts_media` (`post_id`, `media_id`, `created_at`, `updated_at`) VALUES (77, 8, '2013-09-23 18:00:05', '1999-06-18 02:44:21');
INSERT INTO `posts_media` (`post_id`, `media_id`, `created_at`, `updated_at`) VALUES (80, 11, '1995-12-03 18:36:07', '1982-08-28 01:28:15');
INSERT INTO `posts_media` (`post_id`, `media_id`, `created_at`, `updated_at`) VALUES (80, 49, '1973-10-09 20:16:11', '1980-11-28 16:25:45');
INSERT INTO `posts_media` (`post_id`, `media_id`, `created_at`, `updated_at`) VALUES (81, 38, '1987-06-02 09:14:25', '2018-07-21 18:43:55');
INSERT INTO `posts_media` (`post_id`, `media_id`, `created_at`, `updated_at`) VALUES (82, 20, '2001-05-01 03:37:51', '1991-04-16 21:37:43');
INSERT INTO `posts_media` (`post_id`, `media_id`, `created_at`, `updated_at`) VALUES (84, 86, '2005-07-11 18:45:02', '2014-12-23 11:23:08');
INSERT INTO `posts_media` (`post_id`, `media_id`, `created_at`, `updated_at`) VALUES (86, 55, '2014-12-27 06:39:59', '2011-11-17 10:07:33');
INSERT INTO `posts_media` (`post_id`, `media_id`, `created_at`, `updated_at`) VALUES (86, 91, '1979-04-24 21:48:09', '2000-09-14 22:35:27');
INSERT INTO `posts_media` (`post_id`, `media_id`, `created_at`, `updated_at`) VALUES (87, 5, '1973-02-03 11:45:32', '2013-04-21 17:13:56');
INSERT INTO `posts_media` (`post_id`, `media_id`, `created_at`, `updated_at`) VALUES (88, 14, '1993-12-18 05:02:54', '1993-02-08 23:35:29');
INSERT INTO `posts_media` (`post_id`, `media_id`, `created_at`, `updated_at`) VALUES (88, 35, '2008-11-19 05:57:51', '1995-02-25 09:02:55');
INSERT INTO `posts_media` (`post_id`, `media_id`, `created_at`, `updated_at`) VALUES (88, 45, '1971-01-01 19:38:12', '1982-01-19 06:29:20');
INSERT INTO `posts_media` (`post_id`, `media_id`, `created_at`, `updated_at`) VALUES (89, 8, '1997-12-21 12:41:29', '2005-03-04 13:46:13');
INSERT INTO `posts_media` (`post_id`, `media_id`, `created_at`, `updated_at`) VALUES (89, 38, '1978-07-31 09:28:00', '2006-02-19 07:08:16');
INSERT INTO `posts_media` (`post_id`, `media_id`, `created_at`, `updated_at`) VALUES (90, 96, '2004-01-23 00:52:14', '2004-03-20 07:14:22');
INSERT INTO `posts_media` (`post_id`, `media_id`, `created_at`, `updated_at`) VALUES (91, 25, '1974-08-26 09:59:26', '1982-08-17 10:06:37');
INSERT INTO `posts_media` (`post_id`, `media_id`, `created_at`, `updated_at`) VALUES (91, 29, '2003-12-20 21:09:31', '1984-02-24 00:08:58');
INSERT INTO `posts_media` (`post_id`, `media_id`, `created_at`, `updated_at`) VALUES (91, 30, '1972-01-23 15:17:22', '2015-03-26 12:18:39');
INSERT INTO `posts_media` (`post_id`, `media_id`, `created_at`, `updated_at`) VALUES (91, 70, '1994-01-23 23:23:18', '2018-01-14 02:49:33');
INSERT INTO `posts_media` (`post_id`, `media_id`, `created_at`, `updated_at`) VALUES (92, 53, '1988-05-17 23:46:21', '1990-01-27 19:15:18');
INSERT INTO `posts_media` (`post_id`, `media_id`, `created_at`, `updated_at`) VALUES (93, 96, '2012-04-08 22:20:55', '2020-04-12 16:23:29');
INSERT INTO `posts_media` (`post_id`, `media_id`, `created_at`, `updated_at`) VALUES (96, 44, '2016-06-06 08:26:50', '2002-10-15 15:48:16');
INSERT INTO `posts_media` (`post_id`, `media_id`, `created_at`, `updated_at`) VALUES (98, 3, '2002-07-30 14:34:35', '1979-02-28 18:40:57');
INSERT INTO `posts_media` (`post_id`, `media_id`, `created_at`, `updated_at`) VALUES (98, 64, '1986-11-24 11:55:52', '1984-02-09 02:33:14');
INSERT INTO `posts_media` (`post_id`, `media_id`, `created_at`, `updated_at`) VALUES (99, 94, '2012-08-16 16:32:26', '1970-08-11 02:02:51');
INSERT INTO `posts_media` (`post_id`, `media_id`, `created_at`, `updated_at`) VALUES (100, 30, '2021-02-05 10:31:40', '1994-10-13 11:00:44');

INSERT INTO `profiles` (`id`, `user_id`, `first_name`, `last_name`, `birth_date`, `country`, `city`, `status`, `created_at`, `updated_at`) VALUES (1, 1, 'Fay', 'Konopelski', '2001-05-12', '859217', 'West Tavaresland', 'ONLINE', '2002-02-26 13:23:06', '1997-08-21 17:47:42');
INSERT INTO `profiles` (`id`, `user_id`, `first_name`, `last_name`, `birth_date`, `country`, `city`, `status`, `created_at`, `updated_at`) VALUES (2, 2, 'Vernice', 'Upton', '2007-07-19', '6461', 'Treutelshire', 'ONLINE', '1978-09-11 01:30:55', '1994-11-10 08:12:32');
INSERT INTO `profiles` (`id`, `user_id`, `first_name`, `last_name`, `birth_date`, `country`, `city`, `status`, `created_at`, `updated_at`) VALUES (3, 3, 'Elenor', 'Hettinger', '2000-08-23', '80', 'Melynahaven', 'INACTIVE', '1971-12-28 11:35:29', '1990-10-23 06:47:56');
INSERT INTO `profiles` (`id`, `user_id`, `first_name`, `last_name`, `birth_date`, `country`, `city`, `status`, `created_at`, `updated_at`) VALUES (4, 4, 'Yolanda', 'Jakubowski', '1989-06-12', '1688088', 'Elwinton', 'INACTIVE', '1970-01-02 12:07:08', '1977-08-06 18:28:21');
INSERT INTO `profiles` (`id`, `user_id`, `first_name`, `last_name`, `birth_date`, `country`, `city`, `status`, `created_at`, `updated_at`) VALUES (5, 5, 'Crawford', 'Torphy', '2016-11-29', '6501776', 'Port Ivyville', 'OFFLINE', '1975-09-27 01:23:34', '1986-04-11 04:42:06');
INSERT INTO `profiles` (`id`, `user_id`, `first_name`, `last_name`, `birth_date`, `country`, `city`, `status`, `created_at`, `updated_at`) VALUES (6, 6, 'Ellie', 'Klein', '2013-03-24', '363027678', 'East Minnieborough', 'INACTIVE', '1981-07-21 00:20:15', '1985-03-17 13:19:40');
INSERT INTO `profiles` (`id`, `user_id`, `first_name`, `last_name`, `birth_date`, `country`, `city`, `status`, `created_at`, `updated_at`) VALUES (7, 7, 'Zackery', 'Pollich', '1997-01-23', '278', 'Felicitymouth', 'OFFLINE', '1999-01-09 02:55:01', '1990-05-16 22:46:01');
INSERT INTO `profiles` (`id`, `user_id`, `first_name`, `last_name`, `birth_date`, `country`, `city`, `status`, `created_at`, `updated_at`) VALUES (8, 8, 'Alva', 'Farrell', '1989-04-04', '4833', 'Jennieview', 'OFFLINE', '2012-02-19 05:43:26', '2001-05-16 22:36:12');
INSERT INTO `profiles` (`id`, `user_id`, `first_name`, `last_name`, `birth_date`, `country`, `city`, `status`, `created_at`, `updated_at`) VALUES (9, 9, 'Murl', 'Mosciski', '2005-10-06', '', 'East Dinaview', 'OFFLINE', '1995-01-01 06:39:44', '1998-06-18 20:53:52');
INSERT INTO `profiles` (`id`, `user_id`, `first_name`, `last_name`, `birth_date`, `country`, `city`, `status`, `created_at`, `updated_at`) VALUES (10, 10, 'Pietro', 'Lindgren', '2007-07-24', '987225703', 'Verdatown', 'INACTIVE', '1970-07-11 03:57:55', '1980-03-05 04:16:45');
INSERT INTO `profiles` (`id`, `user_id`, `first_name`, `last_name`, `birth_date`, `country`, `city`, `status`, `created_at`, `updated_at`) VALUES (11, 11, 'Bryon', 'Hermann', '1998-12-05', '28792', 'Gorczanymouth', 'ONLINE', '1989-01-07 14:43:39', '1970-03-03 14:00:54');
INSERT INTO `profiles` (`id`, `user_id`, `first_name`, `last_name`, `birth_date`, `country`, `city`, `status`, `created_at`, `updated_at`) VALUES (12, 12, 'Maximillia', 'Glover', '1997-06-15', '8725043', 'Strosinberg', 'INACTIVE', '2018-10-18 07:55:33', '1970-03-26 15:01:25');
INSERT INTO `profiles` (`id`, `user_id`, `first_name`, `last_name`, `birth_date`, `country`, `city`, `status`, `created_at`, `updated_at`) VALUES (13, 13, 'Stephen', 'Deckow', '2015-02-12', '95', 'Brianamouth', 'INACTIVE', '2017-04-03 16:03:21', '1979-03-03 20:03:55');
INSERT INTO `profiles` (`id`, `user_id`, `first_name`, `last_name`, `birth_date`, `country`, `city`, `status`, `created_at`, `updated_at`) VALUES (14, 14, 'Aglae', 'Runolfsson', '2014-01-25', '', 'Carolineside', 'ONLINE', '2017-06-11 13:49:53', '2020-02-26 06:50:39');
INSERT INTO `profiles` (`id`, `user_id`, `first_name`, `last_name`, `birth_date`, `country`, `city`, `status`, `created_at`, `updated_at`) VALUES (15, 15, 'Aaron', 'Gulgowski', '1994-06-24', '1128', 'Swaniawskichester', 'ONLINE', '1986-10-29 23:54:04', '1978-02-18 02:05:12');
INSERT INTO `profiles` (`id`, `user_id`, `first_name`, `last_name`, `birth_date`, `country`, `city`, `status`, `created_at`, `updated_at`) VALUES (16, 16, 'Jacquelyn', 'Homenick', '1986-06-03', '10802896', 'New Rosalindmouth', 'INACTIVE', '2007-01-20 10:38:19', '2009-06-13 04:28:30');
INSERT INTO `profiles` (`id`, `user_id`, `first_name`, `last_name`, `birth_date`, `country`, `city`, `status`, `created_at`, `updated_at`) VALUES (17, 17, 'Emily', 'Ondricka', '1973-02-28', '5888141', 'Gianniville', 'ONLINE', '2006-01-13 15:07:58', '2000-11-19 13:52:26');
INSERT INTO `profiles` (`id`, `user_id`, `first_name`, `last_name`, `birth_date`, `country`, `city`, `status`, `created_at`, `updated_at`) VALUES (18, 18, 'Rubie', 'Miller', '1982-10-28', '326', 'Lake Lucieville', 'ONLINE', '1970-08-01 10:12:21', '1985-03-27 02:00:36');
INSERT INTO `profiles` (`id`, `user_id`, `first_name`, `last_name`, `birth_date`, `country`, `city`, `status`, `created_at`, `updated_at`) VALUES (19, 19, 'Katlynn', 'Cronin', '1999-03-19', '99', 'Lake Sashahaven', 'ONLINE', '1980-04-28 16:22:45', '2019-07-25 08:54:11');
INSERT INTO `profiles` (`id`, `user_id`, `first_name`, `last_name`, `birth_date`, `country`, `city`, `status`, `created_at`, `updated_at`) VALUES (20, 20, 'Tracy', 'Monahan', '2013-03-18', '4', 'North Magdalenbury', 'OFFLINE', '1999-07-07 10:54:22', '1994-10-02 16:35:31');
INSERT INTO `profiles` (`id`, `user_id`, `first_name`, `last_name`, `birth_date`, `country`, `city`, `status`, `created_at`, `updated_at`) VALUES (21, 21, 'Grayce', 'Turcotte', '1997-06-19', '8722', 'South Regan', 'ONLINE', '2018-03-19 04:52:02', '1985-07-05 06:57:34');
INSERT INTO `profiles` (`id`, `user_id`, `first_name`, `last_name`, `birth_date`, `country`, `city`, `status`, `created_at`, `updated_at`) VALUES (22, 22, 'Cleo', 'Thompson', '1984-05-31', '88579450', 'North Jeniferfurt', 'ONLINE', '2017-04-20 10:37:42', '1982-10-25 10:27:05');
INSERT INTO `profiles` (`id`, `user_id`, `first_name`, `last_name`, `birth_date`, `country`, `city`, `status`, `created_at`, `updated_at`) VALUES (23, 23, 'Elda', 'McKenzie', '2002-06-20', '341027617', 'South Elenorburgh', 'ONLINE', '1989-03-11 08:31:28', '1977-01-22 19:50:25');
INSERT INTO `profiles` (`id`, `user_id`, `first_name`, `last_name`, `birth_date`, `country`, `city`, `status`, `created_at`, `updated_at`) VALUES (24, 24, 'Moses', 'Jenkins', '1980-11-30', '964191', 'Rippinfurt', 'OFFLINE', '1987-05-25 23:12:08', '1976-06-12 02:03:33');
INSERT INTO `profiles` (`id`, `user_id`, `first_name`, `last_name`, `birth_date`, `country`, `city`, `status`, `created_at`, `updated_at`) VALUES (25, 25, 'Fred', 'Dickens', '1993-03-30', '', 'Lake Alekfurt', 'OFFLINE', '1979-05-25 06:22:20', '2007-11-18 19:03:57');
INSERT INTO `profiles` (`id`, `user_id`, `first_name`, `last_name`, `birth_date`, `country`, `city`, `status`, `created_at`, `updated_at`) VALUES (26, 26, 'Isobel', 'Mertz', '1988-12-04', '6429387', 'Lake Milo', 'ONLINE', '2015-02-04 17:00:02', '1973-01-12 22:18:18');
INSERT INTO `profiles` (`id`, `user_id`, `first_name`, `last_name`, `birth_date`, `country`, `city`, `status`, `created_at`, `updated_at`) VALUES (27, 27, 'Leonora', 'Crooks', '2005-08-25', '', 'Stoltenbergfurt', 'INACTIVE', '2005-08-20 14:56:36', '2004-02-19 06:37:44');
INSERT INTO `profiles` (`id`, `user_id`, `first_name`, `last_name`, `birth_date`, `country`, `city`, `status`, `created_at`, `updated_at`) VALUES (28, 28, 'Brendan', 'Zieme', '2020-01-18', '236', 'South Adolfo', 'OFFLINE', '1982-08-20 05:48:06', '1973-04-13 07:20:16');
INSERT INTO `profiles` (`id`, `user_id`, `first_name`, `last_name`, `birth_date`, `country`, `city`, `status`, `created_at`, `updated_at`) VALUES (29, 29, 'Carmela', 'Bode', '2009-07-13', '873', 'Bricefort', 'OFFLINE', '2004-07-14 12:44:09', '2004-04-08 18:51:02');
INSERT INTO `profiles` (`id`, `user_id`, `first_name`, `last_name`, `birth_date`, `country`, `city`, `status`, `created_at`, `updated_at`) VALUES (30, 30, 'Destini', 'Kub', '1986-09-09', '', 'Simonisport', 'INACTIVE', '1993-08-15 11:12:22', '1972-09-02 23:42:04');
INSERT INTO `profiles` (`id`, `user_id`, `first_name`, `last_name`, `birth_date`, `country`, `city`, `status`, `created_at`, `updated_at`) VALUES (31, 31, 'Marquis', 'Abernathy', '1972-07-10', '869336395', 'West Eileen', 'ONLINE', '1993-01-11 17:56:31', '1977-09-04 08:59:27');
INSERT INTO `profiles` (`id`, `user_id`, `first_name`, `last_name`, `birth_date`, `country`, `city`, `status`, `created_at`, `updated_at`) VALUES (32, 32, 'Thurman', 'Turner', '1991-10-11', '', 'Ramiroton', 'ONLINE', '1997-12-01 22:36:29', '1993-10-01 23:31:54');
INSERT INTO `profiles` (`id`, `user_id`, `first_name`, `last_name`, `birth_date`, `country`, `city`, `status`, `created_at`, `updated_at`) VALUES (33, 33, 'Patrick', 'Botsford', '1987-09-20', '890', 'West Sethland', 'ONLINE', '2018-11-18 01:48:16', '2011-04-13 07:54:38');
INSERT INTO `profiles` (`id`, `user_id`, `first_name`, `last_name`, `birth_date`, `country`, `city`, `status`, `created_at`, `updated_at`) VALUES (34, 34, 'Alene', 'Stark', '1984-04-28', '264646358', 'Abbyland', 'OFFLINE', '1996-08-04 09:11:41', '1990-11-26 03:03:06');
INSERT INTO `profiles` (`id`, `user_id`, `first_name`, `last_name`, `birth_date`, `country`, `city`, `status`, `created_at`, `updated_at`) VALUES (35, 35, 'Audie', 'Bogan', '1980-07-15', '5852175', 'West Antwanborough', 'OFFLINE', '2009-01-28 09:06:14', '2015-12-07 18:55:18');
INSERT INTO `profiles` (`id`, `user_id`, `first_name`, `last_name`, `birth_date`, `country`, `city`, `status`, `created_at`, `updated_at`) VALUES (36, 36, 'Newton', 'Will', '1998-10-13', '750954', 'Eddiemouth', 'INACTIVE', '1973-05-06 21:28:31', '2010-11-02 15:34:37');
INSERT INTO `profiles` (`id`, `user_id`, `first_name`, `last_name`, `birth_date`, `country`, `city`, `status`, `created_at`, `updated_at`) VALUES (37, 37, 'Finn', 'Durgan', '2014-10-06', '6165586', 'Port Jack', 'OFFLINE', '1977-01-05 20:58:29', '2016-12-05 14:03:08');
INSERT INTO `profiles` (`id`, `user_id`, `first_name`, `last_name`, `birth_date`, `country`, `city`, `status`, `created_at`, `updated_at`) VALUES (38, 38, 'Harmony', 'Mitchell', '2020-08-10', '1277', 'Milesbury', 'OFFLINE', '1982-03-17 16:59:23', '1984-08-01 17:13:21');
INSERT INTO `profiles` (`id`, `user_id`, `first_name`, `last_name`, `birth_date`, `country`, `city`, `status`, `created_at`, `updated_at`) VALUES (39, 39, 'Jacklyn', 'Miller', '1976-03-03', '', 'Wolffville', 'INACTIVE', '1990-11-08 00:54:45', '2010-01-12 10:36:41');
INSERT INTO `profiles` (`id`, `user_id`, `first_name`, `last_name`, `birth_date`, `country`, `city`, `status`, `created_at`, `updated_at`) VALUES (40, 40, 'Baby', 'Wilkinson', '2013-03-29', '525', 'Xzavierport', 'OFFLINE', '1989-01-31 08:39:01', '1999-03-09 10:42:24');
INSERT INTO `profiles` (`id`, `user_id`, `first_name`, `last_name`, `birth_date`, `country`, `city`, `status`, `created_at`, `updated_at`) VALUES (41, 41, 'Martine', 'Breitenberg', '1991-08-31', '85', 'North Maria', 'INACTIVE', '2010-12-24 03:54:19', '1998-03-15 23:58:06');
INSERT INTO `profiles` (`id`, `user_id`, `first_name`, `last_name`, `birth_date`, `country`, `city`, `status`, `created_at`, `updated_at`) VALUES (42, 42, 'Mauricio', 'Simonis', '1998-09-22', '22738596', 'New Laurynstad', 'OFFLINE', '2005-02-23 02:57:01', '1982-10-15 13:59:07');
INSERT INTO `profiles` (`id`, `user_id`, `first_name`, `last_name`, `birth_date`, `country`, `city`, `status`, `created_at`, `updated_at`) VALUES (43, 43, 'Icie', 'Zboncak', '2014-04-02', '54455', 'Berylstad', 'ONLINE', '1987-09-16 00:08:32', '2014-06-07 04:42:09');
INSERT INTO `profiles` (`id`, `user_id`, `first_name`, `last_name`, `birth_date`, `country`, `city`, `status`, `created_at`, `updated_at`) VALUES (44, 44, 'Ceasar', 'Kertzmann', '1995-07-05', '', 'East Tomas', 'ONLINE', '1991-05-31 21:20:17', '1996-08-11 18:01:57');
INSERT INTO `profiles` (`id`, `user_id`, `first_name`, `last_name`, `birth_date`, `country`, `city`, `status`, `created_at`, `updated_at`) VALUES (45, 45, 'Brenna', 'Lehner', '2001-06-11', '465782875', 'Aftonmouth', 'OFFLINE', '1974-11-16 11:49:16', '2012-01-18 21:04:57');
INSERT INTO `profiles` (`id`, `user_id`, `first_name`, `last_name`, `birth_date`, `country`, `city`, `status`, `created_at`, `updated_at`) VALUES (46, 46, 'Abbie', 'Watsica', '1988-08-11', '9', 'Daughertyfort', 'INACTIVE', '1984-05-16 19:00:36', '2005-11-04 16:48:44');
INSERT INTO `profiles` (`id`, `user_id`, `first_name`, `last_name`, `birth_date`, `country`, `city`, `status`, `created_at`, `updated_at`) VALUES (47, 47, 'Elias', 'Stiedemann', '2010-10-22', '111836', 'Alexiemouth', 'ONLINE', '2004-11-08 14:33:54', '2006-09-16 05:16:41');
INSERT INTO `profiles` (`id`, `user_id`, `first_name`, `last_name`, `birth_date`, `country`, `city`, `status`, `created_at`, `updated_at`) VALUES (48, 48, 'Burnice', 'Botsford', '1978-09-22', '', 'Titusborough', 'OFFLINE', '1981-12-29 23:15:39', '1982-02-22 18:38:47');
INSERT INTO `profiles` (`id`, `user_id`, `first_name`, `last_name`, `birth_date`, `country`, `city`, `status`, `created_at`, `updated_at`) VALUES (49, 49, 'Melvina', 'Donnelly', '1996-11-01', '', 'Omaton', 'OFFLINE', '1979-10-09 21:55:57', '1992-02-01 22:06:28');
INSERT INTO `profiles` (`id`, `user_id`, `first_name`, `last_name`, `birth_date`, `country`, `city`, `status`, `created_at`, `updated_at`) VALUES (50, 50, 'Eric', 'Barrows', '1993-12-28', '4', 'Bayermouth', 'ONLINE', '2002-03-24 16:39:52', '2006-10-23 17:44:20');
INSERT INTO `profiles` (`id`, `user_id`, `first_name`, `last_name`, `birth_date`, `country`, `city`, `status`, `created_at`, `updated_at`) VALUES (51, 51, 'Remington', 'Sipes', '2001-05-11', '5773990', 'New Bennettbury', 'OFFLINE', '1998-09-09 16:04:42', '2006-07-30 21:39:51');
INSERT INTO `profiles` (`id`, `user_id`, `first_name`, `last_name`, `birth_date`, `country`, `city`, `status`, `created_at`, `updated_at`) VALUES (52, 52, 'Mekhi', 'Blick', '1983-11-07', '', 'Fritschbury', 'INACTIVE', '2017-02-03 16:06:59', '1984-10-28 07:17:08');
INSERT INTO `profiles` (`id`, `user_id`, `first_name`, `last_name`, `birth_date`, `country`, `city`, `status`, `created_at`, `updated_at`) VALUES (53, 53, 'Cale', 'Barton', '1990-06-10', '264', 'Powlowskimouth', 'ONLINE', '1987-06-22 13:24:40', '1976-11-08 14:00:06');
INSERT INTO `profiles` (`id`, `user_id`, `first_name`, `last_name`, `birth_date`, `country`, `city`, `status`, `created_at`, `updated_at`) VALUES (54, 54, 'Rose', 'Stamm', '1990-05-02', '19185', 'New Billie', 'INACTIVE', '2000-11-18 23:23:54', '1983-12-22 14:16:57');
INSERT INTO `profiles` (`id`, `user_id`, `first_name`, `last_name`, `birth_date`, `country`, `city`, `status`, `created_at`, `updated_at`) VALUES (55, 55, 'Russell', 'Price', '1989-10-22', '6', 'West Kariburgh', 'OFFLINE', '1972-11-10 20:30:10', '1987-02-24 21:03:44');
INSERT INTO `profiles` (`id`, `user_id`, `first_name`, `last_name`, `birth_date`, `country`, `city`, `status`, `created_at`, `updated_at`) VALUES (56, 56, 'Shad', 'O\'Kon', '1993-03-08', '80686528', 'Carrollburgh', 'OFFLINE', '1977-04-06 19:15:04', '2016-10-30 08:37:45');
INSERT INTO `profiles` (`id`, `user_id`, `first_name`, `last_name`, `birth_date`, `country`, `city`, `status`, `created_at`, `updated_at`) VALUES (57, 57, 'Rozella', 'Wolff', '2009-08-27', '98001046', 'Handburgh', 'ONLINE', '1970-05-30 19:17:00', '2012-08-25 04:04:15');
INSERT INTO `profiles` (`id`, `user_id`, `first_name`, `last_name`, `birth_date`, `country`, `city`, `status`, `created_at`, `updated_at`) VALUES (58, 58, 'Harmony', 'Kuhic', '1992-09-09', '', 'Raynorton', 'OFFLINE', '1996-04-03 03:25:50', '2009-11-13 00:33:43');
INSERT INTO `profiles` (`id`, `user_id`, `first_name`, `last_name`, `birth_date`, `country`, `city`, `status`, `created_at`, `updated_at`) VALUES (59, 59, 'Matilde', 'Predovic', '2012-03-08', '2614', 'Sibylfurt', 'ONLINE', '2013-04-10 00:45:09', '1985-05-08 18:03:45');
INSERT INTO `profiles` (`id`, `user_id`, `first_name`, `last_name`, `birth_date`, `country`, `city`, `status`, `created_at`, `updated_at`) VALUES (60, 60, 'Raphael', 'Lynch', '2003-09-25', '2', 'New Leta', 'ONLINE', '1982-12-17 01:33:40', '1981-05-14 14:43:58');
INSERT INTO `profiles` (`id`, `user_id`, `first_name`, `last_name`, `birth_date`, `country`, `city`, `status`, `created_at`, `updated_at`) VALUES (61, 61, 'Zack', 'Braun', '1986-06-27', '373816', 'Tierramouth', 'ONLINE', '1976-07-04 05:21:33', '2004-06-12 11:44:30');
INSERT INTO `profiles` (`id`, `user_id`, `first_name`, `last_name`, `birth_date`, `country`, `city`, `status`, `created_at`, `updated_at`) VALUES (62, 62, 'Arden', 'D\'Amore', '2015-07-19', '', 'East Carmenside', 'INACTIVE', '1971-03-31 12:42:52', '1999-07-03 07:14:21');
INSERT INTO `profiles` (`id`, `user_id`, `first_name`, `last_name`, `birth_date`, `country`, `city`, `status`, `created_at`, `updated_at`) VALUES (63, 63, 'Constance', 'McGlynn', '1996-02-02', '9768', 'Feilview', 'ONLINE', '1994-11-21 14:58:48', '1984-08-12 22:09:54');
INSERT INTO `profiles` (`id`, `user_id`, `first_name`, `last_name`, `birth_date`, `country`, `city`, `status`, `created_at`, `updated_at`) VALUES (64, 64, 'Lolita', 'Collier', '1970-02-01', '', 'South Ramon', 'ONLINE', '2021-01-25 13:55:42', '1982-10-26 15:55:04');
INSERT INTO `profiles` (`id`, `user_id`, `first_name`, `last_name`, `birth_date`, `country`, `city`, `status`, `created_at`, `updated_at`) VALUES (65, 65, 'Malvina', 'Skiles', '1998-08-15', '', 'Eloyville', 'OFFLINE', '2020-05-26 00:02:31', '1988-04-29 11:58:04');
INSERT INTO `profiles` (`id`, `user_id`, `first_name`, `last_name`, `birth_date`, `country`, `city`, `status`, `created_at`, `updated_at`) VALUES (66, 66, 'Sarina', 'Von', '2020-08-10', '29', 'West Alfordmouth', 'OFFLINE', '1996-12-26 11:11:18', '1982-10-16 08:07:56');
INSERT INTO `profiles` (`id`, `user_id`, `first_name`, `last_name`, `birth_date`, `country`, `city`, `status`, `created_at`, `updated_at`) VALUES (67, 67, 'Weldon', 'Kautzer', '1995-05-03', '178166', 'Lake Zackerystad', 'ONLINE', '1973-12-12 20:31:31', '1979-05-25 01:34:03');
INSERT INTO `profiles` (`id`, `user_id`, `first_name`, `last_name`, `birth_date`, `country`, `city`, `status`, `created_at`, `updated_at`) VALUES (68, 68, 'Treva', 'Treutel', '1996-12-17', '3', 'Port Toreyland', 'INACTIVE', '1986-11-12 19:45:06', '1981-09-30 10:22:15');
INSERT INTO `profiles` (`id`, `user_id`, `first_name`, `last_name`, `birth_date`, `country`, `city`, `status`, `created_at`, `updated_at`) VALUES (69, 69, 'Travis', 'Beier', '1974-05-22', '3131', 'Nettieburgh', 'OFFLINE', '1994-05-04 01:43:38', '1980-10-02 08:54:26');
INSERT INTO `profiles` (`id`, `user_id`, `first_name`, `last_name`, `birth_date`, `country`, `city`, `status`, `created_at`, `updated_at`) VALUES (70, 70, 'Cynthia', 'Runte', '1996-11-07', '674084862', 'Kirlinburgh', 'OFFLINE', '1974-04-13 12:05:49', '1996-11-01 10:01:43');
INSERT INTO `profiles` (`id`, `user_id`, `first_name`, `last_name`, `birth_date`, `country`, `city`, `status`, `created_at`, `updated_at`) VALUES (71, 71, 'Alvis', 'Littel', '2019-01-20', '60030786', 'North Mazie', 'ONLINE', '1993-10-06 11:08:02', '2002-02-06 03:05:47');
INSERT INTO `profiles` (`id`, `user_id`, `first_name`, `last_name`, `birth_date`, `country`, `city`, `status`, `created_at`, `updated_at`) VALUES (72, 72, 'Monserrate', 'Windler', '1995-07-06', '40', 'Elissaview', 'INACTIVE', '1988-10-31 04:44:45', '2015-01-28 01:41:08');
INSERT INTO `profiles` (`id`, `user_id`, `first_name`, `last_name`, `birth_date`, `country`, `city`, `status`, `created_at`, `updated_at`) VALUES (73, 73, 'Glenda', 'McCullough', '1995-08-12', '2', 'Morissetteport', 'INACTIVE', '1978-10-16 09:06:29', '2001-08-27 00:07:05');
INSERT INTO `profiles` (`id`, `user_id`, `first_name`, `last_name`, `birth_date`, `country`, `city`, `status`, `created_at`, `updated_at`) VALUES (74, 74, 'Henri', 'Heaney', '2020-03-06', '67067527', 'Corwinborough', 'OFFLINE', '2010-05-07 04:07:46', '2019-04-28 21:06:39');
INSERT INTO `profiles` (`id`, `user_id`, `first_name`, `last_name`, `birth_date`, `country`, `city`, `status`, `created_at`, `updated_at`) VALUES (75, 75, 'Lilyan', 'Nikolaus', '2019-04-26', '6572', 'Sheamouth', 'ONLINE', '2007-01-04 00:38:22', '1986-04-30 05:32:06');
INSERT INTO `profiles` (`id`, `user_id`, `first_name`, `last_name`, `birth_date`, `country`, `city`, `status`, `created_at`, `updated_at`) VALUES (76, 76, 'Damon', 'Shields', '2007-07-14', '10717', 'Lake Queenland', 'ONLINE', '2020-06-17 06:41:09', '2005-04-27 08:03:50');
INSERT INTO `profiles` (`id`, `user_id`, `first_name`, `last_name`, `birth_date`, `country`, `city`, `status`, `created_at`, `updated_at`) VALUES (77, 77, 'Rickie', 'Baumbach', '1985-07-28', '33274', 'Schinnerfurt', 'OFFLINE', '1992-03-09 13:04:57', '2000-11-08 19:57:36');
INSERT INTO `profiles` (`id`, `user_id`, `first_name`, `last_name`, `birth_date`, `country`, `city`, `status`, `created_at`, `updated_at`) VALUES (78, 78, 'Anika', 'Rippin', '1995-01-21', '453879638', 'Enolaberg', 'INACTIVE', '1994-11-28 01:32:28', '2007-03-17 06:43:13');
INSERT INTO `profiles` (`id`, `user_id`, `first_name`, `last_name`, `birth_date`, `country`, `city`, `status`, `created_at`, `updated_at`) VALUES (79, 79, 'Ben', 'Ondricka', '1985-12-08', '8820', 'Rippinfurt', 'INACTIVE', '1998-11-16 10:42:02', '2002-11-06 22:49:48');
INSERT INTO `profiles` (`id`, `user_id`, `first_name`, `last_name`, `birth_date`, `country`, `city`, `status`, `created_at`, `updated_at`) VALUES (80, 80, 'Danny', 'Gerhold', '1975-08-11', '3723840', 'Tremblayville', 'OFFLINE', '1982-01-21 13:11:58', '1970-08-23 23:44:59');
INSERT INTO `profiles` (`id`, `user_id`, `first_name`, `last_name`, `birth_date`, `country`, `city`, `status`, `created_at`, `updated_at`) VALUES (81, 81, 'Saul', 'Dooley', '2020-01-02', '12', 'North Maryjanemouth', 'ONLINE', '1996-02-29 09:45:10', '1977-02-10 03:07:45');
INSERT INTO `profiles` (`id`, `user_id`, `first_name`, `last_name`, `birth_date`, `country`, `city`, `status`, `created_at`, `updated_at`) VALUES (82, 82, 'Anastasia', 'Hayes', '1982-07-23', '383982', 'Port Lloyd', 'OFFLINE', '1970-08-16 17:08:12', '1977-08-20 05:29:05');
INSERT INTO `profiles` (`id`, `user_id`, `first_name`, `last_name`, `birth_date`, `country`, `city`, `status`, `created_at`, `updated_at`) VALUES (83, 83, 'Fredy', 'Bailey', '2008-06-29', '450', 'Port Brandon', 'OFFLINE', '2020-06-17 06:43:34', '1979-04-26 10:14:05');
INSERT INTO `profiles` (`id`, `user_id`, `first_name`, `last_name`, `birth_date`, `country`, `city`, `status`, `created_at`, `updated_at`) VALUES (84, 84, 'Lura', 'Littel', '2015-04-02', '306530', 'Port Pearlieland', 'OFFLINE', '2000-02-19 02:46:43', '2000-02-22 16:33:09');
INSERT INTO `profiles` (`id`, `user_id`, `first_name`, `last_name`, `birth_date`, `country`, `city`, `status`, `created_at`, `updated_at`) VALUES (85, 85, 'Leonora', 'Cummings', '1974-02-20', '372', 'Simeonhaven', 'INACTIVE', '1984-10-12 15:11:23', '1990-09-20 05:21:37');
INSERT INTO `profiles` (`id`, `user_id`, `first_name`, `last_name`, `birth_date`, `country`, `city`, `status`, `created_at`, `updated_at`) VALUES (86, 86, 'Curtis', 'Hudson', '2019-10-13', '905895', 'Spencerville', 'OFFLINE', '1970-05-04 21:51:43', '1997-12-15 06:59:35');
INSERT INTO `profiles` (`id`, `user_id`, `first_name`, `last_name`, `birth_date`, `country`, `city`, `status`, `created_at`, `updated_at`) VALUES (87, 87, 'Lora', 'Bergstrom', '2021-05-20', '877', 'Champlinfort', 'OFFLINE', '2002-07-16 04:24:15', '1982-09-02 13:05:23');
INSERT INTO `profiles` (`id`, `user_id`, `first_name`, `last_name`, `birth_date`, `country`, `city`, `status`, `created_at`, `updated_at`) VALUES (88, 88, 'Eve', 'Moen', '2019-10-15', '592116727', 'Williamview', 'ONLINE', '1987-02-01 18:09:27', '2010-02-20 05:25:59');
INSERT INTO `profiles` (`id`, `user_id`, `first_name`, `last_name`, `birth_date`, `country`, `city`, `status`, `created_at`, `updated_at`) VALUES (89, 89, 'Mellie', 'Stoltenberg', '2012-07-19', '7', 'Port Eloise', 'ONLINE', '2013-11-16 02:23:48', '1970-09-03 19:20:26');
INSERT INTO `profiles` (`id`, `user_id`, `first_name`, `last_name`, `birth_date`, `country`, `city`, `status`, `created_at`, `updated_at`) VALUES (90, 90, 'Josie', 'Stroman', '2010-12-05', '3', 'North Lauriane', 'ONLINE', '2019-08-09 19:05:07', '1990-07-28 14:55:02');
INSERT INTO `profiles` (`id`, `user_id`, `first_name`, `last_name`, `birth_date`, `country`, `city`, `status`, `created_at`, `updated_at`) VALUES (91, 91, 'Eve', 'Greenholt', '2020-01-11', '776270490', 'Hellerburgh', 'ONLINE', '2011-03-19 06:15:48', '2010-02-25 13:14:58');
INSERT INTO `profiles` (`id`, `user_id`, `first_name`, `last_name`, `birth_date`, `country`, `city`, `status`, `created_at`, `updated_at`) VALUES (92, 92, 'Fern', 'Bednar', '1996-09-05', '275233', 'North Delmerland', 'INACTIVE', '2016-03-07 09:30:39', '1970-01-31 05:02:21');
INSERT INTO `profiles` (`id`, `user_id`, `first_name`, `last_name`, `birth_date`, `country`, `city`, `status`, `created_at`, `updated_at`) VALUES (93, 93, 'Audrey', 'Reinger', '1990-11-08', '57280637', 'Gilbertofurt', 'INACTIVE', '1984-03-04 17:25:53', '1988-05-25 17:27:49');
INSERT INTO `profiles` (`id`, `user_id`, `first_name`, `last_name`, `birth_date`, `country`, `city`, `status`, `created_at`, `updated_at`) VALUES (94, 94, 'Jerod', 'Sauer', '2015-01-01', '9591', 'Dachbury', 'INACTIVE', '2013-02-03 22:08:13', '1995-10-23 02:41:35');
INSERT INTO `profiles` (`id`, `user_id`, `first_name`, `last_name`, `birth_date`, `country`, `city`, `status`, `created_at`, `updated_at`) VALUES (95, 95, 'Sydnee', 'Spencer', '2017-10-04', '11', 'New Grover', 'INACTIVE', '1980-10-20 16:22:09', '1987-10-11 02:24:05');
INSERT INTO `profiles` (`id`, `user_id`, `first_name`, `last_name`, `birth_date`, `country`, `city`, `status`, `created_at`, `updated_at`) VALUES (96, 96, 'Marlene', 'Bechtelar', '1988-04-29', '852183082', 'New Sydneyton', 'OFFLINE', '1972-05-21 20:01:47', '1975-10-07 01:51:52');
INSERT INTO `profiles` (`id`, `user_id`, `first_name`, `last_name`, `birth_date`, `country`, `city`, `status`, `created_at`, `updated_at`) VALUES (97, 97, 'Yvonne', 'Wuckert', '2003-06-03', '11864658', 'Heidenreichland', 'ONLINE', '2000-09-05 17:03:39', '1980-07-10 20:13:10');
INSERT INTO `profiles` (`id`, `user_id`, `first_name`, `last_name`, `birth_date`, `country`, `city`, `status`, `created_at`, `updated_at`) VALUES (98, 98, 'Thea', 'Prohaska', '1984-12-27', '40', 'North Anastasiafurt', 'ONLINE', '1988-07-26 02:32:34', '2010-10-31 23:11:30');
INSERT INTO `profiles` (`id`, `user_id`, `first_name`, `last_name`, `birth_date`, `country`, `city`, `status`, `created_at`, `updated_at`) VALUES (99, 99, 'Berta', 'Hessel', '2011-11-17', '6312491', 'South Dustymouth', 'ONLINE', '2011-10-24 11:53:11', '1971-05-07 15:13:41');
INSERT INTO `profiles` (`id`, `user_id`, `first_name`, `last_name`, `birth_date`, `country`, `city`, `status`, `created_at`, `updated_at`) VALUES (100, 100, 'Daphnee', 'Hoppe', '2013-07-19', '11', 'West Theo', 'ONLINE', '1999-10-21 16:45:52', '2001-02-06 12:45:14');

